2026/09/17 23:22:02.205, 3.37 W, 0 %, 41, 0x0000000000000001
2026/09/17 23:22:03.236, 3.40 W, 0 %, 41, 0x0000000000000000
2026/09/17 23:22:04.252, 21.26 W, 0 %, 42, 0x0000000000000000
2026/09/17 23:22:05.268, 25.11 W, 13 %, 42, 0x0000000000000000
2026/09/17 23:22:06.281, 30.19 W, 3 %, 44, 0x0000000000000000
2026/09/17 23:22:07.294, 21.33 W, 0 %, 43, 0x0000000000000000
2026/09/17 23:22:08.307, 21.43 W, 0 %, 43, 0x0000000000000000
2026/09/17 23:22:09.324, 50.83 W, 39 %, 46, 0x0000000000000000
2026/09/17 23:22:10.336, 49.63 W, 100 %, 47, 0x0000000000000000
2026/09/17 23:22:11.350, 50.65 W, 98 %, 47, 0x0000000000000000
2026/09/17 23:22:12.363, 75.35 W, 92 %, 49, 0x0000000000000004
2026/09/17 23:22:13.366, 79.78 W, 85 %, 50, 0x0000000000000004
2026/09/17 23:22:14.369, 50.36 W, 88 %, 49, 0x0000000000000000
2026/09/17 23:22:15.381, 79.53 W, 91 %, 52, 0x0000000000000004
2026/09/17 23:22:16.384, 30.16 W, 4 %, 47, 0x0000000000000000
2026/09/17 23:22:17.396, 21.64 W, 0 %, 46, 0x0000000000000000
2026/09/17 23:22:18.411, 21.57 W, 0 %, 45, 0x0000000000000000
2026/09/17 23:22:19.426, 21.67 W, 0 %, 45, 0x0000000000000000
2026/09/17 23:22:20.441, 50.23 W, 19 %, 46, 0x0000000000000000
2026/09/17 23:22:21.454, 79.92 W, 95 %, 51, 0x0000000000000004
2026/09/17 23:22:22.457, 30.02 W, 63 %, 48, 0x0000000000000000
2026/09/17 23:22:23.469, 30.03 W, 0 %, 47, 0x0000000000000000
2026/09/17 23:22:24.483, 21.65 W, 0 %, 46, 0x0000000000000000
2026/09/17 23:22:25.497, 21.65 W, 0 %, 46, 0x0000000000000000
2026/09/17 23:22:26.513, 21.68 W, 0 %, 46, 0x0000000000000000
2026/09/17 23:22:27.527, 21.57 W, 0 %, 46, 0x0000000000000000
2026/09/17 23:22:28.543, 21.63 W, 0 %, 46, 0x0000000000000000
2026/09/17 23:22:29.557, 21.64 W, 0 %, 46, 0x0000000000000000
2026/09/17 23:22:30.573, 21.69 W, 0 %, 46, 0x0000000000000000
2026/09/17 23:22:31.586, 21.65 W, 0 %, 46, 0x0000000000000000
2026/09/17 23:22:32.601, 21.64 W, 0 %, 46, 0x0000000000000000
2026/09/17 23:22:33.614, 21.57 W, 0 %, 46, 0x0000000000000000
2026/09/17 23:22:34.629, 80.67 W, 58 %, 52, 0x0000000000000004
2026/09/17 23:22:35.633, 30.11 W, 35 %, 48, 0x0000000000000000
2026/09/17 23:22:36.646, 26.50 W, 0 %, 48, 0x0000000000000000
2026/09/17 23:22:37.662, 21.78 W, 0 %, 47, 0x0000000000000000
2026/09/17 23:22:38.676, 21.69 W, 0 %, 47, 0x0000000000000000
2026/09/17 23:22:39.693, 21.70 W, 0 %, 47, 0x0000000000000000
2026/09/17 23:22:40.707, 21.74 W, 0 %, 47, 0x0000000000000000
2026/09/17 23:22:41.720, 21.91 W, 0 %, 47, 0x0000000000000000
2026/09/17 23:22:42.735, 21.73 W, 0 %, 47, 0x0000000000000000
2026/09/17 23:22:43.750, 21.76 W, 0 %, 47, 0x0000000000000000
2026/09/17 23:22:44.765, 21.76 W, 0 %, 47, 0x0000000000000000
2026/09/17 23:22:45.779, 21.73 W, 0 %, 47, 0x0000000000000000
2026/09/17 23:22:46.797, 51.37 W, 40 %, 50, 0x0000000000000000
2026/09/17 23:22:47.810, 51.30 W, 99 %, 50, 0x0000000000000000
2026/09/17 23:22:48.824, 51.42 W, 99 %, 51, 0x0000000000000000
2026/09/17 23:22:49.837, 79.57 W, 96 %, 54, 0x0000000000000004
2026/09/17 23:22:50.840, 51.17 W, 92 %, 51, 0x0000000000000000
2026/09/17 23:22:51.853, 58.17 W, 100 %, 52, 0x0000000000000000
2026/09/17 23:22:52.866, 51.55 W, 98 %, 52, 0x0000000000000004
2026/09/17 23:22:53.869, 51.22 W, 88 %, 53, 0x0000000000000000
2026/09/17 23:22:54.882, 77.22 W, 88 %, 55, 0x0000000000000004
2026/09/17 23:22:55.885, 30.37 W, 83 %, 52, 0x0000000000000000
2026/09/17 23:22:56.897, 30.77 W, 13 %, 51, 0x0000000000000000
2026/09/17 23:22:57.911, 22.10 W, 0 %, 50, 0x0000000000000000
2026/09/17 23:22:58.926, 22.09 W, 0 %, 49, 0x0000000000000000
2026/09/17 23:22:59.941, 22.04 W, 0 %, 49, 0x0000000000000000
2026/09/17 23:23:00.955, 22.08 W, 0 %, 49, 0x0000000000000000
2026/09/17 23:23:01.970, 22.00 W, 0 %, 49, 0x0000000000000000
2026/09/17 23:23:02.984, 22.01 W, 0 %, 49, 0x0000000000000000
2026/09/17 23:23:03.999, 22.11 W, 0 %, 49, 0x0000000000000000
2026/09/17 23:23:05.013, 22.07 W, 0 %, 49, 0x0000000000000000
2026/09/17 23:23:06.027, 22.07 W, 0 %, 49, 0x0000000000000000
2026/09/17 23:23:07.041, 22.07 W, 0 %, 49, 0x0000000000000000
2026/09/17 23:23:08.056, 22.05 W, 0 %, 49, 0x0000000000000000
2026/09/17 23:23:09.070, 22.07 W, 0 %, 49, 0x0000000000000000
2026/09/17 23:23:10.084, 22.06 W, 0 %, 49, 0x0000000000000000
2026/09/17 23:23:11.099, 22.03 W, 0 %, 49, 0x0000000000000000
2026/09/17 23:23:12.112, 21.95 W, 0 %, 49, 0x0000000000000000
2026/09/17 23:23:13.128, 3.67 W, 0 %, 47, 0x0000000000000001
2026/09/17 23:23:14.153, 51.79 W, 0 %, 50, 0x0000000000000000
2026/09/17 23:23:15.165, 79.66 W, 95 %, 54, 0x0000000000000004
2026/09/17 23:23:16.169, 30.97 W, 88 %, 52, 0x0000000000000000
2026/09/17 23:23:17.181, 51.25 W, 49 %, 53, 0x0000000000000000
2026/09/17 23:23:18.196, 79.17 W, 97 %, 53, 0x0000000000000004
2026/09/17 23:23:19.199, 77.65 W, 88 %, 56, 0x0000000000000004
2026/09/17 23:23:20.205, 31.20 W, 77 %, 52, 0x0000000000000000
2026/09/17 23:23:21.218, 31.16 W, 0 %, 52, 0x0000000000000000
2026/09/17 23:23:22.230, 22.25 W, 0 %, 50, 0x0000000000000000
2026/09/17 23:23:23.243, 22.23 W, 0 %, 50, 0x0000000000000000
2026/09/17 23:23:24.257, 22.21 W, 0 %, 50, 0x0000000000000000
2026/09/17 23:23:25.272, 22.16 W, 0 %, 50, 0x0000000000000000
2026/09/17 23:23:26.286, 22.18 W, 0 %, 50, 0x0000000000000000
2026/09/17 23:23:27.301, 22.23 W, 0 %, 50, 0x0000000000000000
2026/09/17 23:23:28.316, 22.13 W, 0 %, 50, 0x0000000000000000
2026/09/17 23:23:29.330, 22.10 W, 0 %, 50, 0x0000000000000000
2026/09/17 23:23:30.345, 22.10 W, 0 %, 50, 0x0000000000000000
2026/09/17 23:23:31.358, 22.08 W, 0 %, 50, 0x0000000000000000
2026/09/17 23:23:32.374, 22.07 W, 0 %, 49, 0x0000000000000000
2026/09/17 23:23:33.390, 22.12 W, 0 %, 49, 0x0000000000000000
2026/09/17 23:23:34.405, 22.02 W, 0 %, 49, 0x0000000000000000
2026/09/17 23:23:35.418, 22.05 W, 0 %, 49, 0x0000000000000000
2026/09/17 23:23:36.432, 11.40 W, 0 %, 49, 0x0000000000000001
2026/09/17 23:23:37.466, 29.46 W, 0 %, 48, 0x0000000000000000
2026/09/17 23:23:38.480, 65.34 W, 29 %, 53, 0x0000000000000004
2026/09/17 23:23:39.483, 75.49 W, 93 %, 56, 0x0000000000000004
2026/09/17 23:23:40.487, 57.68 W, 85 %, 56, 0x0000000000000000
2026/09/17 23:23:41.500, 53.03 W, 87 %, 54, 0x0000000000000000
2026/09/17 23:23:42.514, 52.38 W, 96 %, 55, 0x0000000000000000
2026/09/17 23:23:43.527, 52.89 W, 87 %, 55, 0x0000000000000000
2026/09/17 23:23:44.539, 60.52 W, 100 %, 55, 0x0000000000000004
2026/09/17 23:23:45.542, 52.71 W, 98 %, 55, 0x0000000000000000
2026/09/17 23:23:46.556, 79.08 W, 95 %, 58, 0x0000000000000004
2026/09/17 23:23:47.561, 72.49 W, 84 %, 56, 0x0000000000000004
2026/09/17 23:23:48.564, 76.35 W, 91 %, 58, 0x0000000000000004
2026/09/17 23:23:49.567, 59.07 W, 84 %, 57, 0x0000000000000004
2026/09/17 23:23:50.569, 53.44 W, 96 %, 56, 0x0000000000000000
2026/09/17 23:23:51.582, 76.71 W, 96 %, 59, 0x0000000000000004
2026/09/17 23:23:52.586, 79.41 W, 80 %, 59, 0x0000000000000004
2026/09/17 23:23:53.588, 51.71 W, 82 %, 57, 0x0000000000000000
2026/09/17 23:23:54.601, 61.96 W, 99 %, 57, 0x0000000000000000
2026/09/17 23:23:55.615, 53.50 W, 98 %, 57, 0x0000000000000004
2026/09/17 23:23:56.621, 52.93 W, 96 %, 57, 0x0000000000000000
2026/09/17 23:23:57.633, 83.20 W, 94 %, 59, 0x0000000000000004
2026/09/17 23:23:58.636, 48.11 W, 91 %, 61, 0x0000000000000000
2026/09/17 23:23:59.649, 52.66 W, 82 %, 58, 0x0000000000000000
2026/09/17 23:24:00.661, 53.22 W, 100 %, 58, 0x0000000000000000
2026/09/17 23:24:01.675, 52.51 W, 92 %, 58, 0x0000000000000000
2026/09/17 23:24:02.688, 78.89 W, 95 %, 60, 0x0000000000000004
2026/09/17 23:24:03.691, 81.46 W, 88 %, 61, 0x0000000000000004
2026/09/17 23:24:04.694, 32.05 W, 83 %, 57, 0x0000000000000000
2026/09/17 23:24:05.707, 77.85 W, 18 %, 60, 0x0000000000000004
2026/09/17 23:24:06.710, 32.17 W, 93 %, 58, 0x0000000000000000
2026/09/17 23:24:07.722, 32.02 W, 39 %, 56, 0x0000000000000000
2026/09/17 23:24:08.736, 22.87 W, 0 %, 55, 0x0000000000000000
2026/09/17 23:24:09.751, 22.80 W, 0 %, 55, 0x0000000000000000
2026/09/17 23:24:10.766, 30.36 W, 0 %, 54, 0x0000000000000000
2026/09/17 23:24:11.784, 80.40 W, 97 %, 58, 0x0000000000000004
2026/09/17 23:24:12.871, 52.96 W, 94 %, 59, 0x0000000000000000
2026/09/17 23:24:13.885, 63.18 W, 98 %, 59, 0x0000000000000000
2026/09/17 23:24:14.897, 56.52 W, 96 %, 59, 0x0000000000000000
2026/09/17 23:24:15.911, 77.74 W, 95 %, 61, 0x0000000000000004
2026/09/17 23:24:16.916, 81.32 W, 90 %, 62, 0x0000000000000004
2026/09/17 23:24:17.922, 79.84 W, 83 %, 62, 0x0000000000000004
2026/09/17 23:24:18.929, 32.26 W, 50 %, 58, 0x0000000000000000
2026/09/17 23:24:19.942, 32.30 W, 0 %, 57, 0x0000000000000000
2026/09/17 23:24:20.954, 23.02 W, 0 %, 56, 0x0000000000000000
2026/09/17 23:24:21.968, 23.00 W, 0 %, 56, 0x0000000000000000
2026/09/17 23:24:22.982, 52.27 W, 48 %, 58, 0x0000000000000000
2026/09/17 23:24:23.996, 56.06 W, 99 %, 59, 0x0000000000000000
2026/09/17 23:24:25.008, 81.75 W, 89 %, 62, 0x0000000000000004
2026/09/17 23:24:26.011, 40.08 W, 83 %, 62, 0x0000000000000004
2026/09/17 23:24:27.014, 32.37 W, 6 %, 57, 0x0000000000000000
2026/09/17 23:24:28.027, 62.14 W, 38 %, 60, 0x0000000000000004
2026/09/17 23:24:29.030, 75.75 W, 97 %, 61, 0x0000000000000004
2026/09/17 23:24:30.033, 50.97 W, 80 %, 62, 0x0000000000000000
2026/09/17 23:24:31.045, 70.75 W, 100 %, 60, 0x0000000000000004
2026/09/17 23:24:32.048, 73.11 W, 82 %, 63, 0x0000000000000004
2026/09/17 23:24:33.051, 57.09 W, 74 %, 61, 0x0000000000000000
2026/09/17 23:24:34.064, 54.50 W, 99 %, 61, 0x0000000000000000
2026/09/17 23:24:35.079, 53.59 W, 98 %, 61, 0x0000000000000000
2026/09/17 23:24:36.091, 53.69 W, 99 %, 61, 0x0000000000000000
2026/09/17 23:24:37.105, 80.35 W, 97 %, 61, 0x0000000000000004
2026/09/17 23:24:38.109, 78.71 W, 82 %, 64, 0x0000000000000004
2026/09/17 23:24:39.113, 54.89 W, 90 %, 62, 0x0000000000000000
2026/09/17 23:24:40.127, 53.37 W, 94 %, 61, 0x0000000000000000
2026/09/17 23:24:41.139, 53.03 W, 99 %, 61, 0x0000000000000000
2026/09/17 23:24:42.152, 78.63 W, 87 %, 64, 0x0000000000000004
2026/09/17 23:24:43.154, 76.88 W, 79 %, 64, 0x0000000000000004
2026/09/17 23:24:44.159, 32.66 W, 78 %, 65, 0x0000000000000000
2026/09/17 23:24:45.172, 54.00 W, 69 %, 62, 0x0000000000000000
2026/09/17 23:24:46.184, 77.60 W, 91 %, 64, 0x0000000000000004
2026/09/17 23:24:47.187, 53.84 W, 68 %, 62, 0x0000000000000000
2026/09/17 23:24:48.200, 53.25 W, 99 %, 63, 0x0000000000000000
2026/09/17 23:24:49.213, 53.59 W, 98 %, 62, 0x0000000000000000
2026/09/17 23:24:50.225, 54.45 W, 100 %, 62, 0x0000000000000000
2026/09/17 23:24:51.239, 77.17 W, 100 %, 62, 0x0000000000000004
2026/09/17 23:24:52.242, 81.20 W, 82 %, 65, 0x0000000000000004
2026/09/17 23:24:53.246, 59.36 W, 82 %, 65, 0x0000000000000004
2026/09/17 23:24:54.249, 54.32 W, 99 %, 63, 0x0000000000000000
2026/09/17 23:24:55.263, 53.18 W, 86 %, 64, 0x0000000000000000
2026/09/17 23:24:56.275, 75.12 W, 90 %, 65, 0x0000000000000004
2026/09/17 23:24:57.279, 33.05 W, 37 %, 61, 0x0000000000000000
2026/09/17 23:24:58.291, 53.98 W, 24 %, 60, 0x0000000000000000
2026/09/17 23:24:59.304, 53.20 W, 95 %, 64, 0x0000000000000000
2026/09/17 23:25:00.319, 59.06 W, 100 %, 62, 0x0000000000000004
2026/09/17 23:25:01.321, 53.62 W, 97 %, 62, 0x0000000000000000
2026/09/17 23:25:02.336, 78.55 W, 92 %, 65, 0x0000000000000004
2026/09/17 23:25:03.342, 54.61 W, 83 %, 63, 0x0000000000000000
2026/09/17 23:25:04.355, 79.64 W, 86 %, 65, 0x0000000000000004
2026/09/17 23:25:05.358, 53.51 W, 75 %, 63, 0x0000000000000000
2026/09/17 23:25:06.372, 53.45 W, 95 %, 63, 0x0000000000000000
2026/09/17 23:25:07.385, 53.38 W, 91 %, 63, 0x0000000000000000
2026/09/17 23:25:08.397, 78.27 W, 96 %, 65, 0x0000000000000004
2026/09/17 23:25:09.400, 53.33 W, 81 %, 63, 0x0000000000000000
2026/09/17 23:25:10.414, 79.92 W, 94 %, 65, 0x0000000000000004
2026/09/17 23:25:11.421, 82.48 W, 88 %, 65, 0x0000000000000004
2026/09/17 23:25:12.427, 76.66 W, 90 %, 66, 0x0000000000000004
2026/09/17 23:25:13.433, 55.39 W, 82 %, 66, 0x0000000000000004
2026/09/17 23:25:14.436, 33.05 W, 18 %, 61, 0x0000000000000000
2026/09/17 23:25:15.451, 23.72 W, 0 %, 59, 0x0000000000000000
2026/09/17 23:25:16.465, 52.63 W, 55 %, 62, 0x0000000000000000
2026/09/17 23:25:17.479, 75.01 W, 90 %, 65, 0x0000000000000004
2026/09/17 23:25:18.482, 54.48 W, 61 %, 63, 0x0000000000000000
2026/09/17 23:25:19.495, 32.61 W, 90 %, 61, 0x0000000000000000
2026/09/17 23:25:20.509, 32.86 W, 0 %, 61, 0x0000000000000000
2026/09/17 23:25:21.521, 23.62 W, 0 %, 59, 0x0000000000000000
2026/09/17 23:25:22.538, 23.55 W, 0 %, 59, 0x0000000000000000
2026/09/17 23:25:23.551, 23.43 W, 0 %, 58, 0x0000000000000000
2026/09/17 23:25:24.566, 56.72 W, 5 %, 59, 0x0000000000000000
2026/09/17 23:25:25.579, 53.61 W, 99 %, 62, 0x0000000000000004
2026/09/17 23:25:26.582, 53.51 W, 94 %, 62, 0x0000000000000000
2026/09/17 23:25:27.596, 72.09 W, 99 %, 62, 0x0000000000000004
2026/09/17 23:25:28.601, 78.69 W, 85 %, 65, 0x0000000000000004
2026/09/17 23:25:29.604, 41.81 W, 81 %, 65, 0x0000000000000004
2026/09/17 23:25:30.607, 32.47 W, 25 %, 60, 0x0000000000000000
2026/09/17 23:25:31.620, 77.64 W, 0 %, 60, 0x0000000000000004
2026/09/17 23:25:32.623, 78.09 W, 87 %, 64, 0x0000000000000004
2026/09/17 23:25:33.626, 52.40 W, 84 %, 64, 0x0000000000000000
2026/09/17 23:25:34.639, 76.04 W, 99 %, 62, 0x0000000000000004
2026/09/17 23:25:35.642, 71.98 W, 90 %, 63, 0x0000000000000004
2026/09/17 23:25:36.645, 67.99 W, 85 %, 65, 0x0000000000000004
2026/09/17 23:25:37.650, 52.85 W, 91 %, 63, 0x0000000000000000
2026/09/17 23:25:38.663, 79.74 W, 90 %, 66, 0x0000000000000004
2026/09/17 23:25:39.666, 32.74 W, 58 %, 61, 0x0000000000000000
2026/09/17 23:25:40.679, 32.58 W, 0 %, 60, 0x0000000000000000
2026/09/17 23:25:41.693, 23.61 W, 0 %, 59, 0x0000000000000000
2026/09/17 23:25:42.707, 53.30 W, 38 %, 62, 0x0000000000000000
2026/09/17 23:25:43.722, 53.35 W, 99 %, 62, 0x0000000000000000
2026/09/17 23:25:44.734, 50.93 W, 100 %, 62, 0x0000000000000000
2026/09/17 23:25:45.749, 76.54 W, 99 %, 63, 0x0000000000000004
2026/09/17 23:25:46.754, 78.11 W, 98 %, 64, 0x0000000000000004
2026/09/17 23:25:47.775, 80.81 W, 80 %, 66, 0x0000000000000004
2026/09/17 23:25:48.778, 50.98 W, 82 %, 65, 0x0000000000000004
2026/09/17 23:25:49.782, 52.73 W, 96 %, 63, 0x0000000000000000
2026/09/17 23:25:50.794, 75.46 W, 96 %, 63, 0x0000000000000004
2026/09/17 23:25:51.797, 66.39 W, 94 %, 63, 0x0000000000000004
2026/09/17 23:25:52.800, 52.92 W, 98 %, 63, 0x0000000000000000
2026/09/17 23:25:53.813, 81.14 W, 91 %, 66, 0x0000000000000004
2026/09/17 23:25:54.817, 51.21 W, 82 %, 64, 0x0000000000000000
2026/09/17 23:25:55.830, 53.16 W, 94 %, 63, 0x0000000000000000
2026/09/17 23:25:56.842, 74.72 W, 96 %, 65, 0x0000000000000004
2026/09/17 23:25:57.845, 67.61 W, 89 %, 65, 0x0000000000000004
2026/09/17 23:25:58.850, 81.52 W, 86 %, 66, 0x0000000000000004
2026/09/17 23:25:59.853, 37.28 W, 80 %, 63, 0x0000000000000000
2026/09/17 23:26:00.865, 32.76 W, 24 %, 61, 0x0000000000000000
2026/09/17 23:26:01.880, 53.24 W, 27 %, 63, 0x0000000000000000
2026/09/17 23:26:02.892, 76.78 W, 93 %, 66, 0x0000000000000004
2026/09/17 23:26:03.896, 79.77 W, 82 %, 66, 0x0000000000000004
2026/09/17 23:26:04.901, 53.28 W, 77 %, 64, 0x0000000000000000
2026/09/17 23:26:05.913, 80.03 W, 96 %, 66, 0x0000000000000004
2026/09/17 23:26:06.916, 32.88 W, 73 %, 62, 0x0000000000000000
2026/09/17 23:26:07.930, 53.91 W, 0 %, 63, 0x0000000000000000
2026/09/17 23:26:08.943, 53.69 W, 76 %, 64, 0x0000000000000000
2026/09/17 23:26:09.956, 53.14 W, 92 %, 64, 0x0000000000000000
2026/09/17 23:26:10.969, 75.89 W, 87 %, 67, 0x0000000000000004
2026/09/17 23:26:11.974, 70.04 W, 83 %, 64, 0x0000000000000004
2026/09/17 23:26:12.977, 53.43 W, 97 %, 64, 0x0000000000000000
2026/09/17 23:26:13.991, 65.53 W, 88 %, 64, 0x0000000000000004
2026/09/17 23:26:14.994, 53.58 W, 99 %, 64, 0x0000000000000000
2026/09/17 23:26:16.007, 82.14 W, 91 %, 66, 0x0000000000000004
2026/09/17 23:26:17.011, 32.86 W, 83 %, 63, 0x0000000000000000
2026/09/17 23:26:18.023, 53.88 W, 11 %, 63, 0x0000000000000000
2026/09/17 23:26:19.035, 58.64 W, 72 %, 64, 0x0000000000000000
2026/09/17 23:26:20.048, 53.83 W, 98 %, 64, 0x0000000000000000
2026/09/17 23:26:21.061, 83.48 W, 94 %, 67, 0x0000000000000004
2026/09/17 23:26:22.064, 76.36 W, 83 %, 67, 0x0000000000000004
2026/09/17 23:26:23.067, 33.04 W, 54 %, 62, 0x0000000000000000
2026/09/17 23:26:24.079, 25.69 W, 0 %, 62, 0x0000000000000000
2026/09/17 23:26:25.093, 23.78 W, 0 %, 60, 0x0000000000000000
2026/09/17 23:26:26.107, 23.65 W, 0 %, 60, 0x0000000000000000
2026/09/17 23:26:27.123, 23.58 W, 0 %, 60, 0x0000000000000000
2026/09/17 23:26:28.138, 52.75 W, 20 %, 63, 0x0000000000000000
2026/09/17 23:26:29.151, 79.53 W, 99 %, 64, 0x0000000000000004
2026/09/17 23:26:30.154, 32.71 W, 90 %, 63, 0x0000000000000000
2026/09/17 23:26:31.166, 32.67 W, 17 %, 61, 0x0000000000000000
2026/09/17 23:26:32.181, 52.96 W, 11 %, 63, 0x0000000000000000
2026/09/17 23:26:33.194, 52.95 W, 100 %, 63, 0x0000000000000000
2026/09/17 23:26:34.208, 82.65 W, 99 %, 63, 0x0000000000000004
2026/09/17 23:26:35.211, 80.59 W, 88 %, 66, 0x0000000000000004
2026/09/17 23:26:36.219, 78.52 W, 86 %, 64, 0x0000000000000004
2026/09/17 23:26:37.224, 57.89 W, 91 %, 66, 0x0000000000000004
2026/09/17 23:26:38.227, 32.85 W, 48 %, 62, 0x0000000000000000
2026/09/17 23:26:39.240, 23.71 W, 0 %, 61, 0x0000000000000000
2026/09/17 23:26:40.254, 23.66 W, 0 %, 60, 0x0000000000000000
2026/09/17 23:26:41.269, 23.56 W, 0 %, 59, 0x0000000000000000
2026/09/17 23:26:42.283, 23.56 W, 0 %, 59, 0x0000000000000000
2026/09/17 23:26:43.298, 23.50 W, 0 %, 59, 0x0000000000000000
2026/09/17 23:26:44.312, 23.45 W, 0 %, 59, 0x0000000000000000
2026/09/17 23:26:45.329, 23.39 W, 0 %, 58, 0x0000000000000000
2026/09/17 23:26:46.344, 23.39 W, 0 %, 58, 0x0000000000000000
2026/09/17 23:26:47.358, 51.10 W, 0 %, 61, 0x0000000000000000
2026/09/17 23:26:48.372, 52.83 W, 57 %, 63, 0x0000000000000004
2026/09/17 23:26:49.376, 78.94 W, 96 %, 65, 0x0000000000000004
2026/09/17 23:26:50.380, 32.44 W, 68 %, 60, 0x0000000000000000
2026/09/17 23:26:51.394, 79.44 W, 27 %, 65, 0x0000000000000004
2026/09/17 23:26:52.399, 53.75 W, 90 %, 63, 0x0000000000000000
2026/09/17 23:26:53.411, 59.00 W, 82 %, 63, 0x0000000000000000
2026/09/17 23:26:54.424, 53.35 W, 98 %, 63, 0x0000000000000004
2026/09/17 23:26:55.431, 53.43 W, 95 %, 63, 0x0000000000000000
2026/09/17 23:26:56.444, 67.97 W, 93 %, 63, 0x0000000000000004
2026/09/17 23:26:57.447, 53.05 W, 99 %, 63, 0x0000000000000000
2026/09/17 23:26:58.460, 81.57 W, 96 %, 65, 0x0000000000000004
2026/09/17 23:26:59.463, 77.50 W, 81 %, 66, 0x0000000000000004
2026/09/17 23:27:00.467, 54.01 W, 82 %, 62, 0x0000000000000000
2026/09/17 23:27:01.479, 79.67 W, 53 %, 66, 0x0000000000000004
2026/09/17 23:27:02.482, 32.96 W, 91 %, 62, 0x0000000000000000
2026/09/17 23:27:03.495, 32.73 W, 31 %, 61, 0x0000000000000000
2026/09/17 23:27:04.509, 32.15 W, 0 %, 60, 0x0000000000000000
2026/09/17 23:27:05.522, 53.10 W, 30 %, 63, 0x0000000000000000
2026/09/17 23:27:06.536, 77.76 W, 100 %, 66, 0x0000000000000004
2026/09/17 23:27:07.541, 32.79 W, 78 %, 61, 0x0000000000000000
2026/09/17 23:27:08.554, 53.26 W, 0 %, 63, 0x0000000000000004
2026/09/17 23:27:09.557, 71.12 W, 66 %, 66, 0x0000000000000004
2026/09/17 23:27:10.560, 32.73 W, 67 %, 61, 0x0000000000000000
2026/09/17 23:27:11.572, 23.63 W, 0 %, 61, 0x0000000000000000
2026/09/17 23:27:12.586, 23.57 W, 0 %, 59, 0x0000000000000000
2026/09/17 23:27:13.599, 52.75 W, 8 %, 62, 0x0000000000000000
2026/09/17 23:27:14.613, 60.15 W, 98 %, 65, 0x0000000000000000
2026/09/17 23:27:15.626, 65.27 W, 92 %, 63, 0x0000000000000004
2026/09/17 23:27:16.629, 52.93 W, 99 %, 63, 0x0000000000000000
2026/09/17 23:27:17.643, 73.83 W, 99 %, 63, 0x0000000000000004
2026/09/17 23:27:18.646, 74.99 W, 93 %, 63, 0x0000000000000004
2026/09/17 23:27:19.651, 76.62 W, 90 %, 66, 0x0000000000000004
2026/09/17 23:27:20.655, 49.49 W, 83 %, 64, 0x0000000000000004
2026/09/17 23:27:21.657, 79.30 W, 94 %, 66, 0x0000000000000004
2026/09/17 23:27:22.661, 32.72 W, 84 %, 64, 0x0000000000000000
2026/09/17 23:27:23.673, 32.86 W, 43 %, 61, 0x0000000000000000
2026/09/17 23:27:24.687, 23.68 W, 0 %, 60, 0x0000000000000000
2026/09/17 23:27:25.701, 23.57 W, 0 %, 60, 0x0000000000000000
2026/09/17 23:27:26.716, 23.61 W, 0 %, 59, 0x0000000000000000
2026/09/17 23:27:27.730, 23.52 W, 0 %, 59, 0x0000000000000000
2026/09/17 23:27:28.746, 23.46 W, 0 %, 59, 0x0000000000000000
2026/09/17 23:27:29.760, 23.50 W, 0 %, 59, 0x0000000000000000
2026/09/17 23:27:30.774, 23.50 W, 0 %, 58, 0x0000000000000000
2026/09/17 23:27:31.787, 23.47 W, 0 %, 58, 0x0000000000000000
2026/09/17 23:27:32.801, 53.21 W, 0 %, 61, 0x0000000000000000
2026/09/17 23:27:33.815, 61.02 W, 97 %, 62, 0x0000000000000000
2026/09/17 23:27:34.830, 53.85 W, 100 %, 62, 0x0000000000000000
2026/09/17 23:27:35.843, 78.31 W, 83 %, 65, 0x0000000000000004
2026/09/17 23:27:36.846, 51.15 W, 84 %, 63, 0x0000000000000000
2026/09/17 23:27:37.858, 79.56 W, 92 %, 65, 0x0000000000000004
2026/09/17 23:27:38.861, 32.53 W, 57 %, 61, 0x0000000000000000
2026/09/17 23:27:39.873, 32.66 W, 0 %, 61, 0x0000000000000000
2026/09/17 23:27:40.886, 79.75 W, 54 %, 65, 0x0000000000000004
2026/09/17 23:27:41.889, 32.79 W, 47 %, 61, 0x0000000000000000
2026/09/17 23:27:42.902, 79.90 W, 88 %, 65, 0x0000000000000004
2026/09/17 23:27:43.905, 31.95 W, 72 %, 62, 0x0000000000000000
2026/09/17 23:27:44.917, 32.78 W, 0 %, 61, 0x0000000000000000
2026/09/17 23:27:45.931, 23.60 W, 0 %, 59, 0x0000000000000000
2026/09/17 23:27:46.945, 23.47 W, 0 %, 59, 0x0000000000000000
2026/09/17 23:27:47.961, 23.42 W, 0 %, 59, 0x0000000000000000
2026/09/17 23:27:48.975, 23.49 W, 0 %, 58, 0x0000000000000000
2026/09/17 23:27:49.990, 23.37 W, 0 %, 58, 0x0000000000000000
2026/09/17 23:27:51.004, 23.42 W, 0 %, 58, 0x0000000000000000
2026/09/17 23:27:52.018, 23.48 W, 0 %, 58, 0x0000000000000000
2026/09/17 23:27:53.032, 23.44 W, 0 %, 58, 0x0000000000000000
2026/09/17 23:27:54.045, 23.34 W, 0 %, 58, 0x0000000000000000
2026/09/17 23:27:55.061, 23.37 W, 0 %, 58, 0x0000000000000000
2026/09/17 23:27:56.075, 52.68 W, 15 %, 58, 0x0000000000000000
2026/09/17 23:27:57.089, 53.22 W, 99 %, 61, 0x0000000000000004
2026/09/17 23:27:58.094, 78.71 W, 95 %, 63, 0x0000000000000004
2026/09/17 23:27:59.097, 50.19 W, 85 %, 64, 0x0000000000000000
2026/09/17 23:28:00.112, 68.41 W, 100 %, 62, 0x0000000000000004
2026/09/17 23:28:01.115, 52.76 W, 98 %, 62, 0x0000000000000000
2026/09/17 23:28:02.127, 78.76 W, 89 %, 64, 0x0000000000000004
2026/09/17 23:28:03.131, 32.46 W, 59 %, 61, 0x0000000000000000
2026/09/17 23:28:04.143, 32.47 W, 0 %, 60, 0x0000000000000000
2026/09/17 23:28:05.156, 23.50 W, 0 %, 58, 0x0000000000000000
2026/09/17 23:28:06.172, 23.37 W, 0 %, 58, 0x0000000000000000
2026/09/17 23:28:07.186, 23.31 W, 0 %, 58, 0x0000000000000000
2026/09/17 23:28:08.200, 23.32 W, 0 %, 58, 0x0000000000000000
2026/09/17 23:28:09.215, 23.36 W, 0 %, 57, 0x0000000000000000
2026/09/17 23:28:10.229, 23.31 W, 0 %, 57, 0x0000000000000000
2026/09/17 23:28:11.244, 23.63 W, 0 %, 57, 0x0000000000000000
2026/09/17 23:28:12.259, 52.77 W, 80 %, 60, 0x0000000000000000
2026/09/17 23:28:13.275, 53.01 W, 98 %, 61, 0x0000000000000000
2026/09/17 23:28:14.288, 81.58 W, 97 %, 61, 0x0000000000000004
2026/09/17 23:28:15.292, 80.22 W, 82 %, 64, 0x0000000000000004
2026/09/17 23:28:16.295, 64.65 W, 82 %, 65, 0x0000000000000000
2026/09/17 23:28:17.309, 32.30 W, 14 %, 60, 0x0000000000000000
2026/09/17 23:28:18.324, 52.92 W, 50 %, 61, 0x0000000000000000
2026/09/17 23:28:19.339, 79.61 W, 95 %, 64, 0x0000000000000004
2026/09/17 23:28:20.342, 32.48 W, 43 %, 60, 0x0000000000000000
2026/09/17 23:28:21.355, 23.85 W, 0 %, 59, 0x0000000000000000
2026/09/17 23:28:22.369, 79.28 W, 30 %, 64, 0x0000000000000004
2026/09/17 23:28:23.373, 32.40 W, 60 %, 60, 0x0000000000000000
2026/09/17 23:28:24.385, 32.33 W, 0 %, 59, 0x0000000000000000
2026/09/17 23:28:25.398, 23.43 W, 0 %, 58, 0x0000000000000000
2026/09/17 23:28:26.412, 23.33 W, 0 %, 58, 0x0000000000000000
2026/09/17 23:28:27.427, 23.21 W, 0 %, 58, 0x0000000000000000
2026/09/17 23:28:28.441, 23.31 W, 0 %, 57, 0x0000000000000000
2026/09/17 23:28:29.457, 79.14 W, 53 %, 64, 0x0000000000000004
2026/09/17 23:28:30.549, 32.26 W, 54 %, 59, 0x0000000000000000
2026/09/17 23:28:31.560, 32.22 W, 0 %, 59, 0x0000000000000000
2026/09/17 23:28:32.574, 23.30 W, 0 %, 58, 0x0000000000000000
2026/09/17 23:28:33.589, 23.43 W, 0 %, 57, 0x0000000000000000
2026/09/17 23:28:34.603, 23.28 W, 0 %, 57, 0x0000000000000000
2026/09/17 23:28:35.618, 23.29 W, 0 %, 57, 0x0000000000000000
2026/09/17 23:28:36.632, 23.23 W, 0 %, 57, 0x0000000000000000
2026/09/17 23:28:37.646, 23.16 W, 0 %, 57, 0x0000000000000000
2026/09/17 23:28:38.661, 23.12 W, 0 %, 57, 0x0000000000000000
2026/09/17 23:28:39.675, 23.12 W, 0 %, 56, 0x0000000000000000
2026/09/17 23:28:40.691, 23.16 W, 0 %, 56, 0x0000000000000000
2026/09/17 23:28:41.705, 23.13 W, 0 %, 56, 0x0000000000000000
2026/09/17 23:28:42.720, 23.19 W, 0 %, 56, 0x0000000000000000
2026/09/17 23:28:43.734, 23.13 W, 0 %, 56, 0x0000000000000000
2026/09/17 23:28:44.748, 23.06 W, 0 %, 56, 0x0000000000000000
2026/09/17 23:28:45.763, 23.03 W, 0 %, 56, 0x0000000000000000
2026/09/17 23:28:46.777, 4.04 W, 0 %, 55, 0x0000000000000001
2026/09/17 23:28:47.804, 3.99 W, 0 %, 54, 0x0000000000000001
2026/09/17 23:28:48.829, 4.30 W, 0 %, 54, 0x0000000000000001
2026/09/17 23:28:49.856, 4.17 W, 0 %, 54, 0x0000000000000001
2026/09/17 23:28:50.880, 4.20 W, 0 %, 53, 0x0000000000000001
2026/09/17 23:28:51.903, 74.57 W, 0 %, 60, 0x0000000000000004
2026/09/17 23:28:52.906, 52.57 W, 63 %, 59, 0x0000000000000000
2026/09/17 23:28:53.919, 79.90 W, 93 %, 62, 0x0000000000000004
2026/09/17 23:28:54.923, 31.93 W, 88 %, 57, 0x0000000000000000
2026/09/17 23:28:55.935, 31.81 W, 4 %, 57, 0x0000000000000000
2026/09/17 23:28:56.948, 23.07 W, 0 %, 56, 0x0000000000000000
2026/09/17 23:28:57.962, 23.03 W, 0 %, 56, 0x0000000000000000
2026/09/17 23:28:58.978, 23.04 W, 0 %, 55, 0x0000000000000000
2026/09/17 23:28:59.992, 23.02 W, 0 %, 55, 0x0000000000000000
2026/09/17 23:29:01.008, 22.98 W, 0 %, 55, 0x0000000000000000
2026/09/17 23:29:02.022, 22.99 W, 0 %, 55, 0x0000000000000000
2026/09/17 23:29:03.036, 22.98 W, 0 %, 55, 0x0000000000000000
2026/09/17 23:29:04.050, 22.97 W, 0 %, 55, 0x0000000000000000
2026/09/17 23:29:05.064, 22.98 W, 0 %, 55, 0x0000000000000000
2026/09/17 23:29:06.078, 22.89 W, 0 %, 55, 0x0000000000000000
2026/09/17 23:29:07.093, 22.94 W, 0 %, 55, 0x0000000000000000
2026/09/17 23:29:08.108, 22.95 W, 0 %, 55, 0x0000000000000000
2026/09/17 23:29:09.122, 51.60 W, 0 %, 58, 0x0000000000000000
2026/09/17 23:29:10.136, 79.99 W, 74 %, 60, 0x0000000000000004
2026/09/17 23:29:11.142, 52.12 W, 94 %, 58, 0x0000000000000000
2026/09/17 23:29:12.154, 80.23 W, 75 %, 59, 0x0000000000000004
2026/09/17 23:29:13.157, 80.38 W, 96 %, 62, 0x0000000000000004
2026/09/17 23:29:14.163, 31.83 W, 87 %, 63, 0x0000000000000000
2026/09/17 23:29:15.175, 32.05 W, 61 %, 58, 0x0000000000000000
2026/09/17 23:29:16.187, 23.23 W, 0 %, 57, 0x0000000000000000
2026/09/17 23:29:17.202, 23.18 W, 0 %, 56, 0x0000000000000000
2026/09/17 23:29:18.216, 52.91 W, 0 %, 57, 0x0000000000000000
2026/09/17 23:29:19.229, 79.62 W, 51 %, 60, 0x0000000000000004
2026/09/17 23:29:20.232, 78.08 W, 97 %, 63, 0x0000000000000004
2026/09/17 23:29:21.235, 77.74 W, 81 %, 63, 0x0000000000000004
2026/09/17 23:29:22.238, 32.06 W, 77 %, 61, 0x0000000000000000
2026/09/17 23:29:23.250, 52.24 W, 42 %, 60, 0x0000000000000000
2026/09/17 23:29:24.263, 79.54 W, 48 %, 64, 0x0000000000000004
2026/09/17 23:29:25.267, 52.58 W, 89 %, 60, 0x0000000000000000
2026/09/17 23:29:26.281, 80.83 W, 65 %, 61, 0x0000000000000004
2026/09/17 23:29:27.284, 31.23 W, 97 %, 64, 0x0000000000000000
2026/09/17 23:29:28.297, 32.21 W, 69 %, 59, 0x0000000000000000
2026/09/17 23:29:29.311, 23.45 W, 0 %, 59, 0x0000000000000000
2026/09/17 23:29:30.325, 23.44 W, 0 %, 58, 0x0000000000000000
2026/09/17 23:29:31.340, 23.31 W, 0 %, 58, 0x0000000000000000
2026/09/17 23:29:32.356, 23.31 W, 0 %, 57, 0x0000000000000000
2026/09/17 23:29:33.370, 23.25 W, 0 %, 57, 0x0000000000000000
2026/09/17 23:29:34.384, 23.25 W, 0 %, 57, 0x0000000000000000
2026/09/17 23:29:35.398, 23.34 W, 0 %, 57, 0x0000000000000000
2026/09/17 23:29:36.412, 52.03 W, 31 %, 60, 0x0000000000000000
2026/09/17 23:29:37.425, 51.26 W, 93 %, 61, 0x0000000000000000
2026/09/17 23:29:38.437, 51.17 W, 99 %, 61, 0x0000000000000000
2026/09/17 23:29:39.451, 48.29 W, 99 %, 61, 0x0000000000000000
2026/09/17 23:29:40.464, 51.78 W, 99 %, 61, 0x0000000000000000
2026/09/17 23:29:41.476, 80.03 W, 85 %, 64, 0x0000000000000004
2026/09/17 23:29:42.479, 79.54 W, 89 %, 64, 0x0000000000000004
2026/09/17 23:29:43.482, 79.72 W, 79 %, 65, 0x0000000000000004
2026/09/17 23:29:44.487, 53.03 W, 95 %, 62, 0x0000000000000000
2026/09/17 23:29:45.502, 79.89 W, 91 %, 65, 0x0000000000000004
2026/09/17 23:29:46.505, 76.29 W, 80 %, 65, 0x0000000000000004
2026/09/17 23:29:47.510, 32.46 W, 39 %, 60, 0x0000000000000000
2026/09/17 23:29:48.522, 53.30 W, 5 %, 60, 0x0000000000000000
2026/09/17 23:29:49.534, 79.95 W, 98 %, 63, 0x0000000000000004
2026/09/17 23:29:50.541, 31.95 W, 81 %, 63, 0x0000000000000000
2026/09/17 23:29:51.553, 79.50 W, 51 %, 64, 0x0000000000000004
2026/09/17 23:29:52.556, 32.39 W, 62 %, 61, 0x0000000000000000
2026/09/17 23:29:53.569, 32.37 W, 0 %, 60, 0x0000000000000000
2026/09/17 23:29:54.581, 23.54 W, 0 %, 59, 0x0000000000000000
2026/09/17 23:29:55.595, 51.71 W, 24 %, 59, 0x0000000000000000
2026/09/17 23:29:56.607, 57.49 W, 90 %, 65, 0x0000000000000004
2026/09/17 23:29:57.610, 80.72 W, 34 %, 62, 0x0000000000000004
2026/09/17 23:29:58.613, 31.70 W, 81 %, 65, 0x0000000000000000
2026/09/17 23:29:59.625, 32.23 W, 0 %, 60, 0x0000000000000000
2026/09/17 23:30:00.639, 72.42 W, 39 %, 62, 0x0000000000000004
2026/09/17 23:30:01.645, 64.45 W, 88 %, 65, 0x0000000000000004
2026/09/17 23:30:02.650, 32.35 W, 8 %, 60, 0x0000000000000000
2026/09/17 23:30:03.663, 24.17 W, 0 %, 59, 0x0000000000000000
2026/09/17 23:30:04.677, 53.56 W, 87 %, 62, 0x0000000000000004
2026/09/17 23:30:05.683, 77.99 W, 91 %, 64, 0x0000000000000004
2026/09/17 23:30:06.687, 76.88 W, 76 %, 65, 0x0000000000000004
2026/09/17 23:30:07.690, 32.44 W, 51 %, 61, 0x0000000000000000
2026/09/17 23:30:08.703, 52.20 W, 12 %, 60, 0x0000000000000000
2026/09/17 23:30:09.717, 52.50 W, 99 %, 62, 0x0000000000000000
2026/09/17 23:30:10.730, 78.84 W, 91 %, 65, 0x0000000000000004
2026/09/17 23:30:11.732, 52.72 W, 62 %, 62, 0x0000000000000000
2026/09/17 23:30:12.745, 79.68 W, 92 %, 65, 0x0000000000000004
2026/09/17 23:30:13.749, 52.53 W, 35 %, 61, 0x0000000000000000
2026/09/17 23:30:14.762, 51.50 W, 100 %, 63, 0x0000000000000000
2026/09/17 23:30:15.775, 53.38 W, 99 %, 63, 0x0000000000000000
2026/09/17 23:30:16.787, 52.12 W, 99 %, 63, 0x0000000000000000
2026/09/17 23:30:17.800, 53.00 W, 99 %, 64, 0x0000000000000000
2026/09/17 23:30:18.812, 79.07 W, 89 %, 65, 0x0000000000000004
2026/09/17 23:30:19.815, 79.19 W, 81 %, 66, 0x0000000000000004
2026/09/17 23:30:20.818, 52.65 W, 90 %, 64, 0x0000000000000000
2026/09/17 23:30:21.831, 51.04 W, 96 %, 63, 0x0000000000000000
2026/09/17 23:30:22.844, 52.76 W, 95 %, 64, 0x0000000000000000
2026/09/17 23:30:23.859, 52.31 W, 97 %, 64, 0x0000000000000000
2026/09/17 23:30:24.871, 79.10 W, 97 %, 66, 0x0000000000000004
2026/09/17 23:30:25.874, 79.71 W, 81 %, 67, 0x0000000000000004
2026/09/17 23:30:26.877, 53.37 W, 89 %, 64, 0x0000000000000000
2026/09/17 23:30:27.890, 51.60 W, 99 %, 64, 0x0000000000000000
2026/09/17 23:30:28.903, 52.64 W, 90 %, 64, 0x0000000000000000
2026/09/17 23:30:29.915, 79.62 W, 89 %, 67, 0x0000000000000004
2026/09/17 23:30:30.918, 53.72 W, 86 %, 64, 0x0000000000000000
2026/09/17 23:30:31.932, 80.81 W, 91 %, 66, 0x0000000000000004
2026/09/17 23:30:32.935, 78.35 W, 84 %, 67, 0x0000000000000004
2026/09/17 23:30:33.938, 32.85 W, 37 %, 62, 0x0000000000000000
2026/09/17 23:30:34.951, 31.54 W, 0 %, 62, 0x0000000000000000
2026/09/17 23:30:35.967, 23.78 W, 0 %, 60, 0x0000000000000000
2026/09/17 23:30:36.981, 52.55 W, 23 %, 63, 0x0000000000000000
2026/09/17 23:30:37.995, 77.29 W, 99 %, 64, 0x0000000000000004
2026/09/17 23:30:38.998, 76.26 W, 89 %, 64, 0x0000000000000004
2026/09/17 23:30:40.004, 76.56 W, 85 %, 66, 0x0000000000000004
2026/09/17 23:30:41.007, 53.92 W, 74 %, 64, 0x0000000000000000
2026/09/17 23:30:42.021, 52.94 W, 78 %, 65, 0x0000000000000000
2026/09/17 23:30:43.034, 80.17 W, 91 %, 67, 0x0000000000000004
2026/09/17 23:30:44.037, 32.86 W, 48 %, 62, 0x0000000000000000
2026/09/17 23:30:45.050, 32.76 W, 0 %, 62, 0x0000000000000000
2026/09/17 23:30:46.064, 80.35 W, 32 %, 64, 0x0000000000000004
2026/09/17 23:30:47.070, 65.56 W, 94 %, 67, 0x0000000000000004
2026/09/17 23:30:48.074, 53.07 W, 89 %, 65, 0x0000000000000000
2026/09/17 23:30:49.088, 53.04 W, 99 %, 64, 0x0000000000000000
2026/09/17 23:30:50.100, 80.41 W, 89 %, 67, 0x0000000000000004
2026/09/17 23:30:51.103, 74.37 W, 92 %, 67, 0x0000000000000004
2026/09/17 23:30:52.106, 79.81 W, 80 %, 67, 0x0000000000000004
2026/09/17 23:30:53.109, 32.97 W, 54 %, 63, 0x0000000000000000
2026/09/17 23:30:54.122, 32.77 W, 0 %, 62, 0x0000000000000000
2026/09/17 23:30:55.135, 23.84 W, 0 %, 61, 0x0000000000000000
2026/09/17 23:30:56.149, 23.69 W, 0 %, 60, 0x0000000000000000
2026/09/17 23:30:57.163, 23.67 W, 0 %, 60, 0x0000000000000000
2026/09/17 23:30:58.177, 23.59 W, 0 %, 60, 0x0000000000000000
2026/09/17 23:30:59.192, 23.51 W, 0 %, 60, 0x0000000000000000
2026/09/17 23:31:00.206, 34.98 W, 0 %, 59, 0x0000000000000000
2026/09/17 23:31:01.221, 56.38 W, 82 %, 63, 0x0000000000000004
2026/09/17 23:31:02.224, 76.49 W, 97 %, 65, 0x0000000000000004
2026/09/17 23:31:03.228, 52.29 W, 79 %, 64, 0x0000000000000000
2026/09/17 23:31:04.242, 74.74 W, 91 %, 66, 0x0000000000000004
2026/09/17 23:31:05.246, 53.07 W, 83 %, 65, 0x0000000000000000
2026/09/17 23:31:06.259, 53.45 W, 76 %, 66, 0x0000000000000000
2026/09/17 23:31:07.271, 76.41 W, 87 %, 66, 0x0000000000000004
2026/09/17 23:31:08.274, 53.19 W, 47 %, 62, 0x0000000000000000
2026/09/17 23:31:09.287, 79.76 W, 69 %, 66, 0x0000000000000004
2026/09/17 23:31:10.290, 32.71 W, 71 %, 62, 0x0000000000000000
2026/09/17 23:31:11.302, 32.53 W, 0 %, 62, 0x0000000000000004
2026/09/17 23:31:12.310, 78.54 W, 46 %, 66, 0x0000000000000004
2026/09/17 23:31:13.313, 79.68 W, 88 %, 67, 0x0000000000000004
2026/09/17 23:31:14.317, 79.53 W, 87 %, 67, 0x0000000000000004
2026/09/17 23:31:15.320, 32.76 W, 40 %, 62, 0x0000000000000000
2026/09/17 23:31:16.333, 23.84 W, 0 %, 62, 0x0000000000000000
2026/09/17 23:31:17.348, 23.76 W, 0 %, 60, 0x0000000000000000
2026/09/17 23:31:18.365, 23.70 W, 0 %, 60, 0x0000000000000000
2026/09/17 23:31:19.378, 36.08 W, 0 %, 62, 0x0000000000000000
2026/09/17 23:31:20.391, 52.36 W, 77 %, 63, 0x0000000000000000
2026/09/17 23:31:21.405, 53.71 W, 100 %, 63, 0x0000000000000000
2026/09/17 23:31:22.418, 53.27 W, 98 %, 63, 0x0000000000000004
2026/09/17 23:31:23.424, 79.27 W, 93 %, 66, 0x0000000000000004
2026/09/17 23:31:24.427, 32.66 W, 44 %, 61, 0x0000000000000000
2026/09/17 23:31:25.441, 23.69 W, 0 %, 60, 0x0000000000000000
2026/09/17 23:31:26.455, 23.68 W, 0 %, 60, 0x0000000000000000
2026/09/17 23:31:27.471, 23.54 W, 0 %, 59, 0x0000000000000000
2026/09/17 23:31:28.485, 23.63 W, 0 %, 59, 0x0000000000000000
2026/09/17 23:31:29.500, 23.59 W, 0 %, 59, 0x0000000000000000
2026/09/17 23:31:30.514, 23.53 W, 0 %, 59, 0x0000000000000000
2026/09/17 23:31:31.528, 23.52 W, 0 %, 59, 0x0000000000000000
2026/09/17 23:31:32.543, 23.47 W, 0 %, 59, 0x0000000000000000
2026/09/17 23:31:33.557, 52.58 W, 20 %, 62, 0x0000000000000000
2026/09/17 23:31:34.571, 53.71 W, 100 %, 62, 0x0000000000000000
2026/09/17 23:31:35.584, 53.36 W, 99 %, 62, 0x0000000000000000
2026/09/17 23:31:36.599, 79.86 W, 96 %, 65, 0x0000000000000004
2026/09/17 23:31:37.604, 32.34 W, 58 %, 60, 0x0000000000000000
2026/09/17 23:31:38.617, 23.62 W, 0 %, 60, 0x0000000000000000
2026/09/17 23:31:39.631, 23.54 W, 0 %, 59, 0x0000000000000000
2026/09/17 23:31:40.645, 23.53 W, 0 %, 58, 0x0000000000000000
2026/09/17 23:31:41.660, 23.46 W, 0 %, 58, 0x0000000000000000
2026/09/17 23:31:42.674, 23.33 W, 0 %, 58, 0x0000000000000000
2026/09/17 23:31:43.691, 23.39 W, 0 %, 58, 0x0000000000000000
2026/09/17 23:31:44.705, 23.38 W, 0 %, 58, 0x0000000000000000
2026/09/17 23:31:45.720, 52.97 W, 0 %, 61, 0x0000000000000000
2026/09/17 23:31:46.732, 54.11 W, 94 %, 62, 0x0000000000000000
2026/09/17 23:31:47.745, 54.83 W, 99 %, 62, 0x0000000000000000
2026/09/17 23:31:48.757, 53.54 W, 100 %, 62, 0x0000000000000000
2026/09/17 23:31:49.772, 53.54 W, 100 %, 62, 0x0000000000000000
2026/09/17 23:31:50.785, 53.96 W, 99 %, 62, 0x0000000000000000
2026/09/17 23:31:51.799, 53.71 W, 100 %, 62, 0x0000000000000000
2026/09/17 23:31:52.812, 54.15 W, 99 %, 62, 0x0000000000000000
2026/09/17 23:31:53.824, 58.28 W, 100 %, 62, 0x0000000000000000
2026/09/17 23:31:54.838, 53.88 W, 99 %, 63, 0x0000000000000000
2026/09/17 23:31:55.853, 53.02 W, 100 %, 64, 0x0000000000000000
2026/09/17 23:31:56.867, 76.31 W, 98 %, 65, 0x0000000000000004
2026/09/17 23:31:57.870, 82.84 W, 91 %, 66, 0x0000000000000004
2026/09/17 23:31:58.873, 32.43 W, 82 %, 61, 0x0000000000000000
2026/09/17 23:31:59.886, 32.51 W, 43 %, 61, 0x0000000000000000
2026/09/17 23:32:00.898, 23.69 W, 0 %, 59, 0x0000000000000000
2026/09/17 23:32:01.912, 23.52 W, 0 %, 59, 0x0000000000000000
2026/09/17 23:32:02.926, 23.60 W, 0 %, 59, 0x0000000000000000
2026/09/17 23:32:03.940, 23.50 W, 0 %, 58, 0x0000000000000000
2026/09/17 23:32:04.954, 23.43 W, 0 %, 58, 0x0000000000000000
2026/09/17 23:32:05.968, 23.41 W, 0 %, 58, 0x0000000000000000
2026/09/17 23:32:06.982, 23.41 W, 0 %, 58, 0x0000000000000000
2026/09/17 23:32:07.997, 23.40 W, 0 %, 58, 0x0000000000000000
2026/09/17 23:32:09.012, 23.39 W, 0 %, 58, 0x0000000000000000
2026/09/17 23:32:10.026, 23.37 W, 0 %, 58, 0x0000000000000000
2026/09/17 23:32:11.042, 23.27 W, 0 %, 57, 0x0000000000000000
2026/09/17 23:32:12.056, 23.27 W, 0 %, 57, 0x0000000000000000
2026/09/17 23:32:13.071, 52.69 W, 58 %, 60, 0x0000000000000000
2026/09/17 23:32:14.084, 52.32 W, 100 %, 61, 0x0000000000000000
2026/09/17 23:32:15.097, 53.29 W, 99 %, 61, 0x0000000000000000
2026/09/17 23:32:16.109, 79.06 W, 98 %, 61, 0x0000000000000004
2026/09/17 23:32:17.154, 31.80 W, 75 %, 64, 0x0000000000000000
2026/09/17 23:32:18.167, 53.46 W, 64 %, 62, 0x0000000000000000
2026/09/17 23:32:19.180, 53.13 W, 100 %, 62, 0x0000000000000000
2026/09/17 23:32:20.192, 53.58 W, 99 %, 62, 0x0000000000000000
2026/09/17 23:32:21.205, 53.65 W, 100 %, 62, 0x0000000000000000
2026/09/17 23:32:22.217, 53.23 W, 100 %, 62, 0x0000000000000000
2026/09/17 23:32:23.232, 53.39 W, 100 %, 62, 0x0000000000000000
2026/09/17 23:32:24.245, 53.74 W, 99 %, 62, 0x0000000000000000
2026/09/17 23:32:25.259, 54.46 W, 100 %, 62, 0x0000000000000000
2026/09/17 23:32:26.272, 52.78 W, 99 %, 64, 0x0000000000000000
2026/09/17 23:32:27.286, 75.57 W, 88 %, 64, 0x0000000000000004
2026/09/17 23:32:28.291, 75.61 W, 80 %, 65, 0x0000000000000004
2026/09/17 23:32:29.294, 32.74 W, 45 %, 61, 0x0000000000000000
2026/09/17 23:32:30.307, 32.66 W, 0 %, 60, 0x0000000000000000
2026/09/17 23:32:31.319, 23.62 W, 0 %, 59, 0x0000000000000000
2026/09/17 23:32:32.333, 23.52 W, 0 %, 59, 0x0000000000000000
2026/09/17 23:32:33.348, 23.51 W, 0 %, 58, 0x0000000000000000
2026/09/17 23:32:34.362, 23.43 W, 0 %, 58, 0x0000000000000000
2026/09/17 23:32:35.378, 23.44 W, 0 %, 58, 0x0000000000000000
2026/09/17 23:32:36.393, 23.38 W, 0 %, 58, 0x0000000000000000
2026/09/17 23:32:37.406, 23.39 W, 0 %, 58, 0x0000000000000000
2026/09/17 23:32:38.422, 23.41 W, 0 %, 57, 0x0000000000000000
2026/09/17 23:32:39.435, 53.51 W, 64 %, 61, 0x0000000000000000
2026/09/17 23:32:40.449, 54.32 W, 100 %, 61, 0x0000000000000000
2026/09/17 23:32:41.462, 53.81 W, 99 %, 61, 0x0000000000000000
2026/09/17 23:32:42.476, 53.67 W, 100 %, 62, 0x0000000000000000
2026/09/17 23:32:43.489, 54.49 W, 99 %, 62, 0x0000000000000000
2026/09/17 23:32:44.504, 56.30 W, 100 %, 62, 0x0000000000000000
2026/09/17 23:32:45.517, 54.19 W, 100 %, 62, 0x0000000000000000
2026/09/17 23:32:46.531, 55.54 W, 100 %, 62, 0x0000000000000000
2026/09/17 23:32:47.544, 54.55 W, 99 %, 63, 0x0000000000000000
2026/09/17 23:32:48.558, 54.95 W, 100 %, 62, 0x0000000000000000
2026/09/17 23:32:49.571, 51.14 W, 98 %, 64, 0x0000000000000000
2026/09/17 23:32:50.585, 77.19 W, 99 %, 62, 0x0000000000000004
2026/09/17 23:32:51.590, 81.07 W, 84 %, 65, 0x0000000000000004
2026/09/17 23:32:52.594, 53.20 W, 82 %, 63, 0x0000000000000000
2026/09/17 23:32:53.608, 53.12 W, 100 %, 63, 0x0000000000000000
2026/09/17 23:32:54.620, 65.08 W, 100 %, 63, 0x0000000000000004
2026/09/17 23:32:55.623, 53.12 W, 98 %, 63, 0x0000000000000000
2026/09/17 23:32:56.636, 53.07 W, 98 %, 63, 0x0000000000000000
2026/09/17 23:32:57.649, 52.86 W, 100 %, 63, 0x0000000000000000
2026/09/17 23:32:58.662, 47.39 W, 100 %, 63, 0x0000000000000000
2026/09/17 23:32:59.675, 53.13 W, 98 %, 63, 0x0000000000000000
2026/09/17 23:33:00.687, 53.28 W, 96 %, 63, 0x0000000000000000
2026/09/17 23:33:01.702, 52.97 W, 100 %, 63, 0x0000000000000000
2026/09/17 23:33:02.715, 52.48 W, 99 %, 63, 0x0000000000000000
2026/09/17 23:33:03.730, 53.17 W, 99 %, 63, 0x0000000000000000
2026/09/17 23:33:04.743, 53.49 W, 100 %, 63, 0x0000000000000000
2026/09/17 23:33:05.756, 49.55 W, 99 %, 63, 0x0000000000000000
2026/09/17 23:33:06.768, 79.31 W, 95 %, 65, 0x0000000000000004
2026/09/17 23:33:07.771, 78.16 W, 81 %, 66, 0x0000000000000004
2026/09/17 23:33:08.774, 53.50 W, 89 %, 64, 0x0000000000000000
2026/09/17 23:33:09.787, 53.50 W, 100 %, 64, 0x0000000000000000
2026/09/17 23:33:10.800, 54.05 W, 99 %, 64, 0x0000000000000000
2026/09/17 23:33:11.813, 53.71 W, 100 %, 64, 0x0000000000000000
2026/09/17 23:33:12.826, 63.26 W, 100 %, 64, 0x0000000000000004
2026/09/17 23:33:13.831, 50.75 W, 99 %, 64, 0x0000000000000000
2026/09/17 23:33:14.843, 52.01 W, 99 %, 64, 0x0000000000000004
2026/09/17 23:33:15.846, 53.78 W, 99 %, 64, 0x0000000000000000
2026/09/17 23:33:16.858, 52.24 W, 100 %, 64, 0x0000000000000000
2026/09/17 23:33:17.874, 54.33 W, 99 %, 64, 0x0000000000000000
2026/09/17 23:33:18.887, 56.57 W, 100 %, 64, 0x0000000000000000
2026/09/17 23:33:19.900, 53.26 W, 100 %, 64, 0x0000000000000000
2026/09/17 23:33:20.912, 53.40 W, 98 %, 64, 0x0000000000000000
2026/09/17 23:33:21.926, 82.15 W, 97 %, 67, 0x0000000000000004
2026/09/17 23:33:22.931, 77.36 W, 79 %, 67, 0x0000000000000004
2026/09/17 23:33:23.936, 53.76 W, 84 %, 64, 0x0000000000000000
2026/09/17 23:33:24.949, 53.79 W, 100 %, 64, 0x0000000000000000
2026/09/17 23:33:25.961, 52.12 W, 100 %, 64, 0x0000000000000000
2026/09/17 23:33:26.975, 59.74 W, 98 %, 65, 0x0000000000000000
2026/09/17 23:33:27.988, 54.12 W, 99 %, 65, 0x0000000000000000
2026/09/17 23:33:29.002, 55.70 W, 100 %, 65, 0x0000000000000000
2026/09/17 23:33:30.014, 53.31 W, 98 %, 64, 0x0000000000000000
2026/09/17 23:33:31.027, 53.10 W, 100 %, 64, 0x0000000000000000
2026/09/17 23:33:32.040, 53.37 W, 96 %, 65, 0x0000000000000000
2026/09/17 23:33:33.055, 49.60 W, 100 %, 65, 0x0000000000000004
2026/09/17 23:33:34.058, 53.71 W, 99 %, 65, 0x0000000000000000
2026/09/17 23:33:35.070, 65.83 W, 100 %, 65, 0x0000000000000004
2026/09/17 23:33:36.073, 53.93 W, 99 %, 65, 0x0000000000000000
2026/09/17 23:33:37.087, 53.09 W, 100 %, 65, 0x0000000000000000
2026/09/17 23:33:38.100, 80.79 W, 98 %, 67, 0x0000000000000004
2026/09/17 23:33:39.103, 79.16 W, 81 %, 67, 0x0000000000000004
2026/09/17 23:33:40.106, 54.02 W, 83 %, 65, 0x0000000000000000
2026/09/17 23:33:41.118, 53.62 W, 100 %, 65, 0x0000000000000000
2026/09/17 23:33:42.131, 52.86 W, 100 %, 65, 0x0000000000000000
2026/09/17 23:33:43.143, 79.68 W, 98 %, 65, 0x0000000000000004
2026/09/17 23:33:44.146, 54.30 W, 92 %, 65, 0x0000000000000000
2026/09/17 23:33:45.160, 64.17 W, 100 %, 65, 0x0000000000000000
2026/09/17 23:33:46.174, 54.28 W, 99 %, 65, 0x0000000000000000
2026/09/17 23:33:47.186, 53.98 W, 100 %, 65, 0x0000000000000000
2026/09/17 23:33:48.200, 52.98 W, 100 %, 65, 0x0000000000000000
2026/09/17 23:33:49.213, 54.16 W, 99 %, 65, 0x0000000000000000
2026/09/17 23:33:50.226, 53.36 W, 99 %, 65, 0x0000000000000000
2026/09/17 23:33:51.239, 53.81 W, 98 %, 65, 0x0000000000000000
2026/09/17 23:33:52.252, 49.13 W, 100 %, 65, 0x0000000000000000
2026/09/17 23:33:53.266, 62.14 W, 98 %, 65, 0x0000000000000004
2026/09/17 23:33:54.269, 76.30 W, 94 %, 68, 0x0000000000000004
2026/09/17 23:33:55.272, 54.00 W, 81 %, 65, 0x0000000000000000
2026/09/17 23:33:56.285, 53.34 W, 100 %, 65, 0x0000000000000000
2026/09/17 23:33:57.298, 61.02 W, 100 %, 65, 0x0000000000000004
2026/09/17 23:33:58.302, 53.95 W, 98 %, 65, 0x0000000000000000
2026/09/17 23:33:59.315, 53.74 W, 96 %, 65, 0x0000000000000000
2026/09/17 23:34:00.328, 53.64 W, 96 %, 65, 0x0000000000000000
2026/09/17 23:34:01.342, 54.02 W, 99 %, 65, 0x0000000000000000
2026/09/17 23:34:02.355, 53.33 W, 100 %, 65, 0x0000000000000000
2026/09/17 23:34:03.367, 54.22 W, 100 %, 65, 0x0000000000000000
2026/09/17 23:34:04.382, 52.91 W, 99 %, 65, 0x0000000000000000
2026/09/17 23:34:05.395, 76.88 W, 99 %, 67, 0x0000000000000004
2026/09/17 23:34:06.400, 78.71 W, 79 %, 67, 0x0000000000000004
2026/09/17 23:34:07.403, 33.26 W, 80 %, 63, 0x0000000000000000
2026/09/17 23:34:08.416, 28.68 W, 7 %, 62, 0x0000000000000000
2026/09/17 23:34:09.431, 23.86 W, 0 %, 61, 0x0000000000000000
2026/09/17 23:34:10.447, 23.75 W, 0 %, 60, 0x0000000000000000
2026/09/17 23:34:11.460, 53.74 W, 3 %, 64, 0x0000000000000000
2026/09/17 23:34:12.475, 53.08 W, 100 %, 64, 0x0000000000000000
2026/09/17 23:34:13.488, 53.88 W, 100 %, 64, 0x0000000000000000
2026/09/17 23:34:14.503, 53.94 W, 99 %, 64, 0x0000000000000000
2026/09/17 23:34:15.515, 55.35 W, 100 %, 64, 0x0000000000000000
2026/09/17 23:34:16.530, 54.33 W, 100 %, 64, 0x0000000000000000
2026/09/17 23:34:17.543, 54.40 W, 98 %, 64, 0x0000000000000000
2026/09/17 23:34:18.557, 53.97 W, 100 %, 64, 0x0000000000000000
2026/09/17 23:34:19.569, 53.96 W, 100 %, 64, 0x0000000000000000
2026/09/17 23:34:20.584, 53.59 W, 99 %, 64, 0x0000000000000000
2026/09/17 23:34:21.598, 54.32 W, 100 %, 64, 0x0000000000000000
2026/09/17 23:34:22.612, 77.32 W, 88 %, 67, 0x0000000000000004
2026/09/17 23:34:23.617, 77.31 W, 83 %, 67, 0x0000000000000004
2026/09/17 23:34:24.622, 53.66 W, 95 %, 65, 0x0000000000000000
2026/09/17 23:34:25.635, 53.69 W, 100 %, 65, 0x0000000000000000
2026/09/17 23:34:26.647, 51.83 W, 98 %, 65, 0x0000000000000000
2026/09/17 23:34:27.661, 54.19 W, 100 %, 65, 0x0000000000000000
2026/09/17 23:34:28.674, 66.71 W, 99 %, 65, 0x0000000000000004
2026/09/17 23:34:29.677, 53.14 W, 99 %, 64, 0x0000000000000000
2026/09/17 23:34:30.692, 53.79 W, 98 %, 64, 0x0000000000000000
2026/09/17 23:34:31.704, 53.51 W, 100 %, 64, 0x0000000000000000
2026/09/17 23:34:32.719, 52.93 W, 98 %, 65, 0x0000000000000000
2026/09/17 23:34:33.731, 57.49 W, 93 %, 66, 0x0000000000000004
2026/09/17 23:34:34.734, 57.81 W, 100 %, 64, 0x0000000000000000
2026/09/17 23:34:35.748, 53.34 W, 100 %, 64, 0x0000000000000000
2026/09/17 23:34:36.761, 53.35 W, 98 %, 65, 0x0000000000000000
2026/09/17 23:34:37.775, 80.34 W, 95 %, 64, 0x0000000000000004
2026/09/17 23:34:38.779, 62.17 W, 81 %, 67, 0x0000000000000004
2026/09/17 23:34:39.783, 57.84 W, 100 %, 65, 0x0000000000000000
2026/09/17 23:34:40.797, 54.26 W, 100 %, 65, 0x0000000000000000
2026/09/17 23:34:41.809, 52.76 W, 98 %, 64, 0x0000000000000000
2026/09/17 23:34:42.823, 76.48 W, 94 %, 64, 0x0000000000000004
2026/09/17 23:34:43.828, 53.84 W, 96 %, 65, 0x0000000000000000
2026/09/17 23:34:44.841, 62.06 W, 100 %, 65, 0x0000000000000004
2026/09/17 23:34:45.843, 53.67 W, 98 %, 65, 0x0000000000000000
2026/09/17 23:34:46.856, 53.69 W, 97 %, 65, 0x0000000000000000
2026/09/17 23:34:47.870, 54.16 W, 100 %, 64, 0x0000000000000000
2026/09/17 23:34:48.884, 53.96 W, 98 %, 64, 0x0000000000000000
2026/09/17 23:34:49.897, 53.65 W, 97 %, 64, 0x0000000000000000
2026/09/17 23:34:50.910, 53.60 W, 100 %, 64, 0x0000000000000000
2026/09/17 23:34:51.923, 52.67 W, 98 %, 64, 0x0000000000000000
2026/09/17 23:34:52.935, 75.22 W, 90 %, 67, 0x0000000000000004
2026/09/17 23:34:53.939, 53.26 W, 84 %, 65, 0x0000000000000000
2026/09/17 23:34:54.952, 54.12 W, 100 %, 65, 0x0000000000000000
2026/09/17 23:34:55.966, 54.00 W, 100 %, 65, 0x0000000000000004
2026/09/17 23:34:56.969, 53.03 W, 98 %, 64, 0x0000000000000000
2026/09/17 23:34:57.982, 70.73 W, 91 %, 66, 0x0000000000000000
2026/09/17 23:34:58.995, 54.87 W, 97 %, 65, 0x0000000000000000
2026/09/17 23:35:00.008, 52.35 W, 99 %, 64, 0x0000000000000000
2026/09/17 23:35:01.020, 49.21 W, 99 %, 65, 0x0000000000000000
2026/09/17 23:35:02.038, 57.49 W, 99 %, 65, 0x0000000000000000
2026/09/17 23:35:03.052, 54.91 W, 100 %, 64, 0x0000000000000000
2026/09/17 23:35:04.065, 53.21 W, 98 %, 64, 0x0000000000000000
2026/09/17 23:35:05.077, 53.85 W, 94 %, 64, 0x0000000000000000
2026/09/17 23:35:06.090, 53.40 W, 100 %, 64, 0x0000000000000000
2026/09/17 23:35:07.103, 56.01 W, 100 %, 64, 0x0000000000000004
2026/09/17 23:35:08.106, 53.41 W, 98 %, 64, 0x0000000000000000
2026/09/17 23:35:09.120, 76.67 W, 88 %, 66, 0x0000000000000004
2026/09/17 23:35:10.125, 53.67 W, 86 %, 65, 0x0000000000000000
2026/09/17 23:35:11.138, 53.47 W, 100 %, 65, 0x0000000000000000
2026/09/17 23:35:12.150, 63.65 W, 100 %, 64, 0x0000000000000004
2026/09/17 23:35:13.158, 53.62 W, 98 %, 64, 0x0000000000000000
2026/09/17 23:35:14.170, 53.65 W, 95 %, 64, 0x0000000000000000
2026/09/17 23:35:15.183, 53.01 W, 100 %, 64, 0x0000000000000000
2026/09/17 23:35:16.196, 48.82 W, 99 %, 64, 0x0000000000000004
2026/09/17 23:35:17.199, 61.72 W, 99 %, 64, 0x0000000000000004
2026/09/17 23:35:18.202, 53.94 W, 98 %, 64, 0x0000000000000000
2026/09/17 23:35:19.215, 50.93 W, 100 %, 64, 0x0000000000000000
2026/09/17 23:35:20.230, 53.88 W, 98 %, 64, 0x0000000000000004
2026/09/17 23:35:21.233, 53.29 W, 89 %, 65, 0x0000000000000000
2026/09/17 23:35:22.245, 53.24 W, 100 %, 64, 0x0000000000000000
2026/09/17 23:35:23.259, 50.14 W, 100 %, 64, 0x0000000000000000
2026/09/17 23:35:24.272, 52.94 W, 98 %, 64, 0x0000000000000000
2026/09/17 23:35:25.285, 79.39 W, 91 %, 67, 0x0000000000000004
2026/09/17 23:35:26.288, 53.46 W, 90 %, 65, 0x0000000000000000
2026/09/17 23:35:27.303, 52.11 W, 100 %, 64, 0x0000000000000000
2026/09/17 23:35:28.315, 70.05 W, 98 %, 64, 0x0000000000000004
2026/09/17 23:35:29.318, 53.99 W, 90 %, 67, 0x0000000000000000
2026/09/17 23:35:30.331, 54.33 W, 97 %, 64, 0x0000000000000000
2026/09/17 23:35:31.343, 53.32 W, 100 %, 65, 0x0000000000000004
2026/09/17 23:35:32.346, 53.82 W, 97 %, 64, 0x0000000000000000
2026/09/17 23:35:33.358, 53.96 W, 100 %, 64, 0x0000000000000000
2026/09/17 23:35:34.371, 54.12 W, 100 %, 64, 0x0000000000000000
2026/09/17 23:35:35.387, 52.94 W, 98 %, 64, 0x0000000000000000
2026/09/17 23:35:36.400, 52.73 W, 100 %, 64, 0x0000000000000000
2026/09/17 23:35:37.413, 53.52 W, 93 %, 64, 0x0000000000000000
2026/09/17 23:35:38.428, 54.63 W, 100 %, 64, 0x0000000000000000
2026/09/17 23:35:39.440, 53.91 W, 98 %, 64, 0x0000000000000000
2026/09/17 23:35:40.455, 76.81 W, 100 %, 67, 0x0000000000000004
2026/09/17 23:35:41.460, 53.67 W, 86 %, 64, 0x0000000000000000
2026/09/17 23:35:42.472, 60.59 W, 100 %, 66, 0x0000000000000004
2026/09/17 23:35:43.475, 53.54 W, 99 %, 64, 0x0000000000000000
2026/09/17 23:35:44.488, 79.90 W, 92 %, 67, 0x0000000000000004
2026/09/17 23:35:45.491, 53.58 W, 83 %, 65, 0x0000000000000000
2026/09/17 23:35:46.503, 54.64 W, 98 %, 65, 0x0000000000000000
2026/09/17 23:35:47.516, 50.20 W, 99 %, 65, 0x0000000000000004
2026/09/17 23:35:48.519, 53.64 W, 99 %, 65, 0x0000000000000000
2026/09/17 23:35:49.531, 53.64 W, 100 %, 64, 0x0000000000000000
2026/09/17 23:35:50.547, 51.18 W, 99 %, 66, 0x0000000000000000
2026/09/17 23:35:51.559, 54.03 W, 100 %, 64, 0x0000000000000000
2026/09/17 23:35:52.574, 52.80 W, 100 %, 64, 0x0000000000000000
2026/09/17 23:35:53.587, 51.46 W, 99 %, 64, 0x0000000000000000
2026/09/17 23:35:54.600, 52.00 W, 95 %, 65, 0x0000000000000000
2026/09/17 23:35:55.613, 54.03 W, 94 %, 65, 0x0000000000000000
2026/09/17 23:35:56.626, 46.92 W, 100 %, 64, 0x0000000000000004
2026/09/17 23:35:57.632, 54.60 W, 98 %, 64, 0x0000000000000000
2026/09/17 23:35:58.645, 80.27 W, 92 %, 67, 0x0000000000000004
2026/09/17 23:35:59.648, 53.93 W, 78 %, 65, 0x0000000000000000
2026/09/17 23:36:00.661, 54.07 W, 99 %, 64, 0x0000000000000000
2026/09/17 23:36:01.674, 52.08 W, 99 %, 64, 0x0000000000000000
2026/09/17 23:36:02.687, 53.48 W, 98 %, 64, 0x0000000000000000
2026/09/17 23:36:03.699, 53.53 W, 98 %, 64, 0x0000000000000000
2026/09/17 23:36:04.712, 50.06 W, 99 %, 64, 0x0000000000000000
2026/09/17 23:36:05.725, 53.46 W, 99 %, 64, 0x0000000000000000
2026/09/17 23:36:06.739, 53.79 W, 97 %, 64, 0x0000000000000000
2026/09/17 23:36:07.751, 57.69 W, 99 %, 64, 0x0000000000000004
2026/09/17 23:36:08.754, 68.62 W, 99 %, 66, 0x0000000000000004
2026/09/17 23:36:09.757, 56.86 W, 90 %, 65, 0x0000000000000000
2026/09/17 23:36:10.769, 53.30 W, 100 %, 66, 0x0000000000000000
2026/09/17 23:36:11.784, 72.39 W, 98 %, 64, 0x0000000000000004
2026/09/17 23:36:12.787, 52.67 W, 91 %, 67, 0x0000000000000000
2026/09/17 23:36:13.800, 54.51 W, 91 %, 65, 0x0000000000000000
2026/09/17 23:36:14.814, 53.33 W, 100 %, 64, 0x0000000000000000
2026/09/17 23:36:15.827, 53.17 W, 98 %, 65, 0x0000000000000000
2026/09/17 23:36:16.839, 54.56 W, 98 %, 64, 0x0000000000000000
2026/09/17 23:36:17.852, 54.41 W, 100 %, 64, 0x0000000000000000
2026/09/17 23:36:18.865, 53.17 W, 98 %, 64, 0x0000000000000000
2026/09/17 23:36:19.880, 54.31 W, 96 %, 64, 0x0000000000000000
2026/09/17 23:36:20.895, 53.10 W, 100 %, 64, 0x0000000000000000
2026/09/17 23:36:21.909, 74.28 W, 98 %, 67, 0x0000000000000004
2026/09/17 23:36:22.914, 80.20 W, 88 %, 67, 0x0000000000000004
2026/09/17 23:36:23.917, 33.11 W, 81 %, 62, 0x0000000000000000
2026/09/17 23:36:24.931, 32.95 W, 8 %, 62, 0x0000000000000000
2026/09/17 23:36:25.945, 23.70 W, 0 %, 60, 0x0000000000000000
2026/09/17 23:36:26.960, 23.75 W, 0 %, 60, 0x0000000000000000
2026/09/17 23:36:27.974, 23.58 W, 0 %, 60, 0x0000000000000000
2026/09/17 23:36:28.988, 53.40 W, 0 %, 63, 0x0000000000000000
2026/09/17 23:36:30.001, 53.04 W, 94 %, 63, 0x0000000000000000
2026/09/17 23:36:31.016, 54.34 W, 100 %, 63, 0x0000000000000000
2026/09/17 23:36:32.029, 54.17 W, 99 %, 63, 0x0000000000000000
2026/09/17 23:36:33.041, 54.20 W, 100 %, 63, 0x0000000000000000
2026/09/17 23:36:34.054, 53.52 W, 99 %, 63, 0x0000000000000000
2026/09/17 23:36:35.069, 53.96 W, 100 %, 64, 0x0000000000000000
2026/09/17 23:36:36.081, 53.75 W, 100 %, 64, 0x0000000000000000
2026/09/17 23:36:37.094, 54.02 W, 100 %, 64, 0x0000000000000000
2026/09/17 23:36:38.107, 53.94 W, 99 %, 64, 0x0000000000000000
2026/09/17 23:36:39.121, 54.56 W, 100 %, 64, 0x0000000000000000
2026/09/17 23:36:40.135, 52.37 W, 99 %, 64, 0x0000000000000000
2026/09/17 23:36:41.149, 68.10 W, 99 %, 64, 0x0000000000000004
2026/09/17 23:36:42.152, 79.27 W, 90 %, 66, 0x0000000000000004
2026/09/17 23:36:43.155, 79.10 W, 83 %, 67, 0x0000000000000004
2026/09/17 23:36:44.158, 53.55 W, 93 %, 64, 0x0000000000000000
2026/09/17 23:36:45.171, 53.54 W, 100 %, 64, 0x0000000000000000
2026/09/17 23:36:46.184, 53.60 W, 99 %, 64, 0x0000000000000000
2026/09/17 23:36:47.197, 53.67 W, 100 %, 64, 0x0000000000000000
2026/09/17 23:36:48.209, 53.56 W, 100 %, 64, 0x0000000000000000
2026/09/17 23:36:49.222, 53.95 W, 99 %, 64, 0x0000000000000000
2026/09/17 23:36:50.235, 54.14 W, 98 %, 64, 0x0000000000000000
2026/09/17 23:36:51.247, 58.67 W, 100 %, 64, 0x0000000000000000
2026/09/17 23:36:52.262, 66.39 W, 100 %, 64, 0x0000000000000000
2026/09/17 23:36:53.274, 53.65 W, 98 %, 65, 0x0000000000000000
2026/09/17 23:36:54.289, 53.49 W, 93 %, 64, 0x0000000000000000
2026/09/17 23:36:55.302, 53.07 W, 100 %, 65, 0x0000000000000000
2026/09/17 23:36:56.317, 50.73 W, 98 %, 65, 0x0000000000000000
2026/09/17 23:36:57.329, 71.83 W, 100 %, 65, 0x0000000000000004
2026/09/17 23:36:58.332, 78.85 W, 82 %, 67, 0x0000000000000004
2026/09/17 23:36:59.335, 53.90 W, 91 %, 65, 0x0000000000000000
2026/09/17 23:37:00.347, 53.94 W, 100 %, 65, 0x0000000000000000
2026/09/17 23:37:01.362, 52.97 W, 98 %, 65, 0x0000000000000000
2026/09/17 23:37:02.376, 79.56 W, 99 %, 65, 0x0000000000000004
2026/09/17 23:37:03.379, 54.05 W, 93 %, 65, 0x0000000000000000
2026/09/17 23:37:04.396, 54.17 W, 100 %, 65, 0x0000000000000000
2026/09/17 23:37:05.408, 58.00 W, 99 %, 65, 0x0000000000000000
2026/09/17 23:37:06.423, 54.37 W, 100 %, 65, 0x0000000000000000
2026/09/17 23:37:07.436, 69.96 W, 100 %, 65, 0x0000000000000004
2026/09/17 23:37:08.439, 54.59 W, 99 %, 65, 0x0000000000000000
2026/09/17 23:37:09.453, 53.20 W, 99 %, 65, 0x0000000000000000
2026/09/17 23:37:10.466, 53.70 W, 98 %, 65, 0x0000000000000000
2026/09/17 23:37:11.479, 54.11 W, 100 %, 65, 0x0000000000000000
2026/09/17 23:37:12.492, 63.32 W, 99 %, 65, 0x0000000000000004
2026/09/17 23:37:13.495, 77.77 W, 94 %, 68, 0x0000000000000004
2026/09/17 23:37:14.498, 76.34 W, 79 %, 68, 0x0000000000000004
2026/09/17 23:37:15.503, 54.79 W, 95 %, 65, 0x0000000000000000
2026/09/17 23:37:16.516, 54.50 W, 100 %, 65, 0x0000000000000000
2026/09/17 23:37:17.529, 53.31 W, 98 %, 65, 0x0000000000000000
2026/09/17 23:37:18.541, 76.04 W, 97 %, 68, 0x0000000000000004
2026/09/17 23:37:19.544, 53.46 W, 87 %, 65, 0x0000000000000000
2026/09/17 23:37:20.556, 54.15 W, 100 %, 65, 0x0000000000000000
2026/09/17 23:37:21.570, 48.81 W, 99 %, 65, 0x0000000000000000
2026/09/17 23:37:22.583, 54.05 W, 97 %, 65, 0x0000000000000000
2026/09/17 23:37:23.596, 54.12 W, 100 %, 65, 0x0000000000000000
2026/09/17 23:37:24.608, 54.90 W, 100 %, 65, 0x0000000000000000
2026/09/17 23:37:25.621, 54.50 W, 100 %, 65, 0x0000000000000000
2026/09/17 23:37:26.634, 54.42 W, 99 %, 65, 0x0000000000000000
2026/09/17 23:37:27.648, 52.98 W, 99 %, 65, 0x0000000000000000
2026/09/17 23:37:28.661, 53.73 W, 99 %, 65, 0x0000000000000000
2026/09/17 23:37:29.674, 77.91 W, 93 %, 67, 0x0000000000000004
2026/09/17 23:37:30.677, 54.58 W, 89 %, 65, 0x0000000000000000
2026/09/17 23:37:31.690, 54.18 W, 100 %, 65, 0x0000000000000000
2026/09/17 23:37:32.702, 58.39 W, 99 %, 65, 0x0000000000000000
2026/09/17 23:37:33.715, 61.94 W, 99 %, 65, 0x0000000000000004
2026/09/17 23:37:34.721, 52.31 W, 86 %, 68, 0x0000000000000000
2026/09/17 23:37:35.735, 53.76 W, 98 %, 65, 0x0000000000000000
2026/09/17 23:37:36.748, 53.94 W, 99 %, 65, 0x0000000000000000
2026/09/17 23:37:37.763, 71.38 W, 99 %, 65, 0x0000000000000004
2026/09/17 23:37:38.766, 53.84 W, 93 %, 65, 0x0000000000000000
2026/09/17 23:37:39.778, 52.88 W, 100 %, 65, 0x0000000000000000
2026/09/17 23:37:40.792, 75.21 W, 98 %, 65, 0x0000000000000004
2026/09/17 23:37:41.797, 54.07 W, 97 %, 65, 0x0000000000000000
2026/09/17 23:37:42.809, 51.54 W, 100 %, 65, 0x0000000000000000
2026/09/17 23:37:43.824, 52.74 W, 98 %, 65, 0x0000000000000004
2026/09/17 23:37:44.829, 77.46 W, 89 %, 67, 0x0000000000000004
2026/09/17 23:37:45.834, 55.69 W, 92 %, 65, 0x0000000000000000
2026/09/17 23:37:46.847, 53.10 W, 100 %, 65, 0x0000000000000000
2026/09/17 23:37:47.860, 84.08 W, 98 %, 65, 0x0000000000000004
2026/09/17 23:37:48.866, 53.71 W, 91 %, 65, 0x0000000000000000
2026/09/17 23:37:49.878, 54.44 W, 100 %, 65, 0x0000000000000000
2026/09/17 23:37:50.891, 53.15 W, 99 %, 65, 0x0000000000000000
2026/09/17 23:37:51.907, 53.46 W, 99 %, 65, 0x0000000000000000
2026/09/17 23:37:52.919, 53.54 W, 99 %, 65, 0x0000000000000000
2026/09/17 23:37:53.933, 53.31 W, 99 %, 65, 0x0000000000000000
2026/09/17 23:37:54.945, 58.39 W, 99 %, 65, 0x0000000000000004
2026/09/17 23:37:55.948, 56.00 W, 93 %, 65, 0x0000000000000000
2026/09/17 23:37:56.962, 52.38 W, 100 %, 65, 0x0000000000000000
2026/09/17 23:37:57.975, 77.61 W, 98 %, 67, 0x0000000000000004
2026/09/17 23:37:58.978, 52.02 W, 87 %, 65, 0x0000000000000000
2026/09/17 23:37:59.990, 54.02 W, 93 %, 65, 0x0000000000000000
2026/09/17 23:38:01.005, 53.43 W, 100 %, 65, 0x0000000000000000
2026/09/17 23:38:02.018, 78.79 W, 98 %, 67, 0x0000000000000004
2026/09/17 23:38:03.020, 53.77 W, 92 %, 65, 0x0000000000000000
2026/09/17 23:38:04.033, 59.57 W, 100 %, 66, 0x0000000000000000
2026/09/17 23:38:05.046, 53.23 W, 99 %, 65, 0x0000000000000000
2026/09/17 23:38:06.059, 53.62 W, 93 %, 65, 0x0000000000000000
2026/09/17 23:38:07.073, 64.02 W, 100 %, 65, 0x0000000000000004
2026/09/17 23:38:08.080, 53.17 W, 99 %, 65, 0x0000000000000000
2026/09/17 23:38:09.093, 53.66 W, 96 %, 65, 0x0000000000000000
2026/09/17 23:38:10.108, 55.08 W, 100 %, 65, 0x0000000000000000
2026/09/17 23:38:11.120, 52.25 W, 99 %, 65, 0x0000000000000000
2026/09/17 23:38:12.134, 82.24 W, 92 %, 67, 0x0000000000000004
2026/09/17 23:38:13.140, 54.88 W, 88 %, 65, 0x0000000000000000
2026/09/17 23:38:14.153, 51.49 W, 100 %, 65, 0x0000000000000000
2026/09/17 23:38:15.166, 71.96 W, 99 %, 65, 0x0000000000000004
2026/09/17 23:38:16.172, 53.10 W, 90 %, 65, 0x0000000000000000
2026/09/17 23:38:17.186, 53.54 W, 97 %, 65, 0x0000000000000000
2026/09/17 23:38:18.198, 46.81 W, 100 %, 65, 0x0000000000000004
2026/09/17 23:38:19.201, 54.02 W, 99 %, 65, 0x0000000000000000
2026/09/17 23:38:20.215, 54.64 W, 100 %, 65, 0x0000000000000000
2026/09/17 23:38:21.228, 53.61 W, 99 %, 65, 0x0000000000000000
2026/09/17 23:38:22.242, 51.82 W, 100 %, 65, 0x0000000000000000
2026/09/17 23:38:23.254, 52.63 W, 99 %, 66, 0x0000000000000000
2026/09/17 23:38:24.269, 53.81 W, 95 %, 65, 0x0000000000000000
2026/09/17 23:38:25.282, 53.85 W, 100 %, 65, 0x0000000000000004
2026/09/17 23:38:26.285, 78.88 W, 98 %, 66, 0x0000000000000004
2026/09/17 23:38:27.288, 53.84 W, 87 %, 65, 0x0000000000000000
2026/09/17 23:38:28.301, 53.76 W, 96 %, 65, 0x0000000000000000
2026/09/17 23:38:29.314, 58.87 W, 98 %, 65, 0x0000000000000004
2026/09/17 23:38:30.317, 77.23 W, 99 %, 67, 0x0000000000000004
2026/09/17 23:38:31.320, 53.81 W, 88 %, 65, 0x0000000000000000
2026/09/17 23:38:32.332, 53.16 W, 100 %, 65, 0x0000000000000000
2026/09/17 23:38:33.346, 53.03 W, 99 %, 65, 0x0000000000000000
2026/09/17 23:38:34.359, 78.54 W, 98 %, 67, 0x0000000000000004
2026/09/17 23:38:35.362, 32.72 W, 84 %, 68, 0x0000000000000000
2026/09/17 23:38:36.374, 33.03 W, 43 %, 63, 0x0000000000000000
2026/09/17 23:38:37.388, 23.82 W, 0 %, 61, 0x0000000000000000
2026/09/17 23:38:38.402, 23.74 W, 0 %, 61, 0x0000000000000000
2026/09/17 23:38:39.421, 23.69 W, 0 %, 60, 0x0000000000000000
2026/09/17 23:38:40.435, 31.69 W, 0 %, 61, 0x0000000000000000
2026/09/17 23:38:41.448, 53.92 W, 38 %, 64, 0x0000000000000000
2026/09/17 23:38:42.461, 54.66 W, 100 %, 64, 0x0000000000000000
2026/09/17 23:38:43.474, 53.22 W, 99 %, 64, 0x0000000000000000
2026/09/17 23:38:44.487, 56.67 W, 99 %, 65, 0x0000000000000000
2026/09/17 23:38:45.501, 58.23 W, 93 %, 64, 0x0000000000000000
2026/09/17 23:38:46.514, 54.84 W, 100 %, 64, 0x0000000000000000
2026/09/17 23:38:47.528, 59.09 W, 100 %, 64, 0x0000000000000000
2026/09/17 23:38:48.541, 54.88 W, 99 %, 64, 0x0000000000000000
2026/09/17 23:38:49.556, 54.35 W, 100 %, 64, 0x0000000000000000
2026/09/17 23:38:50.568, 66.44 W, 100 %, 64, 0x0000000000000000
2026/09/17 23:38:51.581, 53.78 W, 98 %, 64, 0x0000000000000000
2026/09/17 23:38:52.593, 53.71 W, 100 %, 64, 0x0000000000000000
2026/09/17 23:38:53.608, 53.50 W, 99 %, 64, 0x0000000000000000
2026/09/17 23:38:54.621, 75.49 W, 100 %, 67, 0x0000000000000004
2026/09/17 23:38:55.624, 53.38 W, 85 %, 67, 0x0000000000000000
2026/09/17 23:38:56.637, 54.14 W, 86 %, 65, 0x0000000000000000
2026/09/17 23:38:57.651, 54.05 W, 100 %, 65, 0x0000000000000000
2026/09/17 23:38:58.665, 53.68 W, 98 %, 65, 0x0000000000000004
2026/09/17 23:38:59.668, 80.16 W, 85 %, 67, 0x0000000000000004
2026/09/17 23:39:00.671, 54.46 W, 91 %, 65, 0x0000000000000000
2026/09/17 23:39:01.684, 53.89 W, 100 %, 65, 0x0000000000000000
2026/09/17 23:39:02.698, 54.06 W, 99 %, 65, 0x0000000000000000
2026/09/17 23:39:03.711, 51.24 W, 99 %, 65, 0x0000000000000000
2026/09/17 23:39:04.724, 55.05 W, 100 %, 65, 0x0000000000000000
2026/09/17 23:39:05.736, 53.24 W, 99 %, 66, 0x0000000000000000
2026/09/17 23:39:06.749, 54.40 W, 100 %, 65, 0x0000000000000000
2026/09/17 23:39:07.761, 54.96 W, 100 %, 65, 0x0000000000000000
2026/09/17 23:39:08.776, 57.45 W, 100 %, 65, 0x0000000000000000
2026/09/17 23:39:09.788, 56.64 W, 99 %, 65, 0x0000000000000000
2026/09/17 23:39:10.802, 54.29 W, 100 %, 65, 0x0000000000000000
2026/09/17 23:39:11.815, 53.57 W, 99 %, 64, 0x0000000000000000
2026/09/17 23:39:12.827, 51.84 W, 99 %, 65, 0x0000000000000000
2026/09/17 23:39:13.840, 71.20 W, 99 %, 65, 0x0000000000000004
2026/09/17 23:39:14.843, 77.62 W, 82 %, 67, 0x0000000000000004
2026/09/17 23:39:15.846, 51.08 W, 83 %, 68, 0x0000000000000000
2026/09/17 23:39:16.859, 54.60 W, 100 %, 65, 0x0000000000000000
2026/09/17 23:39:17.874, 56.07 W, 100 %, 65, 0x0000000000000000
2026/09/17 23:39:18.887, 54.41 W, 98 %, 65, 0x0000000000000000
2026/09/17 23:39:19.901, 54.42 W, 100 %, 65, 0x0000000000000000
2026/09/17 23:39:20.914, 54.34 W, 100 %, 65, 0x0000000000000000
2026/09/17 23:39:21.927, 53.86 W, 100 %, 65, 0x0000000000000000
2026/09/17 23:39:22.940, 55.92 W, 99 %, 65, 0x0000000000000000
2026/09/17 23:39:23.953, 54.32 W, 100 %, 65, 0x0000000000000000
2026/09/17 23:39:24.966, 54.16 W, 100 %, 65, 0x0000000000000000
2026/09/17 23:39:25.980, 54.57 W, 99 %, 65, 0x0000000000000000
2026/09/17 23:39:26.992, 54.15 W, 100 %, 65, 0x0000000000000000
2026/09/17 23:39:28.007, 54.01 W, 100 %, 65, 0x0000000000000000
2026/09/17 23:39:29.019, 53.77 W, 99 %, 65, 0x0000000000000000
2026/09/17 23:39:30.033, 74.89 W, 96 %, 67, 0x0000000000000004
2026/09/17 23:39:31.036, 81.67 W, 80 %, 68, 0x0000000000000004
2026/09/17 23:39:32.041, 53.83 W, 84 %, 65, 0x0000000000000000
2026/09/17 23:39:33.054, 54.07 W, 100 %, 65, 0x0000000000000000
2026/09/17 23:39:34.066, 67.57 W, 99 %, 65, 0x0000000000000000
2026/09/17 23:39:35.080, 52.70 W, 94 %, 65, 0x0000000000000000
2026/09/17 23:39:36.093, 53.65 W, 100 %, 65, 0x0000000000000000
2026/09/17 23:39:37.107, 69.10 W, 100 %, 65, 0x0000000000000004
2026/09/17 23:39:38.111, 53.67 W, 98 %, 65, 0x0000000000000000
2026/09/17 23:39:39.124, 54.02 W, 98 %, 65, 0x0000000000000000
2026/09/17 23:39:40.137, 53.62 W, 100 %, 65, 0x0000000000000000
2026/09/17 23:39:41.150, 53.53 W, 98 %, 65, 0x0000000000000000
2026/09/17 23:39:42.162, 67.89 W, 98 %, 67, 0x0000000000000004
2026/09/17 23:39:43.166, 53.49 W, 94 %, 65, 0x0000000000000000
2026/09/17 23:39:44.178, 53.93 W, 100 %, 65, 0x0000000000000000
2026/09/17 23:39:45.191, 53.13 W, 98 %, 65, 0x0000000000000000
2026/09/17 23:39:46.206, 77.28 W, 100 %, 65, 0x0000000000000004
2026/09/17 23:39:47.209, 53.48 W, 83 %, 67, 0x0000000000000000
2026/09/17 23:39:48.222, 56.88 W, 95 %, 65, 0x0000000000000000
2026/09/17 23:39:49.234, 53.39 W, 99 %, 65, 0x0000000000000000
2026/09/17 23:39:50.246, 74.22 W, 99 %, 65, 0x0000000000000004
2026/09/17 23:39:51.250, 53.91 W, 90 %, 65, 0x0000000000000000
2026/09/17 23:39:52.263, 54.10 W, 100 %, 65, 0x0000000000000000
2026/09/17 23:39:53.278, 54.00 W, 99 %, 65, 0x0000000000000000
2026/09/17 23:39:54.291, 54.32 W, 100 %, 65, 0x0000000000000000
2026/09/17 23:39:55.305, 54.00 W, 99 %, 65, 0x0000000000000000
2026/09/17 23:39:56.318, 54.34 W, 99 %, 65, 0x0000000000000000
2026/09/17 23:39:57.331, 51.61 W, 90 %, 67, 0x0000000000000000
2026/09/17 23:39:58.344, 53.92 W, 96 %, 65, 0x0000000000000000
2026/09/17 23:39:59.357, 53.41 W, 99 %, 66, 0x0000000000000000
2026/09/17 23:40:00.371, 78.91 W, 99 %, 65, 0x0000000000000004
2026/09/17 23:40:01.374, 78.64 W, 85 %, 68, 0x0000000000000004
2026/09/17 23:40:02.378, 33.20 W, 68 %, 63, 0x0000000000000000
2026/09/17 23:40:03.391, 32.99 W, 0 %, 63, 0x0000000000000000
2026/09/17 23:40:04.403, 23.80 W, 0 %, 61, 0x0000000000000000
2026/09/17 23:40:05.421, 23.75 W, 0 %, 61, 0x0000000000000000
2026/09/17 23:40:06.436, 23.63 W, 0 %, 60, 0x0000000000000000
2026/09/17 23:40:07.451, 23.59 W, 0 %, 60, 0x0000000000000000
2026/09/17 23:40:08.466, 23.66 W, 0 %, 60, 0x0000000000000000
2026/09/17 23:40:09.480, 23.61 W, 0 %, 60, 0x0000000000000000
2026/09/17 23:40:10.495, 23.48 W, 0 %, 59, 0x0000000000000000
2026/09/17 23:40:11.509, 32.59 W, 0 %, 60, 0x0000000000000000
2026/09/17 23:40:12.523, 57.56 W, 56 %, 64, 0x0000000000000000
2026/09/17 23:40:13.536, 53.79 W, 100 %, 63, 0x0000000000000000
2026/09/17 23:40:14.549, 53.69 W, 99 %, 63, 0x0000000000000000
2026/09/17 23:40:15.562, 53.44 W, 100 %, 63, 0x0000000000000000
2026/09/17 23:40:16.576, 53.70 W, 100 %, 63, 0x0000000000000000
2026/09/17 23:40:17.588, 54.51 W, 99 %, 63, 0x0000000000000000
2026/09/17 23:40:18.601, 54.07 W, 99 %, 63, 0x0000000000000000
2026/09/17 23:40:19.613, 53.77 W, 100 %, 63, 0x0000000000000000
2026/09/17 23:40:20.628, 53.82 W, 100 %, 64, 0x0000000000000000
2026/09/17 23:40:21.641, 53.27 W, 99 %, 64, 0x0000000000000000
2026/09/17 23:40:22.654, 53.50 W, 100 %, 64, 0x0000000000000000
2026/09/17 23:40:23.667, 53.37 W, 99 %, 64, 0x0000000000000000
2026/09/17 23:40:24.681, 52.63 W, 100 %, 64, 0x0000000000000000
2026/09/17 23:40:25.694, 80.29 W, 96 %, 66, 0x0000000000000004
2026/09/17 23:40:26.697, 79.39 W, 82 %, 67, 0x0000000000000004
2026/09/17 23:40:27.701, 53.86 W, 86 %, 64, 0x0000000000000000
2026/09/17 23:40:28.715, 59.13 W, 100 %, 64, 0x0000000000000000
2026/09/17 23:40:29.729, 53.59 W, 99 %, 64, 0x0000000000000000
2026/09/17 23:40:30.741, 79.42 W, 95 %, 67, 0x0000000000000004
2026/09/17 23:40:31.745, 32.92 W, 82 %, 62, 0x0000000000000000
2026/09/17 23:40:32.757, 32.91 W, 0 %, 62, 0x0000000000000000
2026/09/17 23:40:33.770, 23.76 W, 0 %, 60, 0x0000000000000000
2026/09/17 23:40:34.785, 23.66 W, 0 %, 60, 0x0000000000000000
2026/09/17 23:40:35.799, 53.23 W, 0 %, 61, 0x0000000000000000
2026/09/17 23:40:36.813, 52.77 W, 84 %, 64, 0x0000000000000000
2026/09/17 23:40:37.826, 53.53 W, 100 %, 64, 0x0000000000000000
2026/09/17 23:40:38.840, 53.98 W, 99 %, 64, 0x0000000000000000
2026/09/17 23:40:39.852, 54.93 W, 100 %, 64, 0x0000000000000000
2026/09/17 23:40:40.867, 54.19 W, 99 %, 64, 0x0000000000000000
2026/09/17 23:40:41.879, 53.72 W, 100 %, 65, 0x0000000000000000
2026/09/17 23:40:42.894, 53.97 W, 100 %, 64, 0x0000000000000000
2026/09/17 23:40:43.906, 66.52 W, 100 %, 64, 0x0000000000000004
2026/09/17 23:40:44.910, 56.33 W, 99 %, 65, 0x0000000000000000
2026/09/17 23:40:45.925, 54.15 W, 100 %, 64, 0x0000000000000000
2026/09/17 23:40:46.937, 53.25 W, 100 %, 64, 0x0000000000000000
2026/09/17 23:40:47.952, 52.52 W, 99 %, 64, 0x0000000000000000
2026/09/17 23:40:48.965, 74.04 W, 99 %, 66, 0x0000000000000004
2026/09/17 23:40:49.969, 77.21 W, 94 %, 67, 0x0000000000000004
2026/09/17 23:40:50.972, 53.53 W, 80 %, 65, 0x0000000000000000
2026/09/17 23:40:51.985, 53.71 W, 90 %, 65, 0x0000000000000000
2026/09/17 23:40:52.999, 54.80 W, 100 %, 65, 0x0000000000000004
2026/09/17 23:40:54.004, 53.67 W, 99 %, 65, 0x0000000000000000
2026/09/17 23:40:55.017, 54.02 W, 99 %, 65, 0x0000000000000000
2026/09/17 23:40:56.030, 53.83 W, 99 %, 65, 0x0000000000000000
2026/09/17 23:40:57.044, 53.75 W, 100 %, 66, 0x0000000000000000
2026/09/17 23:40:58.058, 69.05 W, 98 %, 65, 0x0000000000000004
2026/09/17 23:40:59.063, 79.45 W, 98 %, 67, 0x0000000000000004
2026/09/17 23:41:00.071, 78.94 W, 76 %, 68, 0x0000000000000004
2026/09/17 23:41:01.074, 33.27 W, 82 %, 63, 0x0000000000000000
2026/09/17 23:41:02.088, 54.56 W, 19 %, 65, 0x0000000000000000
2026/09/17 23:41:03.101, 54.01 W, 45 %, 65, 0x0000000000000000
2026/09/17 23:41:04.115, 59.10 W, 100 %, 65, 0x0000000000000000
2026/09/17 23:41:05.128, 54.87 W, 99 %, 65, 0x0000000000000004
2026/09/17 23:41:06.131, 53.40 W, 92 %, 66, 0x0000000000000000
2026/09/17 23:41:07.145, 54.00 W, 100 %, 65, 0x0000000000000000
2026/09/17 23:41:08.158, 54.47 W, 99 %, 65, 0x0000000000000000
2026/09/17 23:41:09.171, 54.26 W, 99 %, 65, 0x0000000000000000
2026/09/17 23:41:10.184, 79.42 W, 88 %, 68, 0x0000000000000004
2026/09/17 23:41:11.187, 33.23 W, 34 %, 63, 0x0000000000000000
2026/09/17 23:41:12.200, 33.11 W, 0 %, 63, 0x0000000000000000
2026/09/17 23:41:13.212, 53.75 W, 54 %, 64, 0x0000000000000000
2026/09/17 23:41:14.225, 53.95 W, 100 %, 65, 0x0000000000000000
2026/09/17 23:41:15.238, 56.55 W, 99 %, 65, 0x0000000000000000
2026/09/17 23:41:16.250, 54.03 W, 100 %, 65, 0x0000000000000000
2026/09/17 23:41:17.263, 71.20 W, 85 %, 67, 0x0000000000000004
2026/09/17 23:41:18.267, 33.15 W, 43 %, 63, 0x0000000000000000
2026/09/17 23:41:19.279, 33.01 W, 0 %, 62, 0x0000000000000000
2026/09/17 23:41:20.291, 23.90 W, 0 %, 61, 0x0000000000000000
2026/09/17 23:41:21.305, 23.76 W, 0 %, 60, 0x0000000000000000
2026/09/17 23:41:22.319, 23.74 W, 0 %, 60, 0x0000000000000000
2026/09/17 23:41:23.334, 23.66 W, 0 %, 60, 0x0000000000000000
2026/09/17 23:41:24.348, 23.58 W, 0 %, 60, 0x0000000000000000
2026/09/17 23:41:25.364, 23.58 W, 0 %, 59, 0x0000000000000000
2026/09/17 23:41:26.377, 23.53 W, 0 %, 59, 0x0000000000000000
2026/09/17 23:41:27.394, 23.50 W, 0 %, 59, 0x0000000000000000
2026/09/17 23:41:28.408, 23.35 W, 0 %, 59, 0x0000000000000000
2026/09/17 23:41:29.425, 23.56 W, 0 %, 59, 0x0000000000000000
2026/09/17 23:41:30.439, 23.45 W, 0 %, 58, 0x0000000000000000
2026/09/17 23:41:31.454, 23.45 W, 0 %, 58, 0x0000000000000000
2026/09/17 23:41:32.468, 23.37 W, 0 %, 58, 0x0000000000000000
2026/09/17 23:41:33.482, 23.41 W, 0 %, 58, 0x0000000000000000
2026/09/17 23:41:34.497, 6.64 W, 0 %, 57, 0x0000000000000001
2026/09/17 23:41:35.521, 4.32 W, 0 %, 56, 0x0000000000000001
2026/09/17 23:41:36.546, 53.48 W, 67 %, 61, 0x0000000000000000
2026/09/17 23:41:37.558, 53.16 W, 100 %, 61, 0x0000000000000000
2026/09/17 23:41:38.573, 54.73 W, 99 %, 62, 0x0000000000000000
2026/09/17 23:41:39.585, 53.70 W, 100 %, 62, 0x0000000000000000
2026/09/17 23:41:40.600, 54.09 W, 99 %, 62, 0x0000000000000000
2026/09/17 23:41:41.613, 54.90 W, 100 %, 62, 0x0000000000000000
2026/09/17 23:41:42.626, 79.26 W, 99 %, 65, 0x0000000000000004
2026/09/17 23:41:43.632, 76.30 W, 81 %, 65, 0x0000000000000004
2026/09/17 23:41:44.635, 32.43 W, 43 %, 60, 0x0000000000000000
2026/09/17 23:41:45.650, 23.33 W, 0 %, 60, 0x0000000000000000
2026/09/17 23:41:46.664, 23.37 W, 0 %, 59, 0x0000000000000000
2026/09/17 23:41:47.680, 23.35 W, 0 %, 58, 0x0000000000000000
2026/09/17 23:41:48.693, 23.33 W, 0 %, 58, 0x0000000000000000
2026/09/17 23:41:49.708, 23.37 W, 0 %, 58, 0x0000000000000000
2026/09/17 23:41:50.722, 23.25 W, 0 %, 58, 0x0000000000000000
2026/09/17 23:41:51.737, 23.34 W, 0 %, 58, 0x0000000000000000
2026/09/17 23:41:52.751, 34.99 W, 0 %, 58, 0x0000000000000000
2026/09/17 23:41:53.764, 53.33 W, 72 %, 61, 0x0000000000000000
2026/09/17 23:41:54.777, 54.78 W, 100 %, 61, 0x0000000000000000
2026/09/17 23:41:55.790, 53.87 W, 99 %, 62, 0x0000000000000000
2026/09/17 23:41:56.802, 79.95 W, 98 %, 64, 0x0000000000000004
2026/09/17 23:41:57.805, 52.96 W, 74 %, 62, 0x0000000000000000
2026/09/17 23:41:58.819, 52.34 W, 100 %, 62, 0x0000000000000000
2026/09/17 23:41:59.831, 54.33 W, 100 %, 62, 0x0000000000000000
2026/09/17 23:42:00.844, 53.57 W, 99 %, 63, 0x0000000000000000
2026/09/17 23:42:01.857, 51.43 W, 100 %, 62, 0x0000000000000000
2026/09/17 23:42:02.869, 53.80 W, 99 %, 63, 0x0000000000000000
2026/09/17 23:42:03.882, 52.33 W, 99 %, 63, 0x0000000000000000
2026/09/17 23:42:04.895, 53.14 W, 99 %, 63, 0x0000000000000000
2026/09/17 23:42:05.907, 52.75 W, 100 %, 63, 0x0000000000000000
2026/09/17 23:42:06.921, 53.34 W, 100 %, 64, 0x0000000000000000
2026/09/17 23:42:07.935, 53.62 W, 99 %, 64, 0x0000000000000000
2026/09/17 23:42:08.948, 53.88 W, 100 %, 63, 0x0000000000000000
2026/09/17 23:42:09.962, 52.94 W, 99 %, 63, 0x0000000000000000
2026/09/17 23:42:10.975, 52.47 W, 100 %, 63, 0x0000000000000000
2026/09/17 23:42:11.990, 82.56 W, 99 %, 66, 0x0000000000000004
2026/09/17 23:42:12.994, 82.18 W, 86 %, 66, 0x0000000000000004
2026/09/17 23:42:13.999, 53.79 W, 82 %, 64, 0x0000000000000000
2026/09/17 23:42:15.012, 54.34 W, 100 %, 64, 0x0000000000000000
2026/09/17 23:42:16.025, 53.34 W, 99 %, 64, 0x0000000000000000
2026/09/17 23:42:17.038, 53.51 W, 98 %, 64, 0x0000000000000000
2026/09/17 23:42:18.050, 52.94 W, 100 %, 64, 0x0000000000000000
2026/09/17 23:42:19.063, 50.95 W, 100 %, 65, 0x0000000000000004
2026/09/17 23:42:20.066, 57.48 W, 98 %, 64, 0x0000000000000004
2026/09/17 23:42:21.071, 79.88 W, 92 %, 67, 0x0000000000000004
2026/09/17 23:42:22.077, 33.06 W, 82 %, 62, 0x0000000000000000
2026/09/17 23:42:23.090, 54.19 W, 14 %, 64, 0x0000000000000000
2026/09/17 23:42:24.102, 52.95 W, 100 %, 64, 0x0000000000000000
2026/09/17 23:42:25.117, 54.14 W, 99 %, 64, 0x0000000000000000
2026/09/17 23:42:26.130, 53.67 W, 100 %, 64, 0x0000000000000000
2026/09/17 23:42:27.143, 54.78 W, 100 %, 64, 0x0000000000000000
2026/09/17 23:42:28.155, 54.39 W, 99 %, 64, 0x0000000000000000
2026/09/17 23:42:29.168, 54.16 W, 100 %, 64, 0x0000000000000000
2026/09/17 23:42:30.181, 53.72 W, 100 %, 64, 0x0000000000000000
2026/09/17 23:42:31.196, 59.88 W, 100 %, 64, 0x0000000000000000
2026/09/17 23:42:32.208, 54.16 W, 99 %, 64, 0x0000000000000000
2026/09/17 23:42:33.222, 53.28 W, 100 %, 64, 0x0000000000000000
2026/09/17 23:42:34.234, 54.16 W, 99 %, 64, 0x0000000000000000
2026/09/17 23:42:35.249, 52.36 W, 100 %, 64, 0x0000000000000000
2026/09/17 23:42:36.262, 77.64 W, 99 %, 66, 0x0000000000000004
2026/09/17 23:42:37.264, 79.09 W, 89 %, 67, 0x0000000000000004
2026/09/17 23:42:38.268, 53.55 W, 83 %, 65, 0x0000000000000000
2026/09/17 23:42:39.280, 54.27 W, 95 %, 65, 0x0000000000000000
2026/09/17 23:42:40.294, 62.20 W, 99 %, 65, 0x0000000000000004
2026/09/17 23:42:41.300, 53.42 W, 99 %, 65, 0x0000000000000000
2026/09/17 23:42:42.313, 53.78 W, 96 %, 65, 0x0000000000000000
2026/09/17 23:42:43.326, 64.92 W, 100 %, 65, 0x0000000000000000
2026/09/17 23:42:44.343, 53.18 W, 98 %, 65, 0x0000000000000000
2026/09/17 23:42:45.357, 53.66 W, 98 %, 65, 0x0000000000000000
2026/09/17 23:42:46.370, 53.94 W, 100 %, 65, 0x0000000000000000
2026/09/17 23:42:47.383, 55.89 W, 99 %, 65, 0x0000000000000000
2026/09/17 23:42:48.395, 53.16 W, 100 %, 65, 0x0000000000000000
2026/09/17 23:42:49.408, 50.75 W, 99 %, 65, 0x0000000000000000
2026/09/17 23:42:50.421, 75.62 W, 99 %, 68, 0x0000000000000004
2026/09/17 23:42:51.425, 57.53 W, 84 %, 66, 0x0000000000000000
2026/09/17 23:42:52.441, 58.33 W, 87 %, 65, 0x0000000000000000
2026/09/17 23:42:53.455, 54.54 W, 100 %, 65, 0x0000000000000000
2026/09/17 23:42:54.467, 53.74 W, 99 %, 65, 0x0000000000000000
2026/09/17 23:42:55.480, 53.63 W, 99 %, 65, 0x0000000000000000
2026/09/17 23:42:56.493, 53.49 W, 94 %, 65, 0x0000000000000000
2026/09/17 23:42:57.506, 50.87 W, 100 %, 65, 0x0000000000000004
2026/09/17 23:42:58.510, 53.73 W, 98 %, 65, 0x0000000000000000
2026/09/17 23:42:59.524, 53.43 W, 98 %, 65, 0x0000000000000000
2026/09/17 23:43:00.538, 48.03 W, 100 %, 66, 0x0000000000000004
2026/09/17 23:43:01.541, 53.83 W, 98 %, 65, 0x0000000000000000
2026/09/17 23:43:02.555, 53.73 W, 96 %, 65, 0x0000000000000000
2026/09/17 23:43:03.567, 59.89 W, 98 %, 65, 0x0000000000000004
2026/09/17 23:43:04.570, 82.72 W, 98 %, 68, 0x0000000000000004
2026/09/17 23:43:05.573, 53.37 W, 89 %, 66, 0x0000000000000000
2026/09/17 23:43:06.586, 54.21 W, 100 %, 65, 0x0000000000000000
2026/09/17 23:43:07.601, 54.42 W, 99 %, 65, 0x0000000000000000
2026/09/17 23:43:08.614, 51.63 W, 96 %, 65, 0x0000000000000000
2026/09/17 23:43:09.628, 53.98 W, 100 %, 65, 0x0000000000000000
2026/09/17 23:43:10.640, 53.79 W, 99 %, 65, 0x0000000000000000
2026/09/17 23:43:11.654, 51.26 W, 97 %, 66, 0x0000000000000000
2026/09/17 23:43:12.666, 54.15 W, 100 %, 65, 0x0000000000000000
2026/09/17 23:43:13.679, 54.79 W, 99 %, 65, 0x0000000000000000
2026/09/17 23:43:14.693, 52.96 W, 94 %, 67, 0x0000000000000000
2026/09/17 23:43:15.706, 54.57 W, 100 %, 65, 0x0000000000000000
2026/09/17 23:43:16.719, 53.27 W, 99 %, 64, 0x0000000000000000
2026/09/17 23:43:17.731, 79.06 W, 93 %, 67, 0x0000000000000004
2026/09/17 23:43:18.734, 76.55 W, 79 %, 68, 0x0000000000000004
2026/09/17 23:43:19.737, 54.20 W, 98 %, 65, 0x0000000000000000
2026/09/17 23:43:20.750, 54.43 W, 100 %, 65, 0x0000000000000000
2026/09/17 23:43:21.764, 49.48 W, 98 %, 65, 0x0000000000000000
2026/09/17 23:43:22.777, 65.78 W, 100 %, 65, 0x0000000000000004
2026/09/17 23:43:23.780, 79.46 W, 82 %, 67, 0x0000000000000004
2026/09/17 23:43:24.783, 54.61 W, 60 %, 65, 0x0000000000000000
2026/09/17 23:43:25.796, 53.99 W, 100 %, 65, 0x0000000000000000
2026/09/17 23:43:26.810, 54.20 W, 99 %, 65, 0x0000000000000000
2026/09/17 23:43:27.823, 66.62 W, 100 %, 65, 0x0000000000000004
2026/09/17 23:43:28.825, 53.83 W, 99 %, 65, 0x0000000000000000
2026/09/17 23:43:29.839, 53.75 W, 100 %, 65, 0x0000000000000000
2026/09/17 23:43:30.851, 53.94 W, 99 %, 65, 0x0000000000000000
2026/09/17 23:43:31.865, 54.11 W, 100 %, 65, 0x0000000000000000
2026/09/17 23:43:32.877, 55.01 W, 100 %, 65, 0x0000000000000000
2026/09/17 23:43:33.890, 54.56 W, 100 %, 65, 0x0000000000000000
2026/09/17 23:43:34.902, 53.42 W, 98 %, 64, 0x0000000000000000
2026/09/17 23:43:35.915, 54.43 W, 100 %, 65, 0x0000000000000000
2026/09/17 23:43:36.931, 53.61 W, 99 %, 65, 0x0000000000000000
2026/09/17 23:43:37.943, 52.61 W, 99 %, 65, 0x0000000000000000
2026/09/17 23:43:38.956, 81.17 W, 99 %, 67, 0x0000000000000004
2026/09/17 23:43:39.959, 80.83 W, 80 %, 67, 0x0000000000000004
2026/09/17 23:43:40.962, 53.07 W, 81 %, 65, 0x0000000000000000
2026/09/17 23:43:41.977, 54.49 W, 100 %, 65, 0x0000000000000000
2026/09/17 23:43:42.989, 53.45 W, 99 %, 65, 0x0000000000000000
2026/09/17 23:43:44.005, 50.73 W, 97 %, 66, 0x0000000000000000
2026/09/17 23:43:45.019, 58.96 W, 97 %, 66, 0x0000000000000000
2026/09/17 23:43:46.034, 55.51 W, 100 %, 65, 0x0000000000000000
2026/09/17 23:43:47.047, 53.03 W, 98 %, 65, 0x0000000000000000
2026/09/17 23:43:48.061, 53.55 W, 97 %, 65, 0x0000000000000000
2026/09/17 23:43:49.075, 53.92 W, 100 %, 65, 0x0000000000000000
2026/09/17 23:43:50.089, 54.42 W, 99 %, 65, 0x0000000000000004
2026/09/17 23:43:51.095, 72.66 W, 96 %, 67, 0x0000000000000004
2026/09/17 23:43:52.097, 58.18 W, 96 %, 65, 0x0000000000000000
2026/09/17 23:43:53.110, 53.44 W, 100 %, 65, 0x0000000000000000
2026/09/17 23:43:54.123, 53.65 W, 98 %, 65, 0x0000000000000000
2026/09/17 23:43:55.137, 79.25 W, 91 %, 67, 0x0000000000000004
2026/09/17 23:43:56.140, 53.40 W, 86 %, 65, 0x0000000000000000
2026/09/17 23:43:57.152, 53.54 W, 100 %, 65, 0x0000000000000000
2026/09/17 23:43:58.166, 49.97 W, 100 %, 67, 0x0000000000000000
2026/09/17 23:43:59.181, 71.18 W, 98 %, 65, 0x0000000000000004
2026/09/17 23:44:00.185, 53.71 W, 96 %, 65, 0x0000000000000000
2026/09/17 23:44:01.197, 54.12 W, 100 %, 65, 0x0000000000000000
2026/09/17 23:44:02.210, 50.02 W, 99 %, 65, 0x0000000000000000
2026/09/17 23:44:03.223, 66.43 W, 99 %, 65, 0x0000000000000004
2026/09/17 23:44:04.226, 54.30 W, 92 %, 65, 0x0000000000000000
2026/09/17 23:44:05.241, 63.69 W, 100 %, 65, 0x0000000000000004
2026/09/17 23:44:06.244, 53.59 W, 99 %, 66, 0x0000000000000000
2026/09/17 23:44:07.257, 53.87 W, 94 %, 65, 0x0000000000000000
2026/09/17 23:44:08.271, 54.24 W, 100 %, 65, 0x0000000000000000
2026/09/17 23:44:09.283, 52.13 W, 99 %, 65, 0x0000000000000000
2026/09/17 23:44:10.297, 80.92 W, 92 %, 67, 0x0000000000000004
2026/09/17 23:44:11.301, 49.63 W, 82 %, 68, 0x0000000000000000
2026/09/17 23:44:12.314, 54.25 W, 96 %, 65, 0x0000000000000000
2026/09/17 23:44:13.327, 53.61 W, 99 %, 65, 0x0000000000000000
2026/09/17 23:44:14.339, 52.11 W, 99 %, 65, 0x0000000000000000
2026/09/17 23:44:15.352, 54.04 W, 99 %, 65, 0x0000000000000000
2026/09/17 23:44:16.364, 53.29 W, 99 %, 65, 0x0000000000000000
2026/09/17 23:44:17.379, 51.42 W, 99 %, 65, 0x0000000000000000
2026/09/17 23:44:18.392, 53.85 W, 96 %, 65, 0x0000000000000000
2026/09/17 23:44:19.407, 54.05 W, 100 %, 65, 0x0000000000000000
2026/09/17 23:44:20.419, 53.85 W, 100 %, 65, 0x0000000000000000
2026/09/17 23:44:21.435, 52.76 W, 100 %, 65, 0x0000000000000000
2026/09/17 23:44:22.447, 54.63 W, 99 %, 65, 0x0000000000000000
2026/09/17 23:44:23.460, 55.07 W, 99 %, 66, 0x0000000000000004
2026/09/17 23:44:24.463, 77.29 W, 91 %, 68, 0x0000000000000004
2026/09/17 23:44:25.466, 53.74 W, 83 %, 65, 0x0000000000000000
2026/09/17 23:44:26.479, 54.02 W, 98 %, 65, 0x0000000000000000
2026/09/17 23:44:27.491, 66.38 W, 99 %, 65, 0x0000000000000004
2026/09/17 23:44:28.494, 54.18 W, 99 %, 65, 0x0000000000000000
2026/09/17 23:44:29.508, 53.46 W, 96 %, 65, 0x0000000000000000
2026/09/17 23:44:30.520, 53.90 W, 99 %, 65, 0x0000000000000000
2026/09/17 23:44:31.534, 53.33 W, 99 %, 65, 0x0000000000000000
2026/09/17 23:44:32.547, 53.83 W, 97 %, 65, 0x0000000000000000
2026/09/17 23:44:33.560, 54.95 W, 99 %, 65, 0x0000000000000000
2026/09/17 23:44:34.573, 53.02 W, 99 %, 65, 0x0000000000000000
2026/09/17 23:44:35.585, 53.85 W, 97 %, 65, 0x0000000000000000
2026/09/17 23:44:36.598, 53.27 W, 100 %, 65, 0x0000000000000000
2026/09/17 23:44:37.611, 77.18 W, 98 %, 67, 0x0000000000000004
2026/09/17 23:44:38.614, 80.85 W, 83 %, 67, 0x0000000000000004
2026/09/17 23:44:39.617, 54.04 W, 89 %, 65, 0x0000000000000000
2026/09/17 23:44:40.630, 53.29 W, 100 %, 65, 0x0000000000000000
2026/09/17 23:44:41.644, 70.94 W, 98 %, 65, 0x0000000000000004
2026/09/17 23:44:42.649, 57.12 W, 96 %, 65, 0x0000000000000000
2026/09/17 23:44:43.661, 52.43 W, 100 %, 65, 0x0000000000000000
2026/09/17 23:44:44.673, 74.12 W, 99 %, 65, 0x0000000000000004
2026/09/17 23:44:45.677, 53.81 W, 93 %, 65, 0x0000000000000000
2026/09/17 23:44:46.691, 53.60 W, 100 %, 65, 0x0000000000000000
2026/09/17 23:44:47.703, 62.72 W, 100 %, 65, 0x0000000000000004
2026/09/17 23:44:48.706, 53.91 W, 98 %, 65, 0x0000000000000000
2026/09/17 23:44:49.720, 53.76 W, 97 %, 65, 0x0000000000000000
2026/09/17 23:44:50.733, 67.07 W, 100 %, 65, 0x0000000000000004
2026/09/17 23:44:51.735, 54.24 W, 99 %, 65, 0x0000000000000000
2026/09/17 23:44:52.748, 66.65 W, 96 %, 68, 0x0000000000000004
2026/09/17 23:44:53.751, 54.01 W, 83 %, 65, 0x0000000000000000
2026/09/17 23:44:54.765, 51.04 W, 100 %, 65, 0x0000000000000000
2026/09/17 23:44:55.777, 53.67 W, 99 %, 65, 0x0000000000000000
2026/09/17 23:44:56.790, 51.26 W, 94 %, 67, 0x0000000000000000
2026/09/17 23:44:57.805, 54.37 W, 91 %, 65, 0x0000000000000000
2026/09/17 23:44:58.818, 53.38 W, 100 %, 65, 0x0000000000000000
2026/09/17 23:44:59.832, 78.73 W, 98 %, 65, 0x0000000000000004
2026/09/17 23:45:00.835, 54.63 W, 93 %, 65, 0x0000000000000000
2026/09/17 23:45:01.847, 53.79 W, 100 %, 65, 0x0000000000000000
2026/09/17 23:45:02.860, 54.70 W, 99 %, 65, 0x0000000000000000
2026/09/17 23:45:03.873, 54.24 W, 100 %, 65, 0x0000000000000000
2026/09/17 23:45:04.885, 53.85 W, 99 %, 65, 0x0000000000000000
2026/09/17 23:45:05.900, 52.81 W, 100 %, 65, 0x0000000000000000
2026/09/17 23:45:06.912, 80.00 W, 99 %, 67, 0x0000000000000004
2026/09/17 23:45:07.915, 53.94 W, 82 %, 65, 0x0000000000000000
2026/09/17 23:45:08.928, 49.60 W, 100 %, 65, 0x0000000000000000
2026/09/17 23:45:09.942, 53.29 W, 99 %, 65, 0x0000000000000000
2026/09/17 23:45:10.956, 54.07 W, 95 %, 65, 0x0000000000000000
2026/09/17 23:45:11.969, 54.00 W, 92 %, 65, 0x0000000000000000
2026/09/17 23:45:12.982, 58.91 W, 100 %, 65, 0x0000000000000004
2026/09/17 23:45:13.985, 76.07 W, 95 %, 67, 0x0000000000000004
2026/09/17 23:45:14.988, 54.67 W, 90 %, 65, 0x0000000000000000
2026/09/17 23:45:16.001, 52.44 W, 100 %, 65, 0x0000000000000000
2026/09/17 23:45:17.014, 57.26 W, 99 %, 65, 0x0000000000000004
2026/09/17 23:45:18.017, 77.92 W, 95 %, 67, 0x0000000000000004
2026/09/17 23:45:19.020, 33.22 W, 79 %, 63, 0x0000000000000000
2026/09/17 23:45:20.032, 33.49 W, 46 %, 63, 0x0000000000000000
2026/09/17 23:45:21.047, 23.95 W, 0 %, 61, 0x0000000000000000
2026/09/17 23:45:22.061, 28.94 W, 0 %, 61, 0x0000000000000000
2026/09/17 23:45:23.075, 33.12 W, 22 %, 62, 0x0000000000000000
2026/09/17 23:45:24.087, 28.79 W, 7 %, 62, 0x0000000000000000
2026/09/17 23:45:25.101, 23.83 W, 0 %, 60, 0x0000000000000000
2026/09/17 23:45:26.115, 40.64 W, 0 %, 61, 0x0000000000000000
2026/09/17 23:45:27.127, 53.16 W, 40 %, 64, 0x0000000000000000
2026/09/17 23:45:28.142, 52.84 W, 100 %, 64, 0x0000000000000000
2026/09/17 23:45:29.155, 52.97 W, 100 %, 64, 0x0000000000000000
2026/09/17 23:45:30.168, 52.91 W, 100 %, 64, 0x0000000000000000
2026/09/17 23:45:31.180, 52.92 W, 100 %, 64, 0x0000000000000000
2026/09/17 23:45:32.195, 52.44 W, 100 %, 64, 0x0000000000000000
2026/09/17 23:45:33.208, 80.10 W, 91 %, 66, 0x0000000000000004
2026/09/17 23:45:34.212, 49.26 W, 94 %, 67, 0x0000000000000000
2026/09/17 23:45:35.225, 78.68 W, 95 %, 67, 0x0000000000000004
2026/09/17 23:45:36.228, 52.80 W, 96 %, 65, 0x0000000000000000
2026/09/17 23:45:37.242, 79.90 W, 97 %, 67, 0x0000000000000004
2026/09/17 23:45:38.250, 33.25 W, 48 %, 63, 0x0000000000000000
2026/09/17 23:45:39.262, 33.04 W, 0 %, 62, 0x0000000000000000
2026/09/17 23:45:40.274, 23.81 W, 0 %, 61, 0x0000000000000000
2026/09/17 23:45:41.288, 29.25 W, 9 %, 60, 0x0000000000000000
2026/09/17 23:45:42.300, 52.92 W, 100 %, 64, 0x0000000000000000
2026/09/17 23:45:43.313, 80.25 W, 99 %, 64, 0x0000000000000004
2026/09/17 23:45:44.317, 53.25 W, 99 %, 64, 0x0000000000000000
2026/09/17 23:45:45.329, 53.31 W, 100 %, 64, 0x0000000000000000
2026/09/17 23:45:46.344, 53.15 W, 100 %, 64, 0x0000000000000000
2026/09/17 23:45:47.356, 52.96 W, 100 %, 64, 0x0000000000000000
2026/09/17 23:45:48.370, 53.25 W, 100 %, 64, 0x0000000000000000
2026/09/17 23:45:49.383, 85.62 W, 100 %, 64, 0x0000000000000004
2026/09/17 23:45:50.386, 79.29 W, 94 %, 67, 0x0000000000000004
2026/09/17 23:45:51.389, 79.75 W, 94 %, 67, 0x0000000000000004
2026/09/17 23:45:52.392, 52.70 W, 42 %, 63, 0x0000000000000000
2026/09/17 23:45:53.405, 79.22 W, 99 %, 65, 0x0000000000000004
2026/09/17 23:45:54.408, 79.49 W, 95 %, 67, 0x0000000000000004
2026/09/17 23:45:55.412, 33.35 W, 63 %, 68, 0x0000000000000000
2026/09/17 23:45:56.424, 33.24 W, 0 %, 63, 0x0000000000000000
2026/09/17 23:45:57.437, 23.91 W, 0 %, 61, 0x0000000000000000
2026/09/17 23:45:58.452, 23.98 W, 0 %, 61, 0x0000000000000000
2026/09/17 23:45:59.468, 23.93 W, 0 %, 60, 0x0000000000000000
2026/09/17 23:46:00.482, 23.87 W, 0 %, 60, 0x0000000000000000
2026/09/17 23:46:01.496, 23.72 W, 0 %, 60, 0x0000000000000000
2026/09/17 23:46:02.510, 23.78 W, 0 %, 60, 0x0000000000000000
2026/09/17 23:46:03.524, 23.71 W, 0 %, 60, 0x0000000000000000
2026/09/17 23:46:04.538, 23.75 W, 0 %, 59, 0x0000000000000000
2026/09/17 23:46:05.551, 23.66 W, 0 %, 59, 0x0000000000000000
2026/09/17 23:46:06.566, 52.14 W, 60 %, 62, 0x0000000000000000
2026/09/17 23:46:07.578, 79.12 W, 97 %, 65, 0x0000000000000004
2026/09/17 23:46:08.582, 30.50 W, 95 %, 63, 0x0000000000000000
2026/09/17 23:46:09.594, 32.77 W, 7 %, 61, 0x0000000000000000
2026/09/17 23:46:10.606, 23.69 W, 0 %, 60, 0x0000000000000000
2026/09/17 23:46:11.620, 23.70 W, 0 %, 60, 0x0000000000000000
2026/09/17 23:46:12.634, 23.68 W, 0 %, 59, 0x0000000000000000
2026/09/17 23:46:13.650, 23.59 W, 0 %, 59, 0x0000000000000000
2026/09/17 23:46:14.665, 23.54 W, 0 %, 59, 0x0000000000000000
2026/09/17 23:46:15.679, 23.56 W, 0 %, 59, 0x0000000000000000
2026/09/17 23:46:16.694, 23.47 W, 0 %, 59, 0x0000000000000000
2026/09/17 23:46:17.708, 23.45 W, 0 %, 58, 0x0000000000000000
2026/09/17 23:46:18.722, 23.40 W, 0 %, 58, 0x0000000000000000
2026/09/17 23:46:19.735, 23.44 W, 0 %, 58, 0x0000000000000000
2026/09/17 23:46:20.751, 23.45 W, 0 %, 58, 0x0000000000000000
2026/09/17 23:46:21.766, 23.48 W, 0 %, 58, 0x0000000000000000
2026/09/17 23:46:22.780, 23.52 W, 0 %, 58, 0x0000000000000000
2026/09/17 23:46:23.795, 23.37 W, 0 %, 58, 0x0000000000000000
2026/09/17 23:46:24.810, 23.32 W, 0 %, 58, 0x0000000000000000
2026/09/17 23:46:25.824, 4.02 W, 0 %, 57, 0x0000000000000001
2026/09/17 23:46:26.851, 3.98 W, 0 %, 56, 0x0000000000000001
2026/09/17 23:46:27.876, 4.21 W, 0 %, 56, 0x0000000000000001
2026/09/17 23:46:28.901, 4.06 W, 0 %, 55, 0x0000000000000001
2026/09/17 23:46:29.926, 39.92 W, 0 %, 55, 0x0000000000000000
2026/09/17 23:46:30.938, 52.51 W, 69 %, 60, 0x0000000000000004
2026/09/17 23:46:31.943, 81.73 W, 96 %, 63, 0x0000000000000004
2026/09/17 23:46:32.947, 78.76 W, 94 %, 64, 0x0000000000000004
2026/09/17 23:46:33.950, 32.51 W, 62 %, 59, 0x0000000000000000
2026/09/17 23:46:34.963, 27.05 W, 0 %, 58, 0x0000000000000000
2026/09/17 23:46:35.978, 23.29 W, 0 %, 58, 0x0000000000000000
2026/09/17 23:46:36.992, 23.28 W, 0 %, 57, 0x0000000000000000
2026/09/17 23:46:38.007, 23.30 W, 0 %, 57, 0x0000000000000000
2026/09/17 23:46:39.021, 23.21 W, 0 %, 57, 0x0000000000000000
2026/09/17 23:46:40.035, 79.86 W, 0 %, 63, 0x0000000000000004
2026/09/17 23:46:41.039, 78.09 W, 88 %, 63, 0x0000000000000004
2026/09/17 23:46:42.042, 32.64 W, 84 %, 59, 0x0000000000000000
2026/09/17 23:46:43.054, 47.40 W, 0 %, 59, 0x0000000000000000
2026/09/17 23:46:44.067, 79.70 W, 45 %, 64, 0x0000000000000004
2026/09/17 23:46:45.071, 32.31 W, 96 %, 60, 0x0000000000000000
2026/09/17 23:46:46.085, 32.40 W, 25 %, 59, 0x0000000000000000
2026/09/17 23:46:47.097, 23.44 W, 0 %, 58, 0x0000000000000000
2026/09/17 23:46:48.111, 23.41 W, 0 %, 58, 0x0000000000000000
2026/09/17 23:46:49.124, 23.43 W, 0 %, 58, 0x0000000000000000
2026/09/17 23:46:50.138, 23.30 W, 0 %, 57, 0x0000000000000000
2026/09/17 23:46:51.152, 27.14 W, 0 %, 57, 0x0000000000000000
2026/09/17 23:46:52.167, 61.46 W, 45 %, 61, 0x0000000000000000
2026/09/17 23:46:53.180, 86.35 W, 99 %, 61, 0x0000000000000004
2026/09/17 23:46:54.190, 79.53 W, 97 %, 64, 0x0000000000000004
2026/09/17 23:46:55.193, 31.45 W, 92 %, 64, 0x0000000000000000
2026/09/17 23:46:56.205, 32.36 W, 49 %, 60, 0x0000000000000000
2026/09/17 23:46:57.219, 23.50 W, 0 %, 59, 0x0000000000000000
2026/09/17 23:46:58.233, 52.76 W, 6 %, 61, 0x0000000000000000
2026/09/17 23:46:59.246, 50.33 W, 100 %, 64, 0x0000000000000000
2026/09/17 23:47:00.259, 78.27 W, 98 %, 62, 0x0000000000000004
2026/09/17 23:47:01.262, 79.29 W, 96 %, 65, 0x0000000000000004
2026/09/17 23:47:02.265, 32.55 W, 94 %, 61, 0x0000000000000000
2026/09/17 23:47:03.278, 51.76 W, 12 %, 62, 0x0000000000000000
2026/09/17 23:47:04.290, 52.27 W, 72 %, 62, 0x0000000000000000
2026/09/17 23:47:05.302, 49.82 W, 100 %, 62, 0x0000000000000000
2026/09/17 23:47:06.315, 52.39 W, 100 %, 62, 0x0000000000000000
2026/09/17 23:47:07.330, 52.06 W, 100 %, 62, 0x0000000000000000
2026/09/17 23:47:08.343, 52.14 W, 100 %, 62, 0x0000000000000000
2026/09/17 23:47:09.359, 52.63 W, 97 %, 63, 0x0000000000000000
2026/09/17 23:47:10.372, 52.21 W, 100 %, 63, 0x0000000000000000
2026/09/17 23:47:11.385, 51.86 W, 100 %, 63, 0x0000000000000000
2026/09/17 23:47:12.397, 64.76 W, 99 %, 65, 0x0000000000000004
2026/09/17 23:47:13.400, 52.22 W, 92 %, 63, 0x0000000000000000
2026/09/17 23:47:14.413, 78.74 W, 100 %, 63, 0x0000000000000004
2026/09/17 23:47:15.416, 79.61 W, 95 %, 66, 0x0000000000000004
2026/09/17 23:47:16.419, 49.72 W, 93 %, 66, 0x0000000000000000
2026/09/17 23:47:17.432, 53.00 W, 96 %, 64, 0x0000000000000000
2026/09/17 23:47:18.446, 52.88 W, 98 %, 64, 0x0000000000000000
2026/09/17 23:47:19.461, 77.58 W, 99 %, 65, 0x0000000000000004
2026/09/17 23:47:20.464, 52.87 W, 97 %, 64, 0x0000000000000000
2026/09/17 23:47:21.477, 52.95 W, 100 %, 64, 0x0000000000000000
2026/09/17 23:47:22.489, 52.61 W, 100 %, 64, 0x0000000000000004
2026/09/17 23:47:23.493, 78.38 W, 98 %, 67, 0x0000000000000004
2026/09/17 23:47:24.501, 52.78 W, 94 %, 64, 0x0000000000000000
2026/09/17 23:47:25.513, 79.15 W, 100 %, 67, 0x0000000000000004
2026/09/17 23:47:26.516, 78.66 W, 94 %, 67, 0x0000000000000004
2026/09/17 23:47:27.522, 53.30 W, 93 %, 65, 0x0000000000000000
2026/09/17 23:47:28.535, 52.83 W, 99 %, 65, 0x0000000000000000
2026/09/17 23:47:29.547, 78.99 W, 100 %, 67, 0x0000000000000004
2026/09/17 23:47:30.551, 52.74 W, 96 %, 65, 0x0000000000000000
2026/09/17 23:47:31.565, 53.19 W, 98 %, 65, 0x0000000000000000
2026/09/17 23:47:32.578, 52.71 W, 100 %, 65, 0x0000000000000000
2026/09/17 23:47:33.592, 51.73 W, 100 %, 65, 0x0000000000000000
2026/09/17 23:47:34.604, 53.16 W, 96 %, 65, 0x0000000000000000
2026/09/17 23:47:35.617, 52.69 W, 100 %, 65, 0x0000000000000000
2026/09/17 23:47:36.630, 62.16 W, 100 %, 67, 0x0000000000000004
2026/09/17 23:47:37.633, 53.24 W, 97 %, 65, 0x0000000000000000
2026/09/17 23:47:38.646, 53.18 W, 100 %, 65, 0x0000000000000000
2026/09/17 23:47:39.660, 70.90 W, 100 %, 65, 0x0000000000000004
2026/09/17 23:47:40.663, 77.72 W, 98 %, 67, 0x0000000000000004
2026/09/17 23:47:41.671, 79.45 W, 93 %, 68, 0x0000000000000004
2026/09/17 23:47:42.674, 79.89 W, 93 %, 68, 0x0000000000000004
2026/09/17 23:47:43.677, 33.37 W, 90 %, 64, 0x0000000000000000
2026/09/17 23:47:44.689, 53.10 W, 38 %, 65, 0x0000000000000000
2026/09/17 23:47:45.702, 53.34 W, 52 %, 65, 0x0000000000000000
2026/09/17 23:47:46.715, 51.82 W, 100 %, 65, 0x0000000000000000
2026/09/17 23:47:47.727, 53.08 W, 99 %, 65, 0x0000000000000000
2026/09/17 23:47:48.741, 55.57 W, 100 %, 65, 0x0000000000000004
2026/09/17 23:47:49.744, 52.92 W, 99 %, 65, 0x0000000000000000
2026/09/17 23:47:50.756, 78.71 W, 100 %, 67, 0x0000000000000004
2026/09/17 23:47:51.759, 78.92 W, 92 %, 68, 0x0000000000000004
2026/09/17 23:47:52.764, 49.91 W, 92 %, 68, 0x0000000000000000
2026/09/17 23:47:53.778, 54.37 W, 95 %, 65, 0x0000000000000004
2026/09/17 23:47:54.782, 53.17 W, 99 %, 65, 0x0000000000000000
2026/09/17 23:47:55.795, 78.49 W, 99 %, 67, 0x0000000000000004
2026/09/17 23:47:56.798, 53.10 W, 94 %, 65, 0x0000000000000000
2026/09/17 23:47:57.812, 53.10 W, 100 %, 65, 0x0000000000000000
2026/09/17 23:47:58.825, 78.79 W, 97 %, 65, 0x0000000000000004
2026/09/17 23:47:59.830, 53.35 W, 98 %, 65, 0x0000000000000000
2026/09/17 23:48:00.843, 53.00 W, 100 %, 65, 0x0000000000000000
2026/09/17 23:48:01.856, 52.61 W, 100 %, 65, 0x0000000000000000
2026/09/17 23:48:02.869, 77.97 W, 95 %, 67, 0x0000000000000004
2026/09/17 23:48:03.872, 53.02 W, 97 %, 65, 0x0000000000000000
2026/09/17 23:48:04.885, 53.32 W, 100 %, 65, 0x0000000000000000
2026/09/17 23:48:05.900, 52.43 W, 100 %, 65, 0x0000000000000000
2026/09/17 23:48:06.912, 78.89 W, 97 %, 67, 0x0000000000000004
2026/09/17 23:48:07.915, 79.82 W, 92 %, 68, 0x0000000000000004
2026/09/17 23:48:08.920, 52.79 W, 95 %, 67, 0x0000000000000000
2026/09/17 23:48:09.933, 53.09 W, 100 %, 65, 0x0000000000000000
2026/09/17 23:48:10.945, 53.16 W, 96 %, 68, 0x0000000000000000
2026/09/17 23:48:11.961, 78.55 W, 98 %, 67, 0x0000000000000004
2026/09/17 23:48:12.966, 66.92 W, 93 %, 66, 0x0000000000000004
2026/09/17 23:48:13.969, 53.14 W, 100 %, 65, 0x0000000000000000
2026/09/17 23:48:14.982, 53.23 W, 97 %, 65, 0x0000000000000000
2026/09/17 23:48:15.995, 53.25 W, 100 %, 65, 0x0000000000000000
2026/09/17 23:48:17.009, 53.14 W, 100 %, 65, 0x0000000000000000
2026/09/17 23:48:18.021, 78.77 W, 96 %, 67, 0x0000000000000004
2026/09/17 23:48:19.025, 78.50 W, 92 %, 68, 0x0000000000000004
2026/09/17 23:48:20.030, 52.96 W, 99 %, 65, 0x0000000000000000
2026/09/17 23:48:21.042, 51.46 W, 97 %, 65, 0x0000000000000000
2026/09/17 23:48:22.055, 52.87 W, 100 %, 65, 0x0000000000000000
2026/09/17 23:48:23.068, 54.02 W, 100 %, 65, 0x0000000000000000
2026/09/17 23:48:24.081, 78.43 W, 94 %, 68, 0x0000000000000004
2026/09/17 23:48:25.084, 52.10 W, 94 %, 66, 0x0000000000000000
2026/09/17 23:48:26.097, 52.85 W, 100 %, 65, 0x0000000000000000
2026/09/17 23:48:27.111, 53.13 W, 100 %, 65, 0x0000000000000000
2026/09/17 23:48:28.124, 79.14 W, 97 %, 68, 0x0000000000000004
2026/09/17 23:48:29.127, 53.54 W, 98 %, 65, 0x0000000000000000
2026/09/17 23:48:30.139, 53.10 W, 100 %, 65, 0x0000000000000000
2026/09/17 23:48:31.152, 52.75 W, 100 %, 65, 0x0000000000000000
2026/09/17 23:48:32.165, 78.08 W, 94 %, 68, 0x0000000000000004
2026/09/17 23:48:33.168, 53.14 W, 97 %, 65, 0x0000000000000000
2026/09/17 23:48:34.180, 53.58 W, 100 %, 65, 0x0000000000000000
2026/09/17 23:48:35.194, 52.65 W, 100 %, 65, 0x0000000000000000
2026/09/17 23:48:36.206, 52.54 W, 96 %, 65, 0x0000000000000000
2026/09/17 23:48:37.221, 53.17 W, 100 %, 65, 0x0000000000000004
2026/09/17 23:48:38.226, 78.86 W, 94 %, 68, 0x0000000000000004
2026/09/17 23:48:39.232, 78.15 W, 93 %, 68, 0x0000000000000004
2026/09/17 23:48:40.236, 53.52 W, 98 %, 66, 0x0000000000000000
2026/09/17 23:48:41.250, 53.08 W, 100 %, 65, 0x0000000000000000
2026/09/17 23:48:42.264, 52.79 W, 100 %, 65, 0x0000000000000000
2026/09/17 23:48:43.278, 72.40 W, 95 %, 68, 0x0000000000000004
2026/09/17 23:48:44.286, 53.65 W, 90 %, 66, 0x0000000000000000
2026/09/17 23:48:45.298, 53.83 W, 100 %, 65, 0x0000000000000000
2026/09/17 23:48:46.311, 52.83 W, 100 %, 65, 0x0000000000000000
2026/09/17 23:48:47.324, 78.50 W, 96 %, 68, 0x0000000000000004
2026/09/17 23:48:48.328, 52.85 W, 92 %, 68, 0x0000000000000004
2026/09/17 23:48:49.330, 53.27 W, 99 %, 66, 0x0000000000000000
2026/09/17 23:48:50.343, 53.70 W, 100 %, 65, 0x0000000000000000
2026/09/17 23:48:51.357, 77.60 W, 97 %, 67, 0x0000000000000004
2026/09/17 23:48:52.360, 48.86 W, 92 %, 68, 0x0000000000000000
2026/09/17 23:48:53.372, 53.12 W, 99 %, 66, 0x0000000000000000
2026/09/17 23:48:54.387, 53.74 W, 100 %, 66, 0x0000000000000000
2026/09/17 23:48:55.399, 52.94 W, 100 %, 65, 0x0000000000000000
2026/09/17 23:48:56.414, 52.95 W, 97 %, 65, 0x0000000000000000
2026/09/17 23:48:57.427, 52.09 W, 97 %, 67, 0x0000000000000000
2026/09/17 23:48:58.440, 78.30 W, 100 %, 65, 0x0000000000000004
2026/09/17 23:48:59.448, 77.12 W, 92 %, 68, 0x0000000000000004
2026/09/17 23:49:00.452, 53.36 W, 97 %, 67, 0x0000000000000004
2026/09/17 23:49:01.456, 78.04 W, 94 %, 68, 0x0000000000000004
2026/09/17 23:49:02.459, 53.43 W, 97 %, 68, 0x0000000000000004
2026/09/17 23:49:03.464, 52.53 W, 94 %, 66, 0x0000000000000000
2026/09/17 23:49:04.477, 53.58 W, 100 %, 66, 0x0000000000000000
2026/09/17 23:49:05.491, 54.82 W, 100 %, 65, 0x0000000000000004
2026/09/17 23:49:06.495, 83.60 W, 98 %, 68, 0x0000000000000004
2026/09/17 23:49:07.502, 78.69 W, 93 %, 68, 0x0000000000000004
2026/09/17 23:49:08.505, 53.88 W, 90 %, 66, 0x0000000000000000
2026/09/17 23:49:09.518, 53.79 W, 100 %, 66, 0x0000000000000000
2026/09/17 23:49:10.530, 77.64 W, 95 %, 68, 0x0000000000000004
2026/09/17 23:49:11.535, 52.10 W, 93 %, 66, 0x0000000000000000
2026/09/17 23:49:12.548, 52.24 W, 99 %, 66, 0x0000000000000000
2026/09/17 23:49:13.560, 79.00 W, 99 %, 68, 0x0000000000000004
2026/09/17 23:49:14.563, 78.66 W, 92 %, 68, 0x0000000000000004
2026/09/17 23:49:15.567, 53.16 W, 88 %, 66, 0x0000000000000000
2026/09/17 23:49:16.579, 52.99 W, 100 %, 66, 0x0000000000000000
2026/09/17 23:49:17.592, 53.74 W, 99 %, 66, 0x0000000000000000
2026/09/17 23:49:18.605, 53.01 W, 100 %, 66, 0x0000000000000000
2026/09/17 23:49:19.618, 53.28 W, 100 %, 66, 0x0000000000000000
2026/09/17 23:49:20.631, 53.49 W, 100 %, 66, 0x0000000000000000
2026/09/17 23:49:21.644, 78.39 W, 96 %, 68, 0x0000000000000004
2026/09/17 23:49:22.647, 78.17 W, 92 %, 68, 0x0000000000000004
2026/09/17 23:49:23.652, 53.73 W, 93 %, 66, 0x0000000000000000
2026/09/17 23:49:24.664, 76.93 W, 100 %, 66, 0x0000000000000004
2026/09/17 23:49:25.667, 52.98 W, 97 %, 66, 0x0000000000000000
2026/09/17 23:49:26.680, 52.49 W, 97 %, 66, 0x0000000000000000
2026/09/17 23:49:27.693, 78.26 W, 100 %, 67, 0x0000000000000004
2026/09/17 23:49:28.699, 53.34 W, 95 %, 66, 0x0000000000000000
2026/09/17 23:49:29.712, 53.05 W, 100 %, 66, 0x0000000000000000
2026/09/17 23:49:30.725, 78.63 W, 97 %, 68, 0x0000000000000004
2026/09/17 23:49:31.728, 79.31 W, 94 %, 68, 0x0000000000000004
2026/09/17 23:49:32.731, 78.36 W, 92 %, 69, 0x0000000000000004
2026/09/17 23:49:33.736, 33.37 W, 39 %, 64, 0x0000000000000000
2026/09/17 23:49:34.748, 25.32 W, 0 %, 63, 0x0000000000000000
2026/09/17 23:49:35.761, 23.96 W, 0 %, 62, 0x0000000000000000
2026/09/17 23:49:36.776, 24.05 W, 0 %, 61, 0x0000000000000000
2026/09/17 23:49:37.790, 23.96 W, 0 %, 61, 0x0000000000000000
2026/09/17 23:49:38.803, 52.21 W, 1 %, 61, 0x0000000000000000
2026/09/17 23:49:39.817, 52.71 W, 87 %, 64, 0x0000000000000000
2026/09/17 23:49:40.829, 52.69 W, 100 %, 64, 0x0000000000000000
2026/09/17 23:49:41.843, 52.88 W, 100 %, 65, 0x0000000000000004
2026/09/17 23:49:42.847, 53.50 W, 99 %, 65, 0x0000000000000000
2026/09/17 23:49:43.860, 53.66 W, 100 %, 65, 0x0000000000000000
2026/09/17 23:49:44.872, 52.79 W, 100 %, 65, 0x0000000000000000
2026/09/17 23:49:45.885, 52.84 W, 100 %, 65, 0x0000000000000000
2026/09/17 23:49:46.898, 50.55 W, 100 %, 65, 0x0000000000000000
2026/09/17 23:49:47.912, 76.42 W, 99 %, 65, 0x0000000000000004
2026/09/17 23:49:48.915, 78.93 W, 95 %, 67, 0x0000000000000004
2026/09/17 23:49:49.921, 76.40 W, 93 %, 67, 0x0000000000000004
2026/09/17 23:49:50.924, 78.24 W, 92 %, 68, 0x0000000000000004
2026/09/17 23:49:51.927, 53.10 W, 92 %, 68, 0x0000000000000000
2026/09/17 23:49:52.940, 53.59 W, 100 %, 65, 0x0000000000000004
2026/09/17 23:49:53.943, 53.20 W, 98 %, 65, 0x0000000000000000
2026/09/17 23:49:54.955, 53.58 W, 100 %, 65, 0x0000000000000000
2026/09/17 23:49:55.972, 52.77 W, 100 %, 65, 0x0000000000000000
2026/09/17 23:49:56.985, 53.28 W, 98 %, 65, 0x0000000000000000
2026/09/17 23:49:57.997, 78.58 W, 100 %, 67, 0x0000000000000004
2026/09/17 23:49:59.001, 53.64 W, 95 %, 65, 0x0000000000000000
2026/09/17 23:50:00.013, 53.06 W, 100 %, 65, 0x0000000000000000
2026/09/17 23:50:01.027, 77.94 W, 100 %, 67, 0x0000000000000004
2026/09/17 23:50:02.032, 78.10 W, 94 %, 68, 0x0000000000000004
2026/09/17 23:50:03.035, 78.04 W, 92 %, 68, 0x0000000000000004
2026/09/17 23:50:04.038, 53.59 W, 94 %, 66, 0x0000000000000000
2026/09/17 23:50:05.051, 53.34 W, 100 %, 66, 0x0000000000000000
2026/09/17 23:50:06.066, 53.17 W, 100 %, 65, 0x0000000000000000
2026/09/17 23:50:07.078, 53.58 W, 98 %, 65, 0x0000000000000000
2026/09/17 23:50:08.092, 53.37 W, 100 %, 65, 0x0000000000000000
2026/09/17 23:50:09.105, 53.10 W, 100 %, 65, 0x0000000000000000
2026/09/17 23:50:10.119, 52.66 W, 99 %, 65, 0x0000000000000000
2026/09/17 23:50:11.131, 53.39 W, 98 %, 65, 0x0000000000000000
2026/09/17 23:50:12.143, 53.19 W, 100 %, 65, 0x0000000000000000
2026/09/17 23:50:13.157, 49.84 W, 100 %, 67, 0x0000000000000000
2026/09/17 23:50:14.170, 53.22 W, 97 %, 65, 0x0000000000000000
2026/09/17 23:50:15.184, 79.10 W, 98 %, 68, 0x0000000000000004
2026/09/17 23:50:16.189, 77.77 W, 93 %, 68, 0x0000000000000004
2026/09/17 23:50:17.192, 78.44 W, 92 %, 68, 0x0000000000000004
2026/09/17 23:50:18.197, 53.28 W, 93 %, 66, 0x0000000000000000
2026/09/17 23:50:19.211, 53.50 W, 99 %, 66, 0x0000000000000000
2026/09/17 23:50:20.225, 52.88 W, 100 %, 66, 0x0000000000000000
2026/09/17 23:50:21.238, 51.44 W, 100 %, 66, 0x0000000000000000
2026/09/17 23:50:22.251, 45.83 W, 99 %, 65, 0x0000000000000004
2026/09/17 23:50:23.254, 53.39 W, 99 %, 65, 0x0000000000000000
2026/09/17 23:50:24.267, 53.71 W, 100 %, 65, 0x0000000000000004
2026/09/17 23:50:25.270, 53.51 W, 98 %, 65, 0x0000000000000000
2026/09/17 23:50:26.283, 53.17 W, 100 %, 65, 0x0000000000000000
2026/09/17 23:50:27.296, 77.60 W, 100 %, 65, 0x0000000000000004
2026/09/17 23:50:28.299, 78.82 W, 94 %, 68, 0x0000000000000004
2026/09/17 23:50:29.306, 78.19 W, 93 %, 68, 0x0000000000000004
2026/09/17 23:50:30.309, 53.60 W, 93 %, 66, 0x0000000000000000
2026/09/17 23:50:31.322, 53.08 W, 100 %, 66, 0x0000000000000000
2026/09/17 23:50:32.335, 52.74 W, 100 %, 66, 0x0000000000000000
2026/09/17 23:50:33.349, 49.99 W, 100 %, 68, 0x0000000000000000
2026/09/17 23:50:34.361, 76.49 W, 98 %, 65, 0x0000000000000004
2026/09/17 23:50:35.364, 53.11 W, 96 %, 66, 0x0000000000000000
2026/09/17 23:50:36.377, 78.69 W, 99 %, 67, 0x0000000000000004
2026/09/17 23:50:37.381, 52.13 W, 93 %, 68, 0x0000000000000000
2026/09/17 23:50:38.393, 78.25 W, 97 %, 66, 0x0000000000000004
2026/09/17 23:50:39.396, 78.89 W, 95 %, 68, 0x0000000000000004
2026/09/17 23:50:40.401, 53.27 W, 93 %, 66, 0x0000000000000000
2026/09/17 23:50:41.414, 44.03 W, 99 %, 68, 0x0000000000000000
2026/09/17 23:50:42.426, 53.40 W, 96 %, 66, 0x0000000000000000
2026/09/17 23:50:43.441, 78.85 W, 100 %, 66, 0x0000000000000004
2026/09/17 23:50:44.444, 53.17 W, 98 %, 66, 0x0000000000000000
2026/09/17 23:50:45.457, 53.05 W, 98 %, 66, 0x0000000000000000
2026/09/17 23:50:46.474, 78.29 W, 100 %, 68, 0x0000000000000004
2026/09/17 23:50:47.477, 53.06 W, 93 %, 66, 0x0000000000000000
2026/09/17 23:50:48.491, 77.06 W, 98 %, 68, 0x0000000000000004
2026/09/17 23:50:49.494, 52.52 W, 94 %, 66, 0x0000000000000000
2026/09/17 23:50:50.508, 78.24 W, 98 %, 68, 0x0000000000000004
2026/09/17 23:50:51.514, 52.43 W, 94 %, 66, 0x0000000000000000
2026/09/17 23:50:52.526, 52.28 W, 100 %, 66, 0x0000000000000000
2026/09/17 23:50:53.539, 79.04 W, 99 %, 68, 0x0000000000000004
2026/09/17 23:50:54.542, 74.94 W, 93 %, 68, 0x0000000000000004
2026/09/17 23:50:55.547, 79.50 W, 90 %, 69, 0x0000000000000004
2026/09/17 23:50:56.553, 52.93 W, 95 %, 66, 0x0000000000000000
2026/09/17 23:50:57.566, 52.86 W, 60 %, 66, 0x0000000000000000
2026/09/17 23:50:58.579, 52.48 W, 100 %, 66, 0x0000000000000000
2026/09/17 23:50:59.592, 82.36 W, 100 %, 67, 0x0000000000000004
2026/09/17 23:51:00.595, 52.88 W, 98 %, 66, 0x0000000000000000
2026/09/17 23:51:01.608, 52.79 W, 100 %, 66, 0x0000000000000000
2026/09/17 23:51:02.622, 73.72 W, 100 %, 66, 0x0000000000000004
2026/09/17 23:51:03.626, 78.37 W, 97 %, 68, 0x0000000000000004
2026/09/17 23:51:04.629, 78.77 W, 90 %, 68, 0x0000000000000004
2026/09/17 23:51:05.632, 77.94 W, 89 %, 69, 0x0000000000000004
2026/09/17 23:51:06.637, 33.37 W, 91 %, 64, 0x0000000000000000
2026/09/17 23:51:07.649, 33.41 W, 18 %, 64, 0x0000000000000000
2026/09/17 23:51:08.662, 24.05 W, 0 %, 62, 0x0000000000000000
2026/09/17 23:51:09.676, 24.02 W, 0 %, 62, 0x0000000000000000
2026/09/17 23:51:10.689, 23.97 W, 0 %, 61, 0x0000000000000000
2026/09/17 23:51:11.704, 23.86 W, 0 %, 61, 0x0000000000000000
2026/09/17 23:51:12.718, 23.86 W, 0 %, 61, 0x0000000000000000
2026/09/17 23:51:13.732, 30.83 W, 0 %, 61, 0x0000000000000000
2026/09/17 23:51:14.745, 52.89 W, 28 %, 64, 0x0000000000000000
2026/09/17 23:51:15.758, 78.10 W, 100 %, 66, 0x0000000000000004
2026/09/17 23:51:16.761, 78.94 W, 97 %, 67, 0x0000000000000004
2026/09/17 23:51:17.765, 33.26 W, 95 %, 63, 0x0000000000000000
2026/09/17 23:51:18.777, 79.23 W, 25 %, 66, 0x0000000000000004
2026/09/17 23:51:19.780, 79.48 W, 91 %, 67, 0x0000000000000004
2026/09/17 23:51:20.783, 33.25 W, 94 %, 63, 0x0000000000000000
2026/09/17 23:51:21.795, 32.77 W, 0 %, 62, 0x0000000000000000
2026/09/17 23:51:22.809, 31.94 W, 0 %, 61, 0x0000000000000000
2026/09/17 23:51:23.822, 52.91 W, 31 %, 64, 0x0000000000000000
2026/09/17 23:51:24.835, 53.04 W, 100 %, 64, 0x0000000000000000
2026/09/17 23:51:25.848, 53.07 W, 99 %, 64, 0x0000000000000000
2026/09/17 23:51:26.860, 52.65 W, 100 %, 64, 0x0000000000000000
2026/09/17 23:51:27.874, 53.58 W, 100 %, 64, 0x0000000000000000
2026/09/17 23:51:28.886, 52.55 W, 99 %, 64, 0x0000000000000000
2026/09/17 23:51:29.900, 53.02 W, 99 %, 64, 0x0000000000000000
2026/09/17 23:51:30.913, 54.26 W, 100 %, 64, 0x0000000000000000
2026/09/17 23:51:31.929, 78.21 W, 99 %, 67, 0x0000000000000004
2026/09/17 23:51:32.936, 78.62 W, 91 %, 67, 0x0000000000000004
2026/09/17 23:51:33.940, 77.60 W, 93 %, 67, 0x0000000000000004
2026/09/17 23:51:34.943, 33.38 W, 91 %, 64, 0x0000000000000000
2026/09/17 23:51:35.955, 33.18 W, 37 %, 63, 0x0000000000000000
2026/09/17 23:51:36.968, 24.01 W, 0 %, 61, 0x0000000000000000
2026/09/17 23:51:37.982, 52.95 W, 74 %, 64, 0x0000000000000000
2026/09/17 23:51:38.996, 52.43 W, 100 %, 64, 0x0000000000000000
2026/09/17 23:51:40.009, 53.20 W, 100 %, 64, 0x0000000000000000
2026/09/17 23:51:41.022, 53.19 W, 99 %, 64, 0x0000000000000000
2026/09/17 23:51:42.035, 52.49 W, 100 %, 64, 0x0000000000000000
2026/09/17 23:51:43.049, 52.60 W, 100 %, 64, 0x0000000000000000
2026/09/17 23:51:44.062, 79.00 W, 95 %, 67, 0x0000000000000004
2026/09/17 23:51:45.065, 79.83 W, 93 %, 67, 0x0000000000000004
2026/09/17 23:51:46.068, 33.25 W, 57 %, 63, 0x0000000000000000
2026/09/17 23:51:47.081, 33.12 W, 0 %, 62, 0x0000000000000000
2026/09/17 23:51:48.093, 23.77 W, 0 %, 61, 0x0000000000000000
2026/09/17 23:51:49.107, 23.75 W, 0 %, 60, 0x0000000000000000
2026/09/17 23:51:50.122, 23.79 W, 0 %, 60, 0x0000000000000000
2026/09/17 23:51:51.135, 23.80 W, 0 %, 60, 0x0000000000000000
2026/09/17 23:51:52.151, 23.65 W, 0 %, 60, 0x0000000000000000
2026/09/17 23:51:53.164, 23.63 W, 0 %, 59, 0x0000000000000000
2026/09/17 23:51:54.179, 23.66 W, 0 %, 59, 0x0000000000000000
2026/09/17 23:51:55.194, 23.61 W, 0 %, 59, 0x0000000000000000
2026/09/17 23:51:56.208, 23.64 W, 0 %, 59, 0x0000000000000000
2026/09/17 23:51:57.222, 23.63 W, 0 %, 59, 0x0000000000000000
2026/09/17 23:51:58.236, 52.74 W, 45 %, 61, 0x0000000000000000
2026/09/17 23:51:59.249, 52.99 W, 100 %, 62, 0x0000000000000000
2026/09/17 23:52:00.261, 53.13 W, 100 %, 62, 0x0000000000000000
2026/09/17 23:52:01.275, 79.55 W, 96 %, 65, 0x0000000000000004
2026/09/17 23:52:02.278, 78.78 W, 94 %, 65, 0x0000000000000004
2026/09/17 23:52:03.282, 32.75 W, 38 %, 61, 0x0000000000000000
2026/09/17 23:52:04.294, 32.64 W, 0 %, 61, 0x0000000000000000
2026/09/17 23:52:05.307, 23.53 W, 0 %, 59, 0x0000000000000000
2026/09/17 23:52:06.320, 23.71 W, 0 %, 59, 0x0000000000000000
2026/09/17 23:52:07.336, 23.63 W, 0 %, 59, 0x0000000000000000
2026/09/17 23:52:08.350, 23.61 W, 0 %, 59, 0x0000000000000000
2026/09/17 23:52:09.366, 23.57 W, 0 %, 58, 0x0000000000000000
2026/09/17 23:52:10.380, 23.58 W, 0 %, 58, 0x0000000000000000
2026/09/17 23:52:11.394, 23.35 W, 0 %, 58, 0x0000000000000000
2026/09/17 23:52:12.408, 23.53 W, 0 %, 58, 0x0000000000000000
2026/09/17 23:52:13.422, 23.49 W, 0 %, 58, 0x0000000000000000
2026/09/17 23:52:14.436, 23.42 W, 0 %, 58, 0x0000000000000000
2026/09/17 23:52:15.450, 23.33 W, 0 %, 58, 0x0000000000000000
2026/09/17 23:52:16.464, 23.32 W, 0 %, 58, 0x0000000000000000
2026/09/17 23:52:17.481, 51.34 W, 0 %, 60, 0x0000000000000000
2026/09/17 23:52:18.494, 52.76 W, 89 %, 61, 0x0000000000000000
2026/09/17 23:52:19.507, 52.31 W, 100 %, 61, 0x0000000000000000
2026/09/17 23:52:20.520, 84.40 W, 100 %, 63, 0x0000000000000004
2026/09/17 23:52:21.525, 79.19 W, 96 %, 64, 0x0000000000000004
2026/09/17 23:52:22.528, 51.58 W, 95 %, 62, 0x0000000000000000
2026/09/17 23:52:23.541, 52.39 W, 100 %, 62, 0x0000000000000000
2026/09/17 23:52:24.554, 79.15 W, 96 %, 65, 0x0000000000000004
2026/09/17 23:52:25.559, 79.27 W, 94 %, 65, 0x0000000000000004
2026/09/17 23:52:26.562, 32.77 W, 46 %, 61, 0x0000000000000000
2026/09/17 23:52:27.574, 23.45 W, 0 %, 60, 0x0000000000000000
2026/09/17 23:52:28.587, 23.59 W, 0 %, 59, 0x0000000000000000
2026/09/17 23:52:29.601, 23.53 W, 0 %, 59, 0x0000000000000000
2026/09/17 23:52:30.614, 23.32 W, 0 %, 58, 0x0000000000000000
2026/09/17 23:52:31.630, 23.45 W, 0 %, 58, 0x0000000000000000
2026/09/17 23:52:32.644, 23.43 W, 0 %, 58, 0x0000000000000000
2026/09/17 23:52:33.658, 80.13 W, 42 %, 63, 0x0000000000000004
2026/09/17 23:52:34.709, 79.32 W, 95 %, 64, 0x0000000000000004
2026/09/17 23:52:35.729, 32.48 W, 64 %, 60, 0x0000000000000000
2026/09/17 23:52:36.741, 31.27 W, 0 %, 60, 0x0000000000000000
2026/09/17 23:52:37.755, 23.40 W, 0 %, 58, 0x0000000000000000
2026/09/17 23:52:38.769, 23.40 W, 0 %, 58, 0x0000000000000000
2026/09/17 23:52:39.783, 23.48 W, 0 %, 58, 0x0000000000000000
2026/09/17 23:52:40.797, 23.41 W, 0 %, 58, 0x0000000000000000
2026/09/17 23:52:41.811, 33.92 W, 0 %, 58, 0x0000000000000000
2026/09/17 23:52:42.824, 52.73 W, 64 %, 61, 0x0000000000000000
2026/09/17 23:52:43.837, 80.37 W, 99 %, 64, 0x0000000000000004
2026/09/17 23:52:44.840, 52.52 W, 96 %, 62, 0x0000000000000000
2026/09/17 23:52:45.855, 51.96 W, 100 %, 62, 0x0000000000000000
2026/09/17 23:52:46.867, 52.08 W, 100 %, 62, 0x0000000000000000
2026/09/17 23:52:47.882, 79.19 W, 98 %, 65, 0x0000000000000004
2026/09/17 23:52:48.889, 78.18 W, 91 %, 65, 0x0000000000000004
2026/09/17 23:52:49.893, 80.00 W, 92 %, 65, 0x0000000000000004
2026/09/17 23:52:50.896, 33.25 W, 96 %, 62, 0x0000000000000000
2026/09/17 23:52:51.908, 52.53 W, 41 %, 63, 0x0000000000000000
2026/09/17 23:52:52.922, 52.47 W, 100 %, 63, 0x0000000000000000
2026/09/17 23:52:53.934, 53.24 W, 99 %, 63, 0x0000000000000000
2026/09/17 23:52:54.947, 53.12 W, 100 %, 63, 0x0000000000000000
2026/09/17 23:52:55.960, 59.30 W, 100 %, 63, 0x0000000000000000
2026/09/17 23:52:56.976, 79.32 W, 97 %, 66, 0x0000000000000004
2026/09/17 23:52:57.982, 77.97 W, 91 %, 66, 0x0000000000000004
2026/09/17 23:52:58.985, 52.75 W, 93 %, 64, 0x0000000000000000
2026/09/17 23:52:59.999, 52.94 W, 100 %, 64, 0x0000000000000000
2026/09/17 23:53:01.012, 52.53 W, 100 %, 64, 0x0000000000000000
2026/09/17 23:53:02.025, 78.22 W, 99 %, 66, 0x0000000000000004
2026/09/17 23:53:03.028, 79.20 W, 91 %, 67, 0x0000000000000004
2026/09/17 23:53:04.031, 34.72 W, 94 %, 64, 0x0000000000000004
2026/09/17 23:53:05.034, 33.03 W, 55 %, 62, 0x0000000000000000
2026/09/17 23:53:06.046, 23.89 W, 0 %, 61, 0x0000000000000000
2026/09/17 23:53:07.061, 52.66 W, 6 %, 64, 0x0000000000000000
2026/09/17 23:53:08.073, 79.62 W, 100 %, 66, 0x0000000000000004
2026/09/17 23:53:09.077, 79.60 W, 96 %, 67, 0x0000000000000004
2026/09/17 23:53:10.080, 33.25 W, 96 %, 62, 0x0000000000000000
2026/09/17 23:53:11.092, 33.08 W, 7 %, 62, 0x0000000000000000
2026/09/17 23:53:12.106, 23.89 W, 0 %, 60, 0x0000000000000000
2026/09/17 23:53:13.119, 52.96 W, 29 %, 64, 0x0000000000000000
2026/09/17 23:53:14.134, 52.87 W, 100 %, 64, 0x0000000000000000
2026/09/17 23:53:15.147, 52.61 W, 100 %, 64, 0x0000000000000000
2026/09/17 23:53:16.162, 77.91 W, 98 %, 67, 0x0000000000000004
2026/09/17 23:53:17.166, 33.17 W, 96 %, 62, 0x0000000000000000
2026/09/17 23:53:18.177, 33.05 W, 21 %, 62, 0x0000000000000000
2026/09/17 23:53:19.189, 23.86 W, 0 %, 60, 0x0000000000000000
2026/09/17 23:53:20.203, 23.82 W, 0 %, 60, 0x0000000000000000
2026/09/17 23:53:21.217, 23.68 W, 0 %, 60, 0x0000000000000000
2026/09/17 23:53:22.232, 23.68 W, 0 %, 60, 0x0000000000000000
2026/09/17 23:53:23.246, 52.23 W, 12 %, 63, 0x0000000000000000
2026/09/17 23:53:24.259, 78.97 W, 100 %, 66, 0x0000000000000004
2026/09/17 23:53:25.263, 79.17 W, 95 %, 66, 0x0000000000000004
2026/09/17 23:53:26.268, 32.85 W, 83 %, 61, 0x0000000000000000
2026/09/17 23:53:27.280, 23.58 W, 0 %, 61, 0x0000000000000000
2026/09/17 23:53:28.296, 23.69 W, 0 %, 60, 0x0000000000000000
2026/09/17 23:53:29.310, 23.66 W, 0 %, 59, 0x0000000000000000
2026/09/17 23:53:30.325, 23.64 W, 0 %, 59, 0x0000000000000000
2026/09/17 23:53:31.384, 23.60 W, 0 %, 59, 0x0000000000000000
2026/09/17 23:53:32.398, 23.56 W, 0 %, 59, 0x0000000000000000
2026/09/17 23:53:33.412, 23.55 W, 0 %, 58, 0x0000000000000000
2026/09/17 23:53:34.426, 23.42 W, 0 %, 58, 0x0000000000000000
2026/09/17 23:53:35.440, 23.44 W, 0 %, 58, 0x0000000000000000
2026/09/17 23:53:36.454, 52.28 W, 0 %, 59, 0x0000000000000000
2026/09/17 23:53:37.467, 52.90 W, 57 %, 62, 0x0000000000000000
2026/09/17 23:53:38.481, 78.12 W, 100 %, 64, 0x0000000000000004
2026/09/17 23:53:39.486, 32.64 W, 94 %, 65, 0x0000000000000000
2026/09/17 23:53:40.498, 32.46 W, 0 %, 60, 0x0000000000000000
2026/09/17 23:53:41.512, 23.55 W, 0 %, 59, 0x0000000000000000
2026/09/17 23:53:42.527, 23.45 W, 0 %, 58, 0x0000000000000000
2026/09/17 23:53:43.542, 23.42 W, 0 %, 58, 0x0000000000000000
2026/09/17 23:53:44.555, 23.45 W, 0 %, 58, 0x0000000000000000
2026/09/17 23:53:45.569, 23.49 W, 0 %, 58, 0x0000000000000000
2026/09/17 23:53:46.582, 23.42 W, 0 %, 58, 0x0000000000000000
2026/09/17 23:53:47.596, 52.66 W, 85 %, 61, 0x0000000000000000
2026/09/17 23:53:48.608, 52.91 W, 100 %, 61, 0x0000000000000000
2026/09/17 23:53:49.621, 80.45 W, 97 %, 64, 0x0000000000000004
2026/09/17 23:53:50.662, 79.26 W, 95 %, 64, 0x0000000000000004
2026/09/17 23:53:51.665, 32.47 W, 67 %, 61, 0x0000000000000000
2026/09/17 23:53:52.678, 43.97 W, 1 %, 60, 0x0000000000000000
2026/09/17 23:53:53.692, 52.48 W, 99 %, 62, 0x0000000000000000
2026/09/17 23:53:54.704, 52.41 W, 100 %, 62, 0x0000000000000000
2026/09/17 23:53:55.718, 79.93 W, 96 %, 65, 0x0000000000000004
2026/09/17 23:53:56.722, 32.49 W, 69 %, 61, 0x0000000000000000
2026/09/17 23:53:57.734, 32.67 W, 0 %, 60, 0x0000000000000000
2026/09/17 23:53:58.747, 23.41 W, 0 %, 59, 0x0000000000000000
2026/09/17 23:53:59.762, 52.97 W, 59 %, 62, 0x0000000000000000
2026/09/17 23:54:00.774, 52.68 W, 100 %, 62, 0x0000000000000000
2026/09/17 23:54:01.788, 79.87 W, 92 %, 65, 0x0000000000000004
2026/09/17 23:54:02.792, 79.75 W, 96 %, 65, 0x0000000000000004
2026/09/17 23:54:03.797, 52.22 W, 48 %, 62, 0x0000000000000000
2026/09/17 23:54:04.809, 52.53 W, 100 %, 63, 0x0000000000000000
2026/09/17 23:54:05.822, 52.47 W, 100 %, 63, 0x0000000000000000
2026/09/17 23:54:06.836, 52.26 W, 99 %, 63, 0x0000000000000000
2026/09/17 23:54:07.848, 52.56 W, 100 %, 63, 0x0000000000000000
2026/09/17 23:54:08.861, 52.42 W, 100 %, 63, 0x0000000000000000
2026/09/17 23:54:09.874, 52.07 W, 99 %, 63, 0x0000000000000000
2026/09/17 23:54:10.886, 52.59 W, 100 %, 63, 0x0000000000000004
2026/09/17 23:54:11.890, 78.04 W, 92 %, 66, 0x0000000000000004
2026/09/17 23:54:12.894, 77.19 W, 87 %, 66, 0x0000000000000004
2026/09/17 23:54:13.897, 77.37 W, 90 %, 66, 0x0000000000000004
2026/09/17 23:54:14.903, 52.77 W, 95 %, 64, 0x0000000000000000
2026/09/17 23:54:15.916, 52.86 W, 100 %, 64, 0x0000000000000000
2026/09/17 23:54:16.929, 52.68 W, 100 %, 64, 0x0000000000000000
2026/09/17 23:54:17.941, 52.14 W, 97 %, 64, 0x0000000000000000
2026/09/17 23:54:18.953, 79.82 W, 98 %, 64, 0x0000000000000004
2026/09/17 23:54:19.956, 79.43 W, 91 %, 67, 0x0000000000000004
2026/09/17 23:54:20.960, 79.54 W, 94 %, 67, 0x0000000000000004
2026/09/17 23:54:21.965, 53.08 W, 78 %, 64, 0x0000000000000000
2026/09/17 23:54:22.978, 52.96 W, 100 %, 65, 0x0000000000000000
2026/09/17 23:54:23.991, 53.69 W, 98 %, 65, 0x0000000000000004
2026/09/17 23:54:24.998, 53.03 W, 91 %, 65, 0x0000000000000000
2026/09/17 23:54:26.011, 53.18 W, 100 %, 65, 0x0000000000000000
2026/09/17 23:54:27.026, 78.58 W, 98 %, 67, 0x0000000000000004
2026/09/17 23:54:28.030, 79.03 W, 94 %, 67, 0x0000000000000004
2026/09/17 23:54:29.037, 32.00 W, 94 %, 64, 0x0000000000000000
2026/09/17 23:54:30.049, 33.27 W, 10 %, 63, 0x0000000000000000
2026/09/17 23:54:31.061, 23.92 W, 0 %, 61, 0x0000000000000000
2026/09/17 23:54:32.076, 23.84 W, 0 %, 61, 0x0000000000000000
2026/09/17 23:54:33.090, 23.81 W, 0 %, 61, 0x0000000000000000
2026/09/17 23:54:34.104, 23.75 W, 0 %, 60, 0x0000000000000000
2026/09/17 23:54:35.118, 23.78 W, 0 %, 60, 0x0000000000000000
2026/09/17 23:54:36.133, 23.69 W, 0 %, 60, 0x0000000000000000
2026/09/17 23:54:37.146, 23.55 W, 0 %, 60, 0x0000000000000000
2026/09/17 23:54:38.160, 29.90 W, 0 %, 59, 0x0000000000000000
2026/09/17 23:54:39.174, 53.36 W, 71 %, 63, 0x0000000000000000
2026/09/17 23:54:40.187, 53.55 W, 100 %, 63, 0x0000000000000000
2026/09/17 23:54:41.200, 52.58 W, 100 %, 63, 0x0000000000000000
2026/09/17 23:54:42.214, 77.90 W, 98 %, 66, 0x0000000000000004
2026/09/17 23:54:43.221, 77.13 W, 95 %, 66, 0x0000000000000004
2026/09/17 23:54:44.226, 33.08 W, 36 %, 61, 0x0000000000000000
2026/09/17 23:54:45.238, 23.57 W, 0 %, 61, 0x0000000000000000
2026/09/17 23:54:46.252, 23.67 W, 0 %, 60, 0x0000000000000000
2026/09/17 23:54:47.266, 23.58 W, 0 %, 59, 0x0000000000000000
2026/09/17 23:54:48.281, 23.57 W, 0 %, 59, 0x0000000000000000
2026/09/17 23:54:49.295, 23.53 W, 0 %, 59, 0x0000000000000000
2026/09/17 23:54:50.309, 52.87 W, 12 %, 62, 0x0000000000000000
2026/09/17 23:54:51.322, 79.79 W, 99 %, 65, 0x0000000000000004
2026/09/17 23:54:52.338, 79.16 W, 95 %, 65, 0x0000000000000004
2026/09/17 23:54:53.341, 52.81 W, 85 %, 63, 0x0000000000000000
2026/09/17 23:54:54.355, 53.10 W, 100 %, 63, 0x0000000000000000
2026/09/17 23:54:55.367, 78.30 W, 100 %, 65, 0x0000000000000004
2026/09/17 23:54:56.371, 31.43 W, 94 %, 66, 0x0000000000000000
2026/09/17 23:54:57.383, 53.42 W, 34 %, 61, 0x0000000000000000
2026/09/17 23:54:58.398, 53.67 W, 67 %, 63, 0x0000000000000000
2026/09/17 23:54:59.411, 53.42 W, 100 %, 64, 0x0000000000000000
2026/09/17 23:55:00.425, 53.25 W, 100 %, 64, 0x0000000000000000
2026/09/17 23:55:01.438, 53.00 W, 100 %, 64, 0x0000000000000000
2026/09/17 23:55:02.451, 53.08 W, 100 %, 64, 0x0000000000000000
2026/09/17 23:55:03.464, 53.12 W, 100 %, 64, 0x0000000000000000
2026/09/17 23:55:04.478, 53.26 W, 99 %, 64, 0x0000000000000000
2026/09/17 23:55:05.490, 52.92 W, 100 %, 64, 0x0000000000000000
2026/09/17 23:55:06.505, 52.50 W, 100 %, 65, 0x0000000000000000
2026/09/17 23:55:07.517, 73.73 W, 99 %, 64, 0x0000000000000004
2026/09/17 23:55:08.522, 79.49 W, 96 %, 67, 0x0000000000000004
2026/09/17 23:55:09.528, 79.27 W, 93 %, 67, 0x0000000000000004
2026/09/17 23:55:10.534, 78.74 W, 93 %, 67, 0x0000000000000004
2026/09/17 23:55:11.537, 53.83 W, 94 %, 65, 0x0000000000000000
2026/09/17 23:55:12.551, 53.34 W, 100 %, 65, 0x0000000000000000
2026/09/17 23:55:13.564, 52.96 W, 100 %, 65, 0x0000000000000000
2026/09/17 23:55:14.578, 52.96 W, 99 %, 65, 0x0000000000000000
2026/09/17 23:55:15.591, 78.65 W, 99 %, 67, 0x0000000000000004
2026/09/17 23:55:16.594, 53.27 W, 96 %, 65, 0x0000000000000000
2026/09/17 23:55:17.606, 53.94 W, 100 %, 65, 0x0000000000000000
2026/09/17 23:55:18.621, 53.19 W, 98 %, 65, 0x0000000000000000
2026/09/17 23:55:19.633, 53.54 W, 100 %, 65, 0x0000000000000000
2026/09/17 23:55:20.648, 77.24 W, 100 %, 66, 0x0000000000000004
2026/09/17 23:55:21.653, 78.63 W, 95 %, 67, 0x0000000000000004
2026/09/17 23:55:22.656, 78.22 W, 93 %, 68, 0x0000000000000004
2026/09/17 23:55:23.660, 53.99 W, 93 %, 65, 0x0000000000000000
2026/09/17 23:55:24.673, 53.90 W, 100 %, 65, 0x0000000000000000
2026/09/17 23:55:25.687, 53.21 W, 100 %, 65, 0x0000000000000000
2026/09/17 23:55:26.700, 48.54 W, 100 %, 67, 0x0000000000000004
2026/09/17 23:55:27.703, 79.63 W, 95 %, 65, 0x0000000000000004
2026/09/17 23:55:28.706, 53.16 W, 97 %, 65, 0x0000000000000000
2026/09/17 23:55:29.718, 52.98 W, 100 %, 68, 0x0000000000000004
2026/09/17 23:55:30.721, 72.13 W, 95 %, 65, 0x0000000000000004
2026/09/17 23:55:31.724, 78.79 W, 96 %, 68, 0x0000000000000004
2026/09/17 23:55:32.729, 53.44 W, 91 %, 66, 0x0000000000000000
2026/09/17 23:55:33.741, 51.42 W, 99 %, 68, 0x0000000000000000
2026/09/17 23:55:34.754, 53.60 W, 96 %, 65, 0x0000000000000000
2026/09/17 23:55:35.768, 78.98 W, 100 %, 65, 0x0000000000000004
2026/09/17 23:55:36.771, 52.95 W, 96 %, 65, 0x0000000000000000
2026/09/17 23:55:37.784, 77.38 W, 97 %, 68, 0x0000000000000004
2026/09/17 23:55:38.788, 53.52 W, 92 %, 65, 0x0000000000000000
2026/09/17 23:55:39.800, 53.34 W, 97 %, 65, 0x0000000000000000
2026/09/17 23:55:40.812, 78.60 W, 99 %, 67, 0x0000000000000004
2026/09/17 23:55:41.815, 43.84 W, 93 %, 68, 0x0000000000000004
2026/09/17 23:55:42.818, 70.79 W, 96 %, 66, 0x0000000000000004
2026/09/17 23:55:43.821, 53.51 W, 97 %, 66, 0x0000000000000000
2026/09/17 23:55:44.834, 52.39 W, 99 %, 65, 0x0000000000000000
2026/09/17 23:55:45.846, 78.76 W, 98 %, 65, 0x0000000000000004
2026/09/17 23:55:46.850, 51.19 W, 96 %, 68, 0x0000000000000000
2026/09/17 23:55:47.862, 49.64 W, 96 %, 66, 0x0000000000000000
2026/09/17 23:55:48.875, 53.63 W, 98 %, 66, 0x0000000000000000
2026/09/17 23:55:49.888, 54.16 W, 100 %, 65, 0x0000000000000000
2026/09/17 23:55:50.902, 53.44 W, 100 %, 65, 0x0000000000000000
2026/09/17 23:55:51.915, 79.00 W, 100 %, 67, 0x0000000000000004
2026/09/17 23:55:52.918, 78.33 W, 94 %, 68, 0x0000000000000004
2026/09/17 23:55:53.922, 53.30 W, 93 %, 66, 0x0000000000000000
2026/09/17 23:55:54.935, 54.29 W, 97 %, 66, 0x0000000000000004
2026/09/17 23:55:55.939, 52.78 W, 97 %, 65, 0x0000000000000000
2026/09/17 23:55:56.951, 64.12 W, 98 %, 68, 0x0000000000000004
2026/09/17 23:55:57.955, 53.66 W, 97 %, 65, 0x0000000000000004
2026/09/17 23:55:58.958, 78.67 W, 97 %, 68, 0x0000000000000004
2026/09/17 23:55:59.962, 53.87 W, 94 %, 66, 0x0000000000000000
2026/09/17 23:56:00.975, 53.66 W, 100 %, 66, 0x0000000000000000
2026/09/17 23:56:01.987, 46.53 W, 99 %, 68, 0x0000000000000000
2026/09/17 23:56:03.001, 78.14 W, 95 %, 66, 0x0000000000000004
2026/09/17 23:56:04.006, 53.42 W, 95 %, 66, 0x0000000000000000
2026/09/17 23:56:05.019, 47.99 W, 98 %, 66, 0x0000000000000004
2026/09/17 23:56:06.023, 78.57 W, 97 %, 68, 0x0000000000000004
2026/09/17 23:56:07.029, 79.44 W, 96 %, 68, 0x0000000000000004
2026/09/17 23:56:08.032, 50.88 W, 92 %, 66, 0x0000000000000000
2026/09/17 23:56:09.045, 81.85 W, 96 %, 68, 0x0000000000000004
2026/09/17 23:56:10.053, 79.89 W, 97 %, 68, 0x0000000000000004
2026/09/17 23:56:11.060, 54.19 W, 98 %, 66, 0x0000000000000000
2026/09/17 23:56:12.073, 53.81 W, 100 %, 66, 0x0000000000000000
2026/09/17 23:56:13.086, 79.69 W, 100 %, 68, 0x0000000000000004
2026/09/17 23:56:14.093, 53.03 W, 95 %, 66, 0x0000000000000000
2026/09/17 23:56:15.105, 53.67 W, 97 %, 66, 0x0000000000000000
2026/09/17 23:56:16.117, 53.51 W, 100 %, 66, 0x0000000000000000
2026/09/17 23:56:17.130, 79.84 W, 100 %, 68, 0x0000000000000004
2026/09/17 23:56:18.134, 79.20 W, 97 %, 68, 0x0000000000000004
2026/09/17 23:56:19.142, 74.83 W, 92 %, 68, 0x0000000000000004
2026/09/17 23:56:20.145, 79.36 W, 93 %, 69, 0x0000000000000004
2026/09/17 23:56:21.149, 33.84 W, 81 %, 64, 0x0000000000000000
2026/09/17 23:56:22.163, 26.18 W, 0 %, 63, 0x0000000000000000
2026/09/17 23:56:23.180, 53.49 W, 26 %, 65, 0x0000000000000000
2026/09/17 23:56:24.192, 79.00 W, 100 %, 68, 0x0000000000000004
2026/09/17 23:56:25.196, 79.26 W, 97 %, 68, 0x0000000000000004
2026/09/17 23:56:26.200, 79.30 W, 94 %, 68, 0x0000000000000004
2026/09/17 23:56:27.208, 51.72 W, 96 %, 66, 0x0000000000000000
2026/09/17 23:56:28.222, 79.55 W, 95 %, 68, 0x0000000000000004
2026/09/17 23:56:29.225, 70.29 W, 98 %, 69, 0x0000000000000004
2026/09/17 23:56:30.230, 33.74 W, 74 %, 64, 0x0000000000000000
2026/09/17 23:56:31.242, 23.92 W, 0 %, 63, 0x0000000000000000
2026/09/17 23:56:32.256, 24.04 W, 0 %, 62, 0x0000000000000000
2026/09/17 23:56:33.271, 54.26 W, 0 %, 64, 0x0000000000000000
2026/09/17 23:56:34.286, 54.41 W, 79 %, 65, 0x0000000000000000
2026/09/17 23:56:35.299, 54.10 W, 100 %, 65, 0x0000000000000000
2026/09/17 23:56:36.313, 54.27 W, 100 %, 65, 0x0000000000000000
2026/09/17 23:56:37.326, 53.91 W, 100 %, 65, 0x0000000000000000
2026/09/17 23:56:38.340, 54.13 W, 100 %, 65, 0x0000000000000000
2026/09/17 23:56:39.353, 53.63 W, 100 %, 65, 0x0000000000000004
2026/09/17 23:56:40.356, 54.03 W, 99 %, 65, 0x0000000000000000
2026/09/17 23:56:41.370, 53.49 W, 100 %, 65, 0x0000000000000000
2026/09/17 23:56:42.383, 53.88 W, 100 %, 65, 0x0000000000000000
2026/09/17 23:56:43.397, 53.58 W, 100 %, 65, 0x0000000000000000
2026/09/17 23:56:44.409, 53.88 W, 100 %, 65, 0x0000000000000000
2026/09/17 23:56:45.423, 55.34 W, 99 %, 65, 0x0000000000000004
2026/09/17 23:56:46.428, 54.19 W, 100 %, 65, 0x0000000000000000
2026/09/17 23:56:47.441, 53.73 W, 100 %, 65, 0x0000000000000000
2026/09/17 23:56:48.455, 53.68 W, 100 %, 65, 0x0000000000000000
2026/09/17 23:56:49.468, 53.94 W, 100 %, 65, 0x0000000000000000
2026/09/17 23:56:50.482, 53.86 W, 100 %, 65, 0x0000000000000000
2026/09/17 23:56:51.494, 78.99 W, 98 %, 65, 0x0000000000000004
2026/09/17 23:56:52.497, 78.60 W, 92 %, 68, 0x0000000000000004
2026/09/17 23:56:53.503, 77.63 W, 92 %, 68, 0x0000000000000004
2026/09/17 23:56:54.506, 55.53 W, 89 %, 68, 0x0000000000000004
2026/09/17 23:56:55.509, 33.54 W, 0 %, 63, 0x0000000000000000
2026/09/17 23:56:56.523, 23.91 W, 0 %, 63, 0x0000000000000000
2026/09/17 23:56:57.539, 31.94 W, 17 %, 62, 0x0000000000000000
2026/09/17 23:56:58.554, 53.95 W, 100 %, 65, 0x0000000000000000
2026/09/17 23:56:59.567, 53.89 W, 100 %, 65, 0x0000000000000000
2026/09/17 23:57:00.581, 53.85 W, 100 %, 65, 0x0000000000000000
2026/09/17 23:57:01.594, 53.89 W, 100 %, 65, 0x0000000000000000
2026/09/17 23:57:02.608, 53.57 W, 100 %, 65, 0x0000000000000000
2026/09/17 23:57:03.621, 78.78 W, 97 %, 67, 0x0000000000000004
2026/09/17 23:57:04.624, 31.95 W, 89 %, 64, 0x0000000000000000
2026/09/17 23:57:05.636, 33.45 W, 0 %, 63, 0x0000000000000000
2026/09/17 23:57:06.649, 23.99 W, 0 %, 61, 0x0000000000000000
2026/09/17 23:57:07.663, 23.93 W, 0 %, 61, 0x0000000000000000
2026/09/17 23:57:08.676, 23.84 W, 0 %, 60, 0x0000000000000000
2026/09/17 23:57:09.690, 23.70 W, 0 %, 60, 0x0000000000000000
2026/09/17 23:57:10.704, 23.79 W, 0 %, 60, 0x0000000000000000
2026/09/17 23:57:11.718, 23.74 W, 0 %, 60, 0x0000000000000000
2026/09/17 23:57:12.731, 23.74 W, 0 %, 59, 0x0000000000000000
2026/09/17 23:57:13.745, 23.74 W, 0 %, 59, 0x0000000000000000
2026/09/17 23:57:14.760, 23.63 W, 0 %, 59, 0x0000000000000000
2026/09/17 23:57:15.774, 23.67 W, 0 %, 59, 0x0000000000000000
2026/09/17 23:57:16.788, 23.61 W, 0 %, 59, 0x0000000000000000
2026/09/17 23:57:17.806, 23.60 W, 0 %, 59, 0x0000000000000000
2026/09/17 23:57:18.820, 23.47 W, 0 %, 58, 0x0000000000000000
2026/09/17 23:57:19.834, 23.47 W, 0 %, 58, 0x0000000000000000
2026/09/17 23:57:20.848, 23.51 W, 0 %, 58, 0x0000000000000000
2026/09/17 23:57:21.861, 53.88 W, 41 %, 61, 0x0000000000000000
2026/09/17 23:57:22.874, 54.21 W, 100 %, 62, 0x0000000000000000
2026/09/17 23:57:23.887, 54.09 W, 100 %, 62, 0x0000000000000000
2026/09/17 23:57:24.899, 54.25 W, 100 %, 62, 0x0000000000000000
2026/09/17 23:57:25.912, 53.97 W, 100 %, 62, 0x0000000000000000
2026/09/17 23:57:26.925, 53.57 W, 100 %, 63, 0x0000000000000000
2026/09/17 23:57:27.937, 79.92 W, 96 %, 65, 0x0000000000000004
2026/09/17 23:57:28.940, 30.77 W, 96 %, 65, 0x0000000000000000
2026/09/17 23:57:29.955, 33.00 W, 18 %, 61, 0x0000000000000000
2026/09/17 23:57:30.967, 23.69 W, 0 %, 61, 0x0000000000000000
2026/09/17 23:57:31.983, 23.59 W, 0 %, 59, 0x0000000000000000
2026/09/17 23:57:32.997, 23.59 W, 0 %, 59, 0x0000000000000000
2026/09/17 23:57:34.012, 23.64 W, 0 %, 59, 0x0000000000000000
2026/09/17 23:57:35.026, 23.51 W, 0 %, 58, 0x0000000000000000
2026/09/17 23:57:36.043, 53.18 W, 35 %, 62, 0x0000000000000000
2026/09/17 23:57:37.057, 53.67 W, 100 %, 62, 0x0000000000000000
2026/09/17 23:57:38.070, 53.19 W, 100 %, 62, 0x0000000000000000
2026/09/17 23:57:39.083, 53.51 W, 100 %, 62, 0x0000000000000000
2026/09/17 23:57:40.095, 53.54 W, 100 %, 63, 0x0000000000000000
2026/09/17 23:57:41.109, 53.60 W, 100 %, 63, 0x0000000000000000
2026/09/17 23:57:42.122, 50.99 W, 100 %, 62, 0x0000000000000000
2026/09/17 23:57:43.136, 53.59 W, 99 %, 63, 0x0000000000000000
2026/09/17 23:57:44.149, 53.24 W, 100 %, 63, 0x0000000000000000
2026/09/17 23:57:45.162, 53.35 W, 100 %, 63, 0x0000000000000000
2026/09/17 23:57:46.174, 53.21 W, 100 %, 63, 0x0000000000000000
2026/09/17 23:57:47.187, 53.37 W, 100 %, 63, 0x0000000000000000
2026/09/17 23:57:48.200, 51.95 W, 100 %, 63, 0x0000000000000000
2026/09/17 23:57:49.213, 53.76 W, 99 %, 63, 0x0000000000000000
2026/09/17 23:57:50.226, 53.68 W, 100 %, 63, 0x0000000000000000
2026/09/17 23:57:51.238, 53.47 W, 100 %, 63, 0x0000000000000000
2026/09/17 23:57:52.254, 53.74 W, 100 %, 63, 0x0000000000000000
2026/09/17 23:57:53.267, 53.45 W, 100 %, 64, 0x0000000000000000
2026/09/17 23:57:54.280, 53.83 W, 100 %, 64, 0x0000000000000000
2026/09/17 23:57:55.293, 53.96 W, 100 %, 64, 0x0000000000000000
2026/09/17 23:57:56.306, 53.15 W, 100 %, 63, 0x0000000000000000
2026/09/17 23:57:57.318, 53.76 W, 99 %, 64, 0x0000000000000000
2026/09/17 23:57:58.330, 53.49 W, 100 %, 64, 0x0000000000000000
2026/09/17 23:57:59.343, 53.56 W, 100 %, 64, 0x0000000000000000
2026/09/17 23:58:00.358, 78.25 W, 98 %, 66, 0x0000000000000004
2026/09/17 23:58:01.361, 79.21 W, 92 %, 67, 0x0000000000000004
2026/09/17 23:58:02.364, 76.89 W, 93 %, 67, 0x0000000000000004
2026/09/17 23:58:03.369, 53.69 W, 95 %, 65, 0x0000000000000000
2026/09/17 23:58:04.382, 53.68 W, 100 %, 65, 0x0000000000000000
2026/09/17 23:58:05.396, 53.75 W, 100 %, 65, 0x0000000000000000
2026/09/17 23:58:06.408, 53.67 W, 100 %, 65, 0x0000000000000000
2026/09/17 23:58:07.421, 53.71 W, 100 %, 64, 0x0000000000000000
2026/09/17 23:58:08.434, 76.83 W, 100 %, 64, 0x0000000000000004
2026/09/17 23:58:09.437, 44.45 W, 96 %, 67, 0x0000000000000004
2026/09/17 23:58:10.442, 54.07 W, 88 %, 65, 0x0000000000000000
2026/09/17 23:58:11.454, 53.91 W, 100 %, 65, 0x0000000000000000
2026/09/17 23:58:12.469, 53.86 W, 100 %, 65, 0x0000000000000000
2026/09/17 23:58:13.481, 53.46 W, 100 %, 65, 0x0000000000000000
2026/09/17 23:58:14.494, 53.85 W, 100 %, 65, 0x0000000000000000
2026/09/17 23:58:15.507, 53.52 W, 100 %, 65, 0x0000000000000000
2026/09/17 23:58:16.520, 53.72 W, 100 %, 65, 0x0000000000000000
2026/09/17 23:58:17.532, 67.54 W, 100 %, 65, 0x0000000000000004
2026/09/17 23:58:18.537, 53.95 W, 99 %, 65, 0x0000000000000000
2026/09/17 23:58:19.550, 53.69 W, 100 %, 65, 0x0000000000000000
2026/09/17 23:58:20.563, 53.79 W, 100 %, 65, 0x0000000000000000
2026/09/17 23:58:21.575, 54.15 W, 100 %, 65, 0x0000000000000000
2026/09/17 23:58:22.588, 66.00 W, 100 %, 65, 0x0000000000000004
2026/09/17 23:58:23.592, 53.35 W, 98 %, 65, 0x0000000000000000
2026/09/17 23:58:24.605, 53.69 W, 96 %, 65, 0x0000000000000000
2026/09/17 23:58:25.619, 53.45 W, 100 %, 65, 0x0000000000000000
2026/09/17 23:58:26.632, 53.66 W, 100 %, 65, 0x0000000000000000
2026/09/17 23:58:27.646, 53.70 W, 100 %, 65, 0x0000000000000000
2026/09/17 23:58:28.658, 53.36 W, 100 %, 65, 0x0000000000000000
2026/09/17 23:58:29.673, 53.08 W, 100 %, 65, 0x0000000000000000
2026/09/17 23:58:30.685, 53.50 W, 100 %, 64, 0x0000000000000000
2026/09/17 23:58:31.700, 78.57 W, 100 %, 67, 0x0000000000000004
2026/09/17 23:58:32.706, 78.71 W, 96 %, 67, 0x0000000000000004
2026/09/17 23:58:33.714, 53.85 W, 93 %, 65, 0x0000000000000000
2026/09/17 23:58:34.728, 54.02 W, 98 %, 65, 0x0000000000000000
2026/09/17 23:58:35.741, 53.66 W, 100 %, 65, 0x0000000000000000
2026/09/17 23:58:36.753, 53.82 W, 100 %, 65, 0x0000000000000000
2026/09/17 23:58:37.765, 53.45 W, 100 %, 65, 0x0000000000000000
2026/09/17 23:58:38.779, 53.84 W, 100 %, 65, 0x0000000000000000
2026/09/17 23:58:39.792, 53.51 W, 100 %, 65, 0x0000000000000000
2026/09/17 23:58:40.806, 53.51 W, 100 %, 65, 0x0000000000000000
2026/09/17 23:58:41.819, 56.24 W, 100 %, 67, 0x0000000000000004
2026/09/17 23:58:42.822, 53.95 W, 94 %, 65, 0x0000000000000000
2026/09/17 23:58:43.834, 53.64 W, 100 %, 65, 0x0000000000000000
2026/09/17 23:58:44.847, 53.30 W, 100 %, 65, 0x0000000000000000
2026/09/17 23:58:45.859, 53.42 W, 100 %, 65, 0x0000000000000000
2026/09/17 23:58:46.872, 53.52 W, 100 %, 65, 0x0000000000000000
2026/09/17 23:58:47.884, 54.37 W, 100 %, 65, 0x0000000000000000
2026/09/17 23:58:48.897, 54.06 W, 98 %, 64, 0x0000000000000000
2026/09/17 23:58:49.910, 54.05 W, 100 %, 65, 0x0000000000000000
2026/09/17 23:58:50.924, 53.55 W, 100 %, 65, 0x0000000000000000
2026/09/17 23:58:51.937, 54.01 W, 100 %, 65, 0x0000000000000000
2026/09/17 23:58:52.951, 53.78 W, 100 %, 65, 0x0000000000000000
2026/09/17 23:58:53.964, 53.67 W, 100 %, 65, 0x0000000000000000
2026/09/17 23:58:54.977, 78.36 W, 94 %, 67, 0x0000000000000004
2026/09/17 23:58:55.983, 52.90 W, 95 %, 67, 0x0000000000000000
2026/09/17 23:58:56.996, 53.80 W, 100 %, 65, 0x0000000000000000
2026/09/17 23:58:58.008, 53.68 W, 100 %, 65, 0x0000000000000000
2026/09/17 23:58:59.022, 53.56 W, 100 %, 65, 0x0000000000000000
2026/09/17 23:59:00.035, 53.67 W, 100 %, 65, 0x0000000000000000
2026/09/17 23:59:01.050, 53.06 W, 100 %, 65, 0x0000000000000000
2026/09/17 23:59:02.062, 75.70 W, 99 %, 67, 0x0000000000000004
2026/09/17 23:59:03.066, 78.07 W, 91 %, 67, 0x0000000000000004
2026/09/17 23:59:04.069, 54.09 W, 97 %, 65, 0x0000000000000000
2026/09/17 23:59:05.081, 54.04 W, 100 %, 65, 0x0000000000000000
2026/09/17 23:59:06.096, 53.96 W, 100 %, 65, 0x0000000000000000
2026/09/17 23:59:07.108, 53.89 W, 100 %, 65, 0x0000000000000000
2026/09/17 23:59:08.123, 53.85 W, 100 %, 65, 0x0000000000000000
2026/09/17 23:59:09.136, 53.48 W, 100 %, 65, 0x0000000000000000
2026/09/17 23:59:10.150, 53.62 W, 100 %, 65, 0x0000000000000000
2026/09/17 23:59:11.163, 53.74 W, 100 %, 65, 0x0000000000000004
2026/09/17 23:59:12.166, 50.65 W, 94 %, 65, 0x0000000000000000
2026/09/17 23:59:13.179, 54.24 W, 100 %, 65, 0x0000000000000000
2026/09/17 23:59:14.192, 53.83 W, 100 %, 65, 0x0000000000000000
2026/09/17 23:59:15.205, 53.69 W, 100 %, 65, 0x0000000000000000
2026/09/17 23:59:16.219, 53.87 W, 100 %, 65, 0x0000000000000000
2026/09/17 23:59:17.231, 53.80 W, 100 %, 65, 0x0000000000000000
2026/09/17 23:59:18.245, 78.42 W, 98 %, 67, 0x0000000000000004
2026/09/17 23:59:19.249, 53.85 W, 97 %, 65, 0x0000000000000000
2026/09/17 23:59:20.261, 54.19 W, 100 %, 65, 0x0000000000000000
2026/09/17 23:59:21.275, 53.66 W, 100 %, 65, 0x0000000000000000
2026/09/17 23:59:22.288, 54.01 W, 100 %, 65, 0x0000000000000000
2026/09/17 23:59:23.302, 53.16 W, 100 %, 65, 0x0000000000000000
2026/09/17 23:59:24.315, 53.79 W, 100 %, 65, 0x0000000000000000
2026/09/17 23:59:25.330, 53.80 W, 100 %, 65, 0x0000000000000000
2026/09/17 23:59:26.342, 78.64 W, 97 %, 67, 0x0000000000000004
2026/09/17 23:59:27.345, 53.79 W, 96 %, 65, 0x0000000000000000
2026/09/17 23:59:28.358, 54.12 W, 100 %, 65, 0x0000000000000000
2026/09/17 23:59:29.371, 53.74 W, 100 %, 65, 0x0000000000000000
2026/09/17 23:59:30.383, 53.89 W, 100 %, 65, 0x0000000000000000
2026/09/17 23:59:31.397, 53.27 W, 100 %, 65, 0x0000000000000000
2026/09/17 23:59:32.411, 53.60 W, 100 %, 65, 0x0000000000000000
2026/09/17 23:59:33.424, 53.27 W, 100 %, 65, 0x0000000000000000
2026/09/17 23:59:34.437, 82.61 W, 100 %, 65, 0x0000000000000004
2026/09/17 23:59:35.445, 78.43 W, 93 %, 67, 0x0000000000000004
2026/09/17 23:59:36.448, 54.33 W, 94 %, 65, 0x0000000000000000
2026/09/17 23:59:37.462, 54.28 W, 100 %, 65, 0x0000000000000000
2026/09/17 23:59:38.475, 53.92 W, 100 %, 65, 0x0000000000000000
2026/09/17 23:59:39.488, 54.29 W, 100 %, 65, 0x0000000000000000
2026/09/17 23:59:40.501, 53.47 W, 100 %, 65, 0x0000000000000000
2026/09/17 23:59:41.513, 53.48 W, 100 %, 65, 0x0000000000000000
2026/09/17 23:59:42.526, 53.65 W, 100 %, 65, 0x0000000000000000
2026/09/17 23:59:43.539, 72.07 W, 100 %, 66, 0x0000000000000004
2026/09/17 23:59:44.551, 53.75 W, 95 %, 65, 0x0000000000000000
2026/09/17 23:59:45.563, 53.99 W, 100 %, 65, 0x0000000000000000
2026/09/17 23:59:46.577, 53.95 W, 100 %, 65, 0x0000000000000000
2026/09/17 23:59:47.589, 53.47 W, 100 %, 65, 0x0000000000000000
2026/09/17 23:59:48.601, 53.57 W, 100 %, 65, 0x0000000000000000
2026/09/17 23:59:49.614, 53.53 W, 100 %, 65, 0x0000000000000000
2026/09/17 23:59:50.627, 53.37 W, 100 %, 65, 0x0000000000000000
2026/09/17 23:59:51.641, 53.22 W, 100 %, 65, 0x0000000000000000
2026/09/17 23:59:52.653, 78.29 W, 99 %, 67, 0x0000000000000004
2026/09/17 23:59:53.656, 78.54 W, 93 %, 67, 0x0000000000000004
2026/09/17 23:59:54.659, 76.94 W, 93 %, 68, 0x0000000000000004
2026/09/17 23:59:55.664, 33.78 W, 50 %, 63, 0x0000000000000000
2026/09/17 23:59:56.677, 54.08 W, 36 %, 65, 0x0000000000000000
2026/09/17 23:59:57.690, 54.24 W, 100 %, 65, 0x0000000000000000
2026/09/17 23:59:58.702, 53.93 W, 100 %, 65, 0x0000000000000000
2026/09/17 23:59:59.715, 53.97 W, 100 %, 65, 0x0000000000000000
2026/09/18 00:00:00.729, 53.74 W, 100 %, 65, 0x0000000000000000
2026/09/18 00:00:01.742, 53.30 W, 100 %, 65, 0x0000000000000000
2026/09/18 00:00:02.754, 50.60 W, 100 %, 64, 0x0000000000000000
2026/09/18 00:00:03.766, 54.00 W, 99 %, 65, 0x0000000000000000
2026/09/18 00:00:04.781, 53.67 W, 100 %, 64, 0x0000000000000000
2026/09/18 00:00:05.793, 53.67 W, 100 %, 65, 0x0000000000000000
2026/09/18 00:00:06.806, 53.75 W, 100 %, 64, 0x0000000000000000
2026/09/18 00:00:07.819, 53.78 W, 100 %, 65, 0x0000000000000000
2026/09/18 00:00:08.831, 54.28 W, 100 %, 65, 0x0000000000000000
2026/09/18 00:00:09.844, 54.12 W, 100 %, 65, 0x0000000000000000
2026/09/18 00:00:10.856, 54.15 W, 99 %, 64, 0x0000000000000000
2026/09/18 00:00:11.869, 54.23 W, 100 %, 65, 0x0000000000000000
2026/09/18 00:00:12.882, 54.17 W, 100 %, 65, 0x0000000000000000
2026/09/18 00:00:13.895, 54.07 W, 100 %, 65, 0x0000000000000000
2026/09/18 00:00:14.909, 53.76 W, 100 %, 65, 0x0000000000000000
2026/09/18 00:00:15.921, 53.62 W, 100 %, 65, 0x0000000000000000
2026/09/18 00:00:16.935, 53.70 W, 100 %, 64, 0x0000000000000000
2026/09/18 00:00:17.948, 54.00 W, 100 %, 65, 0x0000000000000000
2026/09/18 00:00:18.962, 53.75 W, 99 %, 65, 0x0000000000000000
2026/09/18 00:00:19.974, 75.80 W, 100 %, 65, 0x0000000000000004
2026/09/18 00:00:20.977, 77.98 W, 97 %, 67, 0x0000000000000004
2026/09/18 00:00:21.981, 78.52 W, 93 %, 67, 0x0000000000000004
2026/09/18 00:00:22.984, 53.75 W, 93 %, 67, 0x0000000000000000
2026/09/18 00:00:23.998, 54.10 W, 97 %, 65, 0x0000000000000000
2026/09/18 00:00:25.010, 53.84 W, 100 %, 65, 0x0000000000000000
2026/09/18 00:00:26.023, 54.01 W, 100 %, 65, 0x0000000000000000
2026/09/18 00:00:27.036, 53.79 W, 100 %, 65, 0x0000000000000000
2026/09/18 00:00:28.049, 53.55 W, 100 %, 65, 0x0000000000000000
2026/09/18 00:00:29.064, 53.41 W, 100 %, 65, 0x0000000000000004
2026/09/18 00:00:30.067, 53.96 W, 94 %, 65, 0x0000000000000000
2026/09/18 00:00:31.079, 53.64 W, 100 %, 65, 0x0000000000000000
2026/09/18 00:00:32.093, 53.69 W, 100 %, 65, 0x0000000000000000
2026/09/18 00:00:33.106, 53.39 W, 100 %, 65, 0x0000000000000000
2026/09/18 00:00:34.119, 53.90 W, 100 %, 65, 0x0000000000000000
2026/09/18 00:00:35.132, 51.05 W, 100 %, 64, 0x0000000000000000
2026/09/18 00:00:36.146, 54.08 W, 99 %, 65, 0x0000000000000000
2026/09/18 00:00:37.159, 53.73 W, 100 %, 65, 0x0000000000000000
2026/09/18 00:00:38.173, 53.75 W, 100 %, 65, 0x0000000000000000
2026/09/18 00:00:39.185, 53.73 W, 100 %, 65, 0x0000000000000000
2026/09/18 00:00:40.198, 53.20 W, 100 %, 65, 0x0000000000000000
2026/09/18 00:00:41.211, 53.21 W, 100 %, 64, 0x0000000000000000
2026/09/18 00:00:42.224, 53.12 W, 100 %, 65, 0x0000000000000000
2026/09/18 00:00:43.237, 53.60 W, 100 %, 65, 0x0000000000000000
2026/09/18 00:00:44.250, 53.81 W, 96 %, 65, 0x0000000000000000
2026/09/18 00:00:45.263, 53.72 W, 100 %, 65, 0x0000000000000000
2026/09/18 00:00:46.276, 53.46 W, 100 %, 65, 0x0000000000000000
2026/09/18 00:00:47.289, 53.41 W, 100 %, 65, 0x0000000000000000
2026/09/18 00:00:48.302, 53.65 W, 100 %, 65, 0x0000000000000000
2026/09/18 00:00:49.315, 53.68 W, 100 %, 65, 0x0000000000000000
2026/09/18 00:00:50.327, 53.16 W, 100 %, 65, 0x0000000000000000
2026/09/18 00:00:51.340, 78.27 W, 96 %, 66, 0x0000000000000004
2026/09/18 00:00:52.344, 78.22 W, 93 %, 67, 0x0000000000000004
2026/09/18 00:00:53.351, 53.33 W, 95 %, 65, 0x0000000000000000
2026/09/18 00:00:54.364, 53.95 W, 100 %, 65, 0x0000000000000000
2026/09/18 00:00:55.377, 53.68 W, 100 %, 65, 0x0000000000000000
2026/09/18 00:00:56.391, 53.87 W, 100 %, 65, 0x0000000000000000
2026/09/18 00:00:57.403, 53.25 W, 100 %, 65, 0x0000000000000000
2026/09/18 00:00:58.415, 53.68 W, 100 %, 65, 0x0000000000000000
2026/09/18 00:00:59.428, 53.64 W, 100 %, 65, 0x0000000000000000
2026/09/18 00:01:00.443, 53.48 W, 100 %, 65, 0x0000000000000000
2026/09/18 00:01:01.456, 78.02 W, 95 %, 67, 0x0000000000000004
2026/09/18 00:01:02.459, 53.96 W, 97 %, 65, 0x0000000000000000
2026/09/18 00:01:03.471, 53.96 W, 100 %, 65, 0x0000000000000000
2026/09/18 00:01:04.484, 53.56 W, 100 %, 65, 0x0000000000000000
2026/09/18 00:01:05.496, 53.97 W, 100 %, 65, 0x0000000000000000
2026/09/18 00:01:06.511, 53.40 W, 100 %, 65, 0x0000000000000000
2026/09/18 00:01:07.524, 53.28 W, 100 %, 65, 0x0000000000000000
2026/09/18 00:01:08.539, 78.52 W, 96 %, 65, 0x0000000000000004
2026/09/18 00:01:09.544, 52.95 W, 94 %, 67, 0x0000000000000000
2026/09/18 00:01:10.556, 53.95 W, 100 %, 65, 0x0000000000000000
2026/09/18 00:01:11.572, 53.79 W, 100 %, 65, 0x0000000000000000
2026/09/18 00:01:12.584, 53.76 W, 100 %, 65, 0x0000000000000000
2026/09/18 00:01:13.597, 53.68 W, 100 %, 65, 0x0000000000000000
2026/09/18 00:01:14.610, 53.79 W, 100 %, 65, 0x0000000000000000
2026/09/18 00:01:15.623, 53.47 W, 98 %, 65, 0x0000000000000000
2026/09/18 00:01:16.636, 53.94 W, 100 %, 65, 0x0000000000000000
2026/09/18 00:01:17.649, 53.77 W, 100 %, 65, 0x0000000000000000
2026/09/18 00:01:18.662, 53.85 W, 100 %, 65, 0x0000000000000000
2026/09/18 00:01:19.674, 53.93 W, 100 %, 65, 0x0000000000000000
2026/09/18 00:01:20.688, 53.85 W, 100 %, 65, 0x0000000000000000
2026/09/18 00:01:21.701, 78.43 W, 97 %, 67, 0x0000000000000004
2026/09/18 00:01:22.704, 77.87 W, 92 %, 67, 0x0000000000000004
2026/09/18 00:01:23.708, 53.51 W, 94 %, 65, 0x0000000000000000
2026/09/18 00:01:24.721, 53.83 W, 100 %, 65, 0x0000000000000000
2026/09/18 00:01:25.734, 53.79 W, 100 %, 65, 0x0000000000000000
2026/09/18 00:01:26.746, 54.42 W, 100 %, 65, 0x0000000000000000
2026/09/18 00:01:27.758, 53.59 W, 100 %, 65, 0x0000000000000000
2026/09/18 00:01:28.771, 54.18 W, 100 %, 65, 0x0000000000000000
2026/09/18 00:01:29.784, 54.04 W, 100 %, 65, 0x0000000000000000
2026/09/18 00:01:30.798, 54.08 W, 100 %, 65, 0x0000000000000000
2026/09/18 00:01:31.810, 79.15 W, 96 %, 67, 0x0000000000000004
2026/09/18 00:01:32.813, 54.16 W, 96 %, 65, 0x0000000000000000
2026/09/18 00:01:33.827, 53.52 W, 100 %, 65, 0x0000000000000000
2026/09/18 00:01:34.839, 53.84 W, 100 %, 65, 0x0000000000000000
2026/09/18 00:01:35.852, 53.32 W, 100 %, 65, 0x0000000000000000
2026/09/18 00:01:36.865, 53.49 W, 100 %, 65, 0x0000000000000000
2026/09/18 00:01:37.878, 53.99 W, 100 %, 65, 0x0000000000000000
2026/09/18 00:01:38.891, 53.92 W, 99 %, 65, 0x0000000000000000
2026/09/18 00:01:39.903, 54.19 W, 100 %, 65, 0x0000000000000000
2026/09/18 00:01:40.916, 53.65 W, 100 %, 65, 0x0000000000000000
2026/09/18 00:01:41.929, 53.93 W, 100 %, 65, 0x0000000000000000
2026/09/18 00:01:42.942, 53.29 W, 100 %, 65, 0x0000000000000000
2026/09/18 00:01:43.955, 53.39 W, 100 %, 65, 0x0000000000000000
2026/09/18 00:01:44.968, 53.32 W, 100 %, 65, 0x0000000000000000
2026/09/18 00:01:45.981, 78.19 W, 98 %, 67, 0x0000000000000004
2026/09/18 00:01:46.984, 54.00 W, 93 %, 67, 0x0000000000000000
2026/09/18 00:01:47.998, 54.11 W, 99 %, 65, 0x0000000000000000
2026/09/18 00:01:49.011, 53.70 W, 100 %, 65, 0x0000000000000000
2026/09/18 00:01:50.024, 53.84 W, 100 %, 65, 0x0000000000000000
2026/09/18 00:01:51.037, 53.77 W, 100 %, 65, 0x0000000000000000
2026/09/18 00:01:52.050, 53.81 W, 100 %, 65, 0x0000000000000000
2026/09/18 00:01:53.062, 53.32 W, 100 %, 65, 0x0000000000000000
2026/09/18 00:01:54.076, 53.32 W, 100 %, 67, 0x0000000000000004
2026/09/18 00:01:55.083, 78.78 W, 94 %, 67, 0x0000000000000004
2026/09/18 00:01:56.086, 78.52 W, 93 %, 67, 0x0000000000000004
2026/09/18 00:01:57.089, 54.23 W, 93 %, 65, 0x0000000000000000
2026/09/18 00:01:58.102, 54.01 W, 100 %, 65, 0x0000000000000000
2026/09/18 00:01:59.115, 53.93 W, 100 %, 65, 0x0000000000000000
2026/09/18 00:02:00.128, 54.17 W, 100 %, 65, 0x0000000000000000
2026/09/18 00:02:01.141, 53.12 W, 100 %, 65, 0x0000000000000000
2026/09/18 00:02:02.154, 53.75 W, 100 %, 65, 0x0000000000000000
2026/09/18 00:02:03.167, 53.54 W, 100 %, 65, 0x0000000000000000
2026/09/18 00:02:04.180, 53.55 W, 100 %, 65, 0x0000000000000000
2026/09/18 00:02:05.193, 54.07 W, 97 %, 65, 0x0000000000000000
2026/09/18 00:02:06.207, 53.96 W, 100 %, 65, 0x0000000000000000
2026/09/18 00:02:07.219, 54.06 W, 100 %, 65, 0x0000000000000000
2026/09/18 00:02:08.232, 53.60 W, 100 %, 65, 0x0000000000000000
2026/09/18 00:02:09.245, 53.82 W, 100 %, 65, 0x0000000000000000
2026/09/18 00:02:10.259, 53.46 W, 100 %, 65, 0x0000000000000000
2026/09/18 00:02:11.272, 53.79 W, 100 %, 65, 0x0000000000000000
2026/09/18 00:02:12.285, 53.40 W, 100 %, 65, 0x0000000000000000
2026/09/18 00:02:13.297, 54.04 W, 99 %, 65, 0x0000000000000000
2026/09/18 00:02:14.310, 54.22 W, 100 %, 65, 0x0000000000000000
2026/09/18 00:02:15.322, 53.42 W, 100 %, 65, 0x0000000000000000
2026/09/18 00:02:16.337, 53.98 W, 100 %, 65, 0x0000000000000000
2026/09/18 00:02:17.350, 53.25 W, 100 %, 65, 0x0000000000000000
2026/09/18 00:02:18.363, 53.50 W, 100 %, 65, 0x0000000000000000
2026/09/18 00:02:19.375, 78.34 W, 100 %, 67, 0x0000000000000004
2026/09/18 00:02:20.378, 54.06 W, 93 %, 65, 0x0000000000000000
2026/09/18 00:02:21.391, 54.13 W, 99 %, 65, 0x0000000000000000
2026/09/18 00:02:22.406, 53.75 W, 100 %, 65, 0x0000000000000000
2026/09/18 00:02:23.418, 54.06 W, 100 %, 65, 0x0000000000000000
2026/09/18 00:02:24.432, 53.76 W, 100 %, 65, 0x0000000000000000
2026/09/18 00:02:25.445, 54.09 W, 100 %, 65, 0x0000000000000000
2026/09/18 00:02:26.458, 53.09 W, 100 %, 65, 0x0000000000000000
2026/09/18 00:02:27.471, 53.65 W, 100 %, 65, 0x0000000000000000
2026/09/18 00:02:28.485, 79.94 W, 98 %, 67, 0x0000000000000004
2026/09/18 00:02:29.494, 77.91 W, 91 %, 67, 0x0000000000000004
2026/09/18 00:02:30.497, 53.95 W, 93 %, 65, 0x0000000000000000
2026/09/18 00:02:31.511, 54.21 W, 100 %, 65, 0x0000000000000000
2026/09/18 00:02:32.524, 53.88 W, 100 %, 65, 0x0000000000000000
2026/09/18 00:02:33.538, 53.83 W, 100 %, 65, 0x0000000000000000
2026/09/18 00:02:34.550, 53.90 W, 100 %, 65, 0x0000000000000000
2026/09/18 00:02:35.565, 53.99 W, 100 %, 65, 0x0000000000000000
2026/09/18 00:02:36.580, 54.10 W, 98 %, 65, 0x0000000000000000
2026/09/18 00:02:37.594, 54.03 W, 100 %, 65, 0x0000000000000000
2026/09/18 00:02:38.607, 53.79 W, 100 %, 65, 0x0000000000000000
2026/09/18 00:02:39.622, 53.79 W, 100 %, 65, 0x0000000000000000
2026/09/18 00:02:40.634, 53.44 W, 100 %, 65, 0x0000000000000000
2026/09/18 00:02:41.649, 53.85 W, 100 %, 65, 0x0000000000000000
2026/09/18 00:02:42.661, 53.27 W, 100 %, 65, 0x0000000000000000
2026/09/18 00:02:43.676, 53.04 W, 100 %, 65, 0x0000000000000000
2026/09/18 00:02:44.689, 54.04 W, 94 %, 65, 0x0000000000000000
2026/09/18 00:02:45.702, 53.75 W, 100 %, 65, 0x0000000000000000
2026/09/18 00:02:46.715, 53.94 W, 100 %, 65, 0x0000000000000000
2026/09/18 00:02:47.727, 53.76 W, 100 %, 65, 0x0000000000000000
2026/09/18 00:02:48.741, 53.58 W, 100 %, 65, 0x0000000000000000
2026/09/18 00:02:49.754, 53.48 W, 100 %, 65, 0x0000000000000000
2026/09/18 00:02:50.767, 81.04 W, 98 %, 65, 0x0000000000000004
2026/09/18 00:02:51.771, 54.04 W, 96 %, 65, 0x0000000000000000
2026/09/18 00:02:52.783, 54.17 W, 100 %, 65, 0x0000000000000000
2026/09/18 00:02:53.797, 53.97 W, 100 %, 65, 0x0000000000000000
2026/09/18 00:02:54.810, 53.60 W, 100 %, 65, 0x0000000000000000
2026/09/18 00:02:55.824, 53.81 W, 100 %, 65, 0x0000000000000000
2026/09/18 00:02:56.836, 53.19 W, 100 %, 65, 0x0000000000000000
2026/09/18 00:02:57.851, 53.40 W, 100 %, 65, 0x0000000000000000
2026/09/18 00:02:58.863, 52.87 W, 100 %, 65, 0x0000000000000000
2026/09/18 00:02:59.877, 78.84 W, 97 %, 67, 0x0000000000000004
2026/09/18 00:03:00.884, 78.40 W, 93 %, 68, 0x0000000000000004
2026/09/18 00:03:01.887, 54.11 W, 98 %, 65, 0x0000000000000000
2026/09/18 00:03:02.901, 54.22 W, 100 %, 65, 0x0000000000000000
2026/09/18 00:03:03.913, 53.74 W, 100 %, 65, 0x0000000000000000
2026/09/18 00:03:04.928, 53.98 W, 100 %, 65, 0x0000000000000000
2026/09/18 00:03:05.940, 53.83 W, 100 %, 65, 0x0000000000000000
2026/09/18 00:03:06.955, 79.66 W, 100 %, 65, 0x0000000000000004
2026/09/18 00:03:07.959, 52.20 W, 93 %, 67, 0x0000000000000000
2026/09/18 00:03:08.971, 54.18 W, 100 %, 65, 0x0000000000000000
2026/09/18 00:03:09.984, 53.89 W, 100 %, 65, 0x0000000000000000
2026/09/18 00:03:10.996, 53.58 W, 100 %, 65, 0x0000000000000000
2026/09/18 00:03:12.009, 53.90 W, 100 %, 65, 0x0000000000000000
2026/09/18 00:03:13.023, 53.70 W, 100 %, 65, 0x0000000000000000
2026/09/18 00:03:14.035, 53.06 W, 97 %, 65, 0x0000000000000000
2026/09/18 00:03:15.050, 54.13 W, 100 %, 65, 0x0000000000000000
2026/09/18 00:03:16.062, 53.84 W, 100 %, 65, 0x0000000000000000
2026/09/18 00:03:17.076, 53.84 W, 100 %, 65, 0x0000000000000000
2026/09/18 00:03:18.090, 53.61 W, 100 %, 65, 0x0000000000000000
2026/09/18 00:03:19.106, 53.67 W, 100 %, 65, 0x0000000000000000
2026/09/18 00:03:20.119, 53.01 W, 94 %, 65, 0x0000000000000000
2026/09/18 00:03:21.133, 53.74 W, 100 %, 65, 0x0000000000000000
2026/09/18 00:03:22.146, 53.67 W, 100 %, 65, 0x0000000000000000
2026/09/18 00:03:23.160, 53.90 W, 100 %, 65, 0x0000000000000000
2026/09/18 00:03:24.172, 53.78 W, 100 %, 65, 0x0000000000000000
2026/09/18 00:03:25.187, 53.88 W, 100 %, 65, 0x0000000000000000
2026/09/18 00:03:26.200, 77.75 W, 96 %, 67, 0x0000000000000004
2026/09/18 00:03:27.203, 78.78 W, 92 %, 67, 0x0000000000000004
2026/09/18 00:03:28.208, 54.03 W, 97 %, 65, 0x0000000000000000
2026/09/18 00:03:29.221, 54.28 W, 100 %, 65, 0x0000000000000000
2026/09/18 00:03:30.233, 53.88 W, 100 %, 65, 0x0000000000000000
2026/09/18 00:03:31.246, 53.71 W, 100 %, 65, 0x0000000000000000
2026/09/18 00:03:32.259, 53.78 W, 100 %, 65, 0x0000000000000000
2026/09/18 00:03:33.273, 53.13 W, 100 %, 65, 0x0000000000000000
2026/09/18 00:03:34.285, 76.13 W, 100 %, 67, 0x0000000000000004
2026/09/18 00:03:35.288, 53.92 W, 97 %, 65, 0x0000000000000000
2026/09/18 00:03:36.303, 53.93 W, 100 %, 65, 0x0000000000000000
2026/09/18 00:03:37.315, 53.74 W, 100 %, 65, 0x0000000000000000
2026/09/18 00:03:38.330, 53.90 W, 100 %, 65, 0x0000000000000000
2026/09/18 00:03:39.343, 53.71 W, 100 %, 65, 0x0000000000000000
2026/09/18 00:03:40.357, 51.44 W, 100 %, 66, 0x0000000000000000
2026/09/18 00:03:41.369, 53.98 W, 99 %, 65, 0x0000000000000000
2026/09/18 00:03:42.384, 53.60 W, 100 %, 65, 0x0000000000000000
2026/09/18 00:03:43.397, 53.72 W, 100 %, 65, 0x0000000000000000
2026/09/18 00:03:44.410, 53.86 W, 100 %, 65, 0x0000000000000000
2026/09/18 00:03:45.423, 53.79 W, 100 %, 65, 0x0000000000000000
2026/09/18 00:03:46.436, 52.92 W, 98 %, 67, 0x0000000000000000
2026/09/18 00:03:47.449, 53.80 W, 99 %, 65, 0x0000000000000000
2026/09/18 00:03:48.462, 53.57 W, 100 %, 65, 0x0000000000000000
2026/09/18 00:03:49.475, 53.87 W, 100 %, 65, 0x0000000000000000
2026/09/18 00:03:50.489, 53.81 W, 100 %, 65, 0x0000000000000000
2026/09/18 00:03:51.502, 53.80 W, 100 %, 65, 0x0000000000000000
2026/09/18 00:03:52.516, 78.35 W, 100 %, 67, 0x0000000000000004
2026/09/18 00:03:53.522, 78.96 W, 93 %, 67, 0x0000000000000004
2026/09/18 00:03:54.526, 78.22 W, 91 %, 67, 0x0000000000000004
2026/09/18 00:03:55.529, 54.19 W, 95 %, 65, 0x0000000000000000
2026/09/18 00:03:56.542, 54.29 W, 100 %, 65, 0x0000000000000000
2026/09/18 00:03:57.555, 53.76 W, 100 %, 65, 0x0000000000000000
2026/09/18 00:03:58.568, 54.10 W, 100 %, 65, 0x0000000000000000
2026/09/18 00:03:59.581, 53.88 W, 100 %, 65, 0x0000000000000000
2026/09/18 00:04:00.596, 53.42 W, 100 %, 65, 0x0000000000000000
2026/09/18 00:04:01.611, 53.65 W, 96 %, 65, 0x0000000000000000
2026/09/18 00:04:02.624, 54.02 W, 99 %, 65, 0x0000000000000000
2026/09/18 00:04:03.636, 53.72 W, 100 %, 65, 0x0000000000000000
2026/09/18 00:04:04.649, 53.89 W, 100 %, 65, 0x0000000000000000
2026/09/18 00:04:05.661, 53.97 W, 100 %, 65, 0x0000000000000000
2026/09/18 00:04:06.676, 54.07 W, 100 %, 65, 0x0000000000000000
2026/09/18 00:04:07.689, 54.08 W, 98 %, 65, 0x0000000000000000
2026/09/18 00:04:08.703, 54.06 W, 100 %, 65, 0x0000000000000000
2026/09/18 00:04:09.716, 53.51 W, 100 %, 65, 0x0000000000000000
2026/09/18 00:04:10.730, 53.94 W, 100 %, 65, 0x0000000000000000
2026/09/18 00:04:11.743, 53.74 W, 100 %, 65, 0x0000000000000000
2026/09/18 00:04:12.758, 53.72 W, 100 %, 65, 0x0000000000000000
2026/09/18 00:04:13.771, 52.83 W, 98 %, 65, 0x0000000000000000
2026/09/18 00:04:14.784, 54.07 W, 96 %, 65, 0x0000000000000000
2026/09/18 00:04:15.797, 53.81 W, 100 %, 65, 0x0000000000000000
2026/09/18 00:04:16.809, 53.95 W, 100 %, 65, 0x0000000000000000
2026/09/18 00:04:17.822, 53.88 W, 100 %, 65, 0x0000000000000000
2026/09/18 00:04:18.834, 53.81 W, 100 %, 65, 0x0000000000000000
2026/09/18 00:04:19.848, 47.80 W, 100 %, 67, 0x0000000000000000
2026/09/18 00:04:20.861, 53.89 W, 95 %, 65, 0x0000000000000000
2026/09/18 00:04:21.874, 53.72 W, 100 %, 65, 0x0000000000000000
2026/09/18 00:04:22.887, 53.38 W, 100 %, 65, 0x0000000000000000
2026/09/18 00:04:23.900, 53.31 W, 100 %, 65, 0x0000000000000000
2026/09/18 00:04:24.913, 53.70 W, 100 %, 65, 0x0000000000000000
2026/09/18 00:04:25.927, 53.67 W, 100 %, 65, 0x0000000000000000
2026/09/18 00:04:26.939, 53.65 W, 100 %, 65, 0x0000000000000000
2026/09/18 00:04:27.952, 53.82 W, 100 %, 65, 0x0000000000000004
2026/09/18 00:04:28.958, 78.46 W, 99 %, 67, 0x0000000000000004
2026/09/18 00:04:29.962, 78.51 W, 93 %, 67, 0x0000000000000004
2026/09/18 00:04:30.965, 54.00 W, 94 %, 65, 0x0000000000000000
2026/09/18 00:04:31.978, 53.99 W, 100 %, 65, 0x0000000000000000
2026/09/18 00:04:32.991, 53.47 W, 100 %, 65, 0x0000000000000000
2026/09/18 00:04:34.003, 53.83 W, 100 %, 65, 0x0000000000000000
2026/09/18 00:04:35.017, 53.20 W, 100 %, 65, 0x0000000000000000
2026/09/18 00:04:36.029, 53.89 W, 100 %, 65, 0x0000000000000000
2026/09/18 00:04:37.043, 76.16 W, 100 %, 67, 0x0000000000000004
2026/09/18 00:04:38.049, 54.23 W, 94 %, 65, 0x0000000000000000
2026/09/18 00:04:39.061, 53.71 W, 100 %, 65, 0x0000000000000000
2026/09/18 00:04:40.073, 53.89 W, 100 %, 65, 0x0000000000000000
2026/09/18 00:04:41.087, 53.41 W, 100 %, 65, 0x0000000000000000
2026/09/18 00:04:42.102, 53.68 W, 100 %, 65, 0x0000000000000000
2026/09/18 00:04:43.115, 51.62 W, 100 %, 65, 0x0000000000000000
2026/09/18 00:04:44.127, 54.04 W, 98 %, 65, 0x0000000000000000
2026/09/18 00:04:45.140, 53.58 W, 100 %, 65, 0x0000000000000000
2026/09/18 00:04:46.152, 53.76 W, 100 %, 65, 0x0000000000000000
2026/09/18 00:04:47.167, 53.79 W, 100 %, 65, 0x0000000000000000
2026/09/18 00:04:48.180, 53.37 W, 100 %, 65, 0x0000000000000000
2026/09/18 00:04:49.193, 78.70 W, 100 %, 67, 0x0000000000000004
2026/09/18 00:04:50.196, 53.99 W, 96 %, 65, 0x0000000000000000
2026/09/18 00:04:51.209, 53.90 W, 100 %, 65, 0x0000000000000000
2026/09/18 00:04:52.222, 53.85 W, 100 %, 65, 0x0000000000000000
2026/09/18 00:04:53.234, 53.91 W, 100 %, 65, 0x0000000000000000
2026/09/18 00:04:54.247, 53.65 W, 100 %, 65, 0x0000000000000000
2026/09/18 00:04:55.260, 53.69 W, 100 %, 65, 0x0000000000000000
2026/09/18 00:04:56.273, 53.05 W, 100 %, 65, 0x0000000000000000
2026/09/18 00:04:57.287, 78.89 W, 93 %, 67, 0x0000000000000004
2026/09/18 00:04:58.293, 79.36 W, 93 %, 68, 0x0000000000000004
2026/09/18 00:04:59.296, 33.13 W, 69 %, 64, 0x0000000000000000
2026/09/18 00:05:00.308, 33.38 W, 0 %, 63, 0x0000000000000000
2026/09/18 00:05:01.320, 23.84 W, 0 %, 61, 0x0000000000000000
2026/09/18 00:05:02.336, 23.83 W, 0 %, 61, 0x0000000000000000
2026/09/18 00:05:03.351, 23.84 W, 0 %, 60, 0x0000000000000000
2026/09/18 00:05:04.410, 23.81 W, 0 %, 60, 0x0000000000000000
2026/09/18 00:05:05.423, 55.49 W, 54 %, 63, 0x0000000000000000
2026/09/18 00:05:06.436, 55.58 W, 100 %, 64, 0x0000000000000000
2026/09/18 00:05:07.449, 55.34 W, 100 %, 64, 0x0000000000000000
2026/09/18 00:05:08.463, 55.33 W, 100 %, 64, 0x0000000000000000
2026/09/18 00:05:09.475, 54.86 W, 100 %, 64, 0x0000000000000000
2026/09/18 00:05:10.489, 55.22 W, 100 %, 64, 0x0000000000000000
2026/09/18 00:05:11.501, 55.09 W, 100 %, 64, 0x0000000000000000
2026/09/18 00:05:12.514, 54.89 W, 100 %, 64, 0x0000000000000000
2026/09/18 00:05:13.527, 55.84 W, 99 %, 64, 0x0000000000000000
2026/09/18 00:05:14.539, 56.19 W, 100 %, 65, 0x0000000000000000
2026/09/18 00:05:15.553, 55.36 W, 100 %, 64, 0x0000000000000000
2026/09/18 00:05:16.566, 55.85 W, 100 %, 65, 0x0000000000000000
2026/09/18 00:05:17.580, 55.29 W, 100 %, 65, 0x0000000000000000
2026/09/18 00:05:18.592, 55.35 W, 100 %, 65, 0x0000000000000000
2026/09/18 00:05:19.608, 55.36 W, 100 %, 65, 0x0000000000000000
2026/09/18 00:05:20.621, 49.34 W, 100 %, 64, 0x0000000000000004
2026/09/18 00:05:21.627, 55.95 W, 99 %, 65, 0x0000000000000000
2026/09/18 00:05:22.640, 55.90 W, 100 %, 65, 0x0000000000000000
2026/09/18 00:05:23.653, 55.76 W, 100 %, 65, 0x0000000000000000
2026/09/18 00:05:24.665, 55.99 W, 100 %, 65, 0x0000000000000000
2026/09/18 00:05:25.678, 55.92 W, 100 %, 65, 0x0000000000000000
2026/09/18 00:05:26.691, 55.69 W, 100 %, 65, 0x0000000000000000
2026/09/18 00:05:27.704, 55.78 W, 100 %, 65, 0x0000000000000000
2026/09/18 00:05:28.717, 53.88 W, 99 %, 65, 0x0000000000000000
2026/09/18 00:05:29.730, 55.60 W, 100 %, 65, 0x0000000000000000
2026/09/18 00:05:30.742, 54.95 W, 100 %, 65, 0x0000000000000000
2026/09/18 00:05:31.755, 54.81 W, 100 %, 65, 0x0000000000000000
2026/09/18 00:05:32.769, 98.78 W, 100 %, 65, 0x0000000000000004
2026/09/18 00:05:33.774, 78.95 W, 93 %, 67, 0x0000000000000004
2026/09/18 00:05:34.781, 79.09 W, 93 %, 68, 0x0000000000000004
2026/09/18 00:05:35.784, 78.10 W, 92 %, 68, 0x0000000000000004
2026/09/18 00:05:36.788, 55.91 W, 94 %, 66, 0x0000000000000000
2026/09/18 00:05:37.801, 56.15 W, 100 %, 66, 0x0000000000000000
2026/09/18 00:05:38.815, 55.50 W, 100 %, 66, 0x0000000000000000
2026/09/18 00:05:39.827, 55.76 W, 100 %, 66, 0x0000000000000000
2026/09/18 00:05:40.840, 55.17 W, 100 %, 66, 0x0000000000000000
2026/09/18 00:05:41.853, 55.48 W, 100 %, 66, 0x0000000000000000
2026/09/18 00:05:42.866, 54.24 W, 98 %, 66, 0x0000000000000000
2026/09/18 00:05:43.880, 55.87 W, 99 %, 66, 0x0000000000000000
2026/09/18 00:05:44.892, 55.73 W, 100 %, 66, 0x0000000000000000
2026/09/18 00:05:45.906, 55.75 W, 100 %, 66, 0x0000000000000000
2026/09/18 00:05:46.919, 54.86 W, 100 %, 66, 0x0000000000000000
2026/09/18 00:05:47.933, 55.34 W, 100 %, 66, 0x0000000000000000
2026/09/18 00:05:48.945, 55.30 W, 100 %, 66, 0x0000000000000000
2026/09/18 00:05:49.958, 55.13 W, 100 %, 66, 0x0000000000000000
2026/09/18 00:05:50.970, 50.43 W, 99 %, 68, 0x0000000000000000
2026/09/18 00:05:51.984, 55.74 W, 97 %, 66, 0x0000000000000000
2026/09/18 00:05:52.996, 55.58 W, 100 %, 66, 0x0000000000000000
2026/09/18 00:05:54.009, 55.59 W, 100 %, 66, 0x0000000000000000
2026/09/18 00:05:55.022, 55.23 W, 100 %, 66, 0x0000000000000000
2026/09/18 00:05:56.035, 55.40 W, 100 %, 66, 0x0000000000000000
2026/09/18 00:05:57.047, 83.59 W, 100 %, 66, 0x0000000000000004
2026/09/18 00:05:58.051, 54.41 W, 95 %, 68, 0x0000000000000000
2026/09/18 00:05:59.063, 56.07 W, 98 %, 66, 0x0000000000000000
2026/09/18 00:06:00.077, 55.65 W, 100 %, 66, 0x0000000000000000
2026/09/18 00:06:01.089, 55.68 W, 100 %, 66, 0x0000000000000000
2026/09/18 00:06:02.102, 55.73 W, 100 %, 66, 0x0000000000000000
2026/09/18 00:06:03.116, 55.71 W, 100 %, 66, 0x0000000000000000
2026/09/18 00:06:04.130, 55.40 W, 100 %, 66, 0x0000000000000000
2026/09/18 00:06:05.143, 78.59 W, 100 %, 68, 0x0000000000000004
2026/09/18 00:06:06.146, 77.89 W, 93 %, 68, 0x0000000000000004
2026/09/18 00:06:07.152, 54.89 W, 92 %, 66, 0x0000000000000000
2026/09/18 00:06:08.166, 55.87 W, 98 %, 66, 0x0000000000000000
2026/09/18 00:06:09.178, 55.39 W, 100 %, 66, 0x0000000000000000
2026/09/18 00:06:10.193, 55.42 W, 100 %, 66, 0x0000000000000000
2026/09/18 00:06:11.205, 55.69 W, 100 %, 66, 0x0000000000000000
2026/09/18 00:06:12.219, 55.05 W, 100 %, 66, 0x0000000000000000
2026/09/18 00:06:13.232, 55.21 W, 100 %, 66, 0x0000000000000000
2026/09/18 00:06:14.245, 55.35 W, 100 %, 66, 0x0000000000000000
2026/09/18 00:06:15.257, 56.06 W, 97 %, 66, 0x0000000000000000
2026/09/18 00:06:16.272, 55.99 W, 100 %, 66, 0x0000000000000000
2026/09/18 00:06:17.284, 55.35 W, 100 %, 66, 0x0000000000000000
2026/09/18 00:06:18.300, 55.86 W, 100 %, 66, 0x0000000000000000
2026/09/18 00:06:19.312, 55.31 W, 100 %, 66, 0x0000000000000000
2026/09/18 00:06:20.326, 55.35 W, 100 %, 66, 0x0000000000000000
2026/09/18 00:06:21.338, 55.40 W, 100 %, 66, 0x0000000000000000
2026/09/18 00:06:22.353, 55.39 W, 100 %, 66, 0x0000000000000000
2026/09/18 00:06:23.366, 78.94 W, 99 %, 68, 0x0000000000000004
2026/09/18 00:06:24.369, 55.97 W, 94 %, 66, 0x0000000000000000
2026/09/18 00:06:25.382, 55.51 W, 100 %, 66, 0x0000000000000000
2026/09/18 00:06:26.395, 55.59 W, 100 %, 66, 0x0000000000000000
2026/09/18 00:06:27.408, 55.61 W, 100 %, 66, 0x0000000000000000
2026/09/18 00:06:28.422, 55.29 W, 100 %, 66, 0x0000000000000000
2026/09/18 00:06:29.435, 55.43 W, 100 %, 66, 0x0000000000000000
2026/09/18 00:06:30.448, 55.18 W, 100 %, 66, 0x0000000000000000
2026/09/18 00:06:31.461, 73.77 W, 100 %, 66, 0x0000000000000004
2026/09/18 00:06:32.465, 55.88 W, 97 %, 66, 0x0000000000000000
2026/09/18 00:06:33.479, 56.18 W, 99 %, 66, 0x0000000000000000
2026/09/18 00:06:34.492, 55.58 W, 100 %, 66, 0x0000000000000000
2026/09/18 00:06:35.506, 56.01 W, 100 %, 66, 0x0000000000000000
2026/09/18 00:06:36.519, 55.28 W, 100 %, 66, 0x0000000000000000
2026/09/18 00:06:37.533, 55.38 W, 100 %, 66, 0x0000000000000000
2026/09/18 00:06:38.546, 78.97 W, 100 %, 68, 0x0000000000000004
2026/09/18 00:06:39.549, 78.97 W, 93 %, 68, 0x0000000000000004
2026/09/18 00:06:40.553, 56.01 W, 92 %, 66, 0x0000000000000000
2026/09/18 00:06:41.566, 55.95 W, 99 %, 66, 0x0000000000000000
2026/09/18 00:06:42.578, 55.61 W, 100 %, 66, 0x0000000000000000
2026/09/18 00:06:43.591, 55.72 W, 100 %, 66, 0x0000000000000000
2026/09/18 00:06:44.603, 55.51 W, 100 %, 66, 0x0000000000000000
2026/09/18 00:06:45.620, 55.58 W, 100 %, 66, 0x0000000000000000
2026/09/18 00:06:46.634, 55.07 W, 100 %, 66, 0x0000000000000000
2026/09/18 00:06:47.646, 55.56 W, 100 %, 66, 0x0000000000000000
2026/09/18 00:06:48.659, 48.28 W, 93 %, 66, 0x0000000000000000
2026/09/18 00:06:49.673, 55.90 W, 100 %, 66, 0x0000000000000000
2026/09/18 00:06:50.685, 55.59 W, 100 %, 66, 0x0000000000000000
2026/09/18 00:06:51.700, 55.64 W, 100 %, 66, 0x0000000000000000
2026/09/18 00:06:52.713, 55.63 W, 100 %, 66, 0x0000000000000000
2026/09/18 00:06:53.726, 55.22 W, 100 %, 66, 0x0000000000000000
2026/09/18 00:06:54.739, 52.44 W, 99 %, 65, 0x0000000000000000
2026/09/18 00:06:55.752, 55.85 W, 100 %, 66, 0x0000000000000000
2026/09/18 00:06:56.764, 55.66 W, 100 %, 66, 0x0000000000000000
2026/09/18 00:06:57.778, 55.15 W, 100 %, 66, 0x0000000000000000
2026/09/18 00:06:58.790, 55.22 W, 100 %, 66, 0x0000000000000000
2026/09/18 00:06:59.803, 55.47 W, 100 %, 66, 0x0000000000000000
2026/09/18 00:07:00.815, 55.12 W, 100 %, 65, 0x0000000000000000
2026/09/18 00:07:01.827, 78.97 W, 97 %, 67, 0x0000000000000004
2026/09/18 00:07:02.831, 55.06 W, 95 %, 66, 0x0000000000000000
2026/09/18 00:07:03.843, 55.91 W, 100 %, 66, 0x0000000000000000
2026/09/18 00:07:04.856, 55.70 W, 100 %, 66, 0x0000000000000000
2026/09/18 00:07:05.868, 55.73 W, 100 %, 66, 0x0000000000000000
2026/09/18 00:07:06.882, 55.66 W, 100 %, 66, 0x0000000000000000
2026/09/18 00:07:07.895, 55.39 W, 100 %, 66, 0x0000000000000000
2026/09/18 00:07:08.908, 55.42 W, 100 %, 65, 0x0000000000000000
2026/09/18 00:07:09.920, 78.20 W, 98 %, 66, 0x0000000000000004
2026/09/18 00:07:10.923, 79.29 W, 93 %, 68, 0x0000000000000004
2026/09/18 00:07:11.928, 52.72 W, 93 %, 68, 0x0000000000000000
2026/09/18 00:07:12.942, 56.13 W, 100 %, 66, 0x0000000000000000
2026/09/18 00:07:13.954, 55.71 W, 100 %, 66, 0x0000000000000000
2026/09/18 00:07:14.968, 55.65 W, 100 %, 66, 0x0000000000000000
2026/09/18 00:07:15.980, 55.10 W, 100 %, 66, 0x0000000000000000
2026/09/18 00:07:16.993, 55.44 W, 100 %, 66, 0x0000000000000000
2026/09/18 00:07:18.005, 55.04 W, 100 %, 66, 0x0000000000000000
2026/09/18 00:07:19.019, 54.69 W, 100 %, 66, 0x0000000000000000
2026/09/18 00:07:20.032, 84.89 W, 100 %, 66, 0x0000000000000004
2026/09/18 00:07:21.035, 55.93 W, 97 %, 66, 0x0000000000000000
2026/09/18 00:07:22.050, 56.10 W, 100 %, 66, 0x0000000000000000
2026/09/18 00:07:23.062, 55.23 W, 100 %, 66, 0x0000000000000000
2026/09/18 00:07:24.077, 55.65 W, 100 %, 66, 0x0000000000000000
2026/09/18 00:07:25.089, 55.64 W, 100 %, 66, 0x0000000000000000
2026/09/18 00:07:26.104, 77.58 W, 100 %, 66, 0x0000000000000004
2026/09/18 00:07:27.110, 79.14 W, 91 %, 68, 0x0000000000000004
2026/09/18 00:07:28.116, 56.05 W, 97 %, 66, 0x0000000000000000
2026/09/18 00:07:29.129, 56.25 W, 100 %, 66, 0x0000000000000000
2026/09/18 00:07:30.142, 55.56 W, 100 %, 66, 0x0000000000000000
2026/09/18 00:07:31.154, 55.30 W, 100 %, 66, 0x0000000000000000
2026/09/18 00:07:32.167, 55.52 W, 100 %, 66, 0x0000000000000000
2026/09/18 00:07:33.180, 72.50 W, 100 %, 67, 0x0000000000000004
2026/09/18 00:07:34.183, 55.68 W, 98 %, 66, 0x0000000000000000
2026/09/18 00:07:35.195, 55.40 W, 100 %, 66, 0x0000000000000000
2026/09/18 00:07:36.209, 55.43 W, 100 %, 66, 0x0000000000000000
2026/09/18 00:07:37.222, 55.74 W, 100 %, 66, 0x0000000000000000
2026/09/18 00:07:38.234, 55.54 W, 100 %, 66, 0x0000000000000000
2026/09/18 00:07:39.248, 78.15 W, 100 %, 68, 0x0000000000000004
2026/09/18 00:07:40.252, 78.50 W, 92 %, 68, 0x0000000000000004
2026/09/18 00:07:41.255, 55.93 W, 96 %, 66, 0x0000000000000000
2026/09/18 00:07:42.268, 56.07 W, 100 %, 66, 0x0000000000000000
2026/09/18 00:07:43.282, 55.25 W, 100 %, 66, 0x0000000000000000
2026/09/18 00:07:44.295, 55.85 W, 100 %, 66, 0x0000000000000000
2026/09/18 00:07:45.308, 55.23 W, 100 %, 66, 0x0000000000000000
2026/09/18 00:07:46.321, 74.96 W, 100 %, 66, 0x0000000000000004
2026/09/18 00:07:47.324, 54.17 W, 87 %, 66, 0x0000000000000000
2026/09/18 00:07:48.336, 55.82 W, 100 %, 66, 0x0000000000000000
2026/09/18 00:07:49.351, 55.78 W, 100 %, 66, 0x0000000000000000
2026/09/18 00:07:50.363, 55.54 W, 100 %, 66, 0x0000000000000000
2026/09/18 00:07:51.378, 55.44 W, 100 %, 66, 0x0000000000000000
2026/09/18 00:07:52.390, 55.55 W, 100 %, 66, 0x0000000000000000
2026/09/18 00:07:53.405, 55.79 W, 100 %, 66, 0x0000000000000000
2026/09/18 00:07:54.417, 55.99 W, 100 %, 66, 0x0000000000000000
2026/09/18 00:07:55.432, 54.98 W, 99 %, 66, 0x0000000000000000
2026/09/18 00:07:56.444, 55.67 W, 100 %, 66, 0x0000000000000000
2026/09/18 00:07:57.459, 55.16 W, 100 %, 66, 0x0000000000000000
2026/09/18 00:07:58.471, 55.44 W, 100 %, 66, 0x0000000000000000
2026/09/18 00:07:59.486, 55.19 W, 100 %, 66, 0x0000000000000000
2026/09/18 00:08:00.499, 54.96 W, 97 %, 65, 0x0000000000000000
2026/09/18 00:08:01.511, 55.99 W, 100 %, 66, 0x0000000000000000
2026/09/18 00:08:02.524, 55.56 W, 100 %, 66, 0x0000000000000000
2026/09/18 00:08:03.537, 55.63 W, 100 %, 66, 0x0000000000000000
2026/09/18 00:08:04.550, 55.44 W, 100 %, 66, 0x0000000000000000
2026/09/18 00:08:05.563, 55.80 W, 100 %, 66, 0x0000000000000004
2026/09/18 00:08:06.567, 79.34 W, 97 %, 68, 0x0000000000000004
2026/09/18 00:08:07.570, 55.86 W, 94 %, 66, 0x0000000000000000
2026/09/18 00:08:08.582, 55.98 W, 100 %, 66, 0x0000000000000000
2026/09/18 00:08:09.596, 55.53 W, 100 %, 66, 0x0000000000000000
2026/09/18 00:08:10.609, 55.86 W, 100 %, 66, 0x0000000000000000
2026/09/18 00:08:11.624, 55.26 W, 100 %, 66, 0x0000000000000000
2026/09/18 00:08:12.637, 55.83 W, 100 %, 66, 0x0000000000000000
2026/09/18 00:08:13.650, 79.36 W, 97 %, 68, 0x0000000000000004
2026/09/18 00:08:14.657, 56.02 W, 92 %, 66, 0x0000000000000000
2026/09/18 00:08:15.669, 55.90 W, 100 %, 66, 0x0000000000000000
2026/09/18 00:08:16.681, 55.62 W, 100 %, 66, 0x0000000000000000
2026/09/18 00:08:17.695, 55.64 W, 100 %, 66, 0x0000000000000000
2026/09/18 00:08:18.707, 55.32 W, 100 %, 66, 0x0000000000000000
2026/09/18 00:08:19.721, 55.70 W, 100 %, 66, 0x0000000000000000
2026/09/18 00:08:20.733, 56.01 W, 99 %, 66, 0x0000000000000000
2026/09/18 00:08:21.746, 55.94 W, 100 %, 66, 0x0000000000000000
2026/09/18 00:08:22.758, 55.40 W, 100 %, 66, 0x0000000000000000
2026/09/18 00:08:23.773, 55.91 W, 100 %, 66, 0x0000000000000000
2026/09/18 00:08:24.786, 55.47 W, 100 %, 66, 0x0000000000000000
2026/09/18 00:08:25.800, 78.41 W, 100 %, 67, 0x0000000000000004
2026/09/18 00:08:26.805, 50.80 W, 96 %, 67, 0x0000000000000000
2026/09/18 00:08:27.819, 55.61 W, 96 %, 66, 0x0000000000000000
2026/09/18 00:08:28.831, 55.65 W, 100 %, 66, 0x0000000000000000
2026/09/18 00:08:29.844, 55.40 W, 100 %, 66, 0x0000000000000000
2026/09/18 00:08:30.856, 55.50 W, 100 %, 66, 0x0000000000000000
2026/09/18 00:08:31.870, 55.58 W, 100 %, 66, 0x0000000000000000
2026/09/18 00:08:32.883, 78.51 W, 100 %, 67, 0x0000000000000004
2026/09/18 00:08:33.886, 79.10 W, 95 %, 68, 0x0000000000000004
2026/09/18 00:08:34.891, 77.77 W, 90 %, 68, 0x0000000000000004
2026/09/18 00:08:35.895, 50.17 W, 90 %, 63, 0x0000000000000000
2026/09/18 00:08:36.909, 55.89 W, 61 %, 66, 0x0000000000000000
2026/09/18 00:08:37.921, 55.94 W, 100 %, 66, 0x0000000000000000
2026/09/18 00:08:38.935, 55.52 W, 100 %, 66, 0x0000000000000000
2026/09/18 00:08:39.947, 55.47 W, 100 %, 66, 0x0000000000000000
2026/09/18 00:08:40.961, 55.38 W, 100 %, 66, 0x0000000000000000
2026/09/18 00:08:41.973, 55.43 W, 100 %, 66, 0x0000000000000000
2026/09/18 00:08:42.986, 55.30 W, 100 %, 66, 0x0000000000000000
2026/09/18 00:08:43.998, 54.12 W, 100 %, 66, 0x0000000000000000
2026/09/18 00:08:45.010, 55.61 W, 99 %, 66, 0x0000000000000000
2026/09/18 00:08:46.023, 55.47 W, 100 %, 66, 0x0000000000000000
2026/09/18 00:08:47.036, 55.47 W, 100 %, 66, 0x0000000000000000
2026/09/18 00:08:48.050, 54.99 W, 100 %, 66, 0x0000000000000000
2026/09/18 00:08:49.062, 55.22 W, 100 %, 66, 0x0000000000000000
2026/09/18 00:08:50.075, 55.44 W, 100 %, 66, 0x0000000000000000
2026/09/18 00:08:51.088, 55.07 W, 100 %, 66, 0x0000000000000000
2026/09/18 00:08:52.101, 80.41 W, 100 %, 66, 0x0000000000000004
2026/09/18 00:08:53.104, 54.09 W, 96 %, 68, 0x0000000000000000
2026/09/18 00:08:54.117, 55.57 W, 95 %, 66, 0x0000000000000000
2026/09/18 00:08:55.132, 55.61 W, 100 %, 66, 0x0000000000000000
2026/09/18 00:08:56.145, 55.47 W, 100 %, 66, 0x0000000000000000
2026/09/18 00:08:57.158, 55.43 W, 100 %, 66, 0x0000000000000000
2026/09/18 00:08:58.171, 55.48 W, 100 %, 66, 0x0000000000000000
2026/09/18 00:08:59.185, 56.29 W, 100 %, 66, 0x0000000000000000
2026/09/18 00:09:00.198, 55.76 W, 99 %, 66, 0x0000000000000000
2026/09/18 00:09:01.212, 55.28 W, 100 %, 66, 0x0000000000000000
2026/09/18 00:09:02.225, 55.55 W, 100 %, 66, 0x0000000000000000
2026/09/18 00:09:03.239, 55.23 W, 100 %, 66, 0x0000000000000000
2026/09/18 00:09:04.251, 55.15 W, 100 %, 66, 0x0000000000000000
2026/09/18 00:09:05.265, 80.74 W, 100 %, 66, 0x0000000000000004
2026/09/18 00:09:06.270, 78.55 W, 92 %, 68, 0x0000000000000004
2026/09/18 00:09:07.273, 52.46 W, 94 %, 66, 0x0000000000000000
2026/09/18 00:09:08.287, 55.78 W, 100 %, 66, 0x0000000000000000
2026/09/18 00:09:09.300, 55.32 W, 100 %, 66, 0x0000000000000000
2026/09/18 00:09:10.312, 55.53 W, 100 %, 66, 0x0000000000000000
2026/09/18 00:09:11.326, 55.55 W, 100 %, 66, 0x0000000000000000
2026/09/18 00:09:12.338, 55.20 W, 100 %, 66, 0x0000000000000000
2026/09/18 00:09:13.351, 85.41 W, 100 %, 66, 0x0000000000000004
2026/09/18 00:09:14.355, 78.62 W, 92 %, 68, 0x0000000000000004
2026/09/18 00:09:15.360, 55.93 W, 99 %, 66, 0x0000000000000000
2026/09/18 00:09:16.373, 55.72 W, 100 %, 66, 0x0000000000000000
2026/09/18 00:09:17.386, 55.65 W, 100 %, 66, 0x0000000000000000
2026/09/18 00:09:18.399, 55.62 W, 100 %, 66, 0x0000000000000000
2026/09/18 00:09:19.411, 55.52 W, 100 %, 66, 0x0000000000000000
2026/09/18 00:09:20.424, 55.15 W, 100 %, 66, 0x0000000000000000
2026/09/18 00:09:21.436, 55.09 W, 100 %, 66, 0x0000000000000000
2026/09/18 00:09:22.450, 53.39 W, 99 %, 67, 0x0000000000000000
2026/09/18 00:09:23.462, 55.68 W, 100 %, 66, 0x0000000000000000
2026/09/18 00:09:24.475, 55.40 W, 100 %, 66, 0x0000000000000000
2026/09/18 00:09:25.488, 55.25 W, 100 %, 66, 0x0000000000000000
2026/09/18 00:09:26.501, 54.73 W, 100 %, 66, 0x0000000000000000
2026/09/18 00:09:27.515, 55.19 W, 100 %, 66, 0x0000000000000000
2026/09/18 00:09:28.527, 78.84 W, 100 %, 66, 0x0000000000000004
2026/09/18 00:09:29.533, 55.02 W, 94 %, 66, 0x0000000000000000
2026/09/18 00:09:30.547, 55.79 W, 100 %, 66, 0x0000000000000000
2026/09/18 00:09:31.562, 55.65 W, 100 %, 66, 0x0000000000000000
2026/09/18 00:09:32.574, 55.33 W, 100 %, 66, 0x0000000000000000
2026/09/18 00:09:33.588, 55.54 W, 100 %, 66, 0x0000000000000000
2026/09/18 00:09:34.600, 54.99 W, 100 %, 66, 0x0000000000000000
2026/09/18 00:09:35.615, 55.10 W, 100 %, 66, 0x0000000000000000
2026/09/18 00:09:36.627, 78.68 W, 99 %, 68, 0x0000000000000004
2026/09/18 00:09:37.630, 78.61 W, 93 %, 68, 0x0000000000000004
2026/09/18 00:09:38.635, 54.17 W, 93 %, 66, 0x0000000000000000
2026/09/18 00:09:39.648, 55.63 W, 100 %, 66, 0x0000000000000000
2026/09/18 00:09:40.660, 55.79 W, 100 %, 66, 0x0000000000000000
2026/09/18 00:09:41.675, 55.58 W, 100 %, 66, 0x0000000000000000
2026/09/18 00:09:42.688, 55.06 W, 100 %, 66, 0x0000000000000000
2026/09/18 00:09:43.701, 55.53 W, 100 %, 66, 0x0000000000000000
2026/09/18 00:09:44.713, 54.84 W, 100 %, 66, 0x0000000000000000
2026/09/18 00:09:45.726, 55.06 W, 100 %, 66, 0x0000000000000000
2026/09/18 00:09:46.738, 51.66 W, 96 %, 66, 0x0000000000000000
2026/09/18 00:09:47.751, 55.89 W, 99 %, 66, 0x0000000000000000
2026/09/18 00:09:48.764, 55.59 W, 100 %, 66, 0x0000000000000000
2026/09/18 00:09:49.777, 55.57 W, 100 %, 66, 0x0000000000000000
2026/09/18 00:09:50.790, 55.52 W, 100 %, 66, 0x0000000000000000
2026/09/18 00:09:51.802, 55.50 W, 100 %, 66, 0x0000000000000000
2026/09/18 00:09:52.814, 55.11 W, 100 %, 66, 0x0000000000000000
2026/09/18 00:09:53.826, 55.07 W, 100 %, 66, 0x0000000000000000
2026/09/18 00:09:54.840, 76.78 W, 100 %, 68, 0x0000000000000004
2026/09/18 00:09:55.844, 79.06 W, 92 %, 68, 0x0000000000000004
2026/09/18 00:09:56.847, 58.69 W, 93 %, 68, 0x0000000000000004
2026/09/18 00:09:57.850, 34.10 W, 38 %, 64, 0x0000000000000000
2026/09/18 00:09:58.863, 23.89 W, 0 %, 63, 0x0000000000000000
2026/09/18 00:09:59.939, 23.84 W, 0 %, 62, 0x0000000000000000
2026/09/18 00:10:00.955, 23.86 W, 0 %, 61, 0x0000000000000000
2026/09/18 00:10:01.968, 23.77 W, 0 %, 61, 0x0000000000000000
2026/09/18 00:10:02.982, 23.77 W, 0 %, 61, 0x0000000000000000
2026/09/18 00:10:03.996, 23.77 W, 0 %, 60, 0x0000000000000000
2026/09/18 00:10:05.012, 23.73 W, 0 %, 60, 0x0000000000000000
2026/09/18 00:10:06.026, 23.69 W, 0 %, 60, 0x0000000000000000
2026/09/18 00:10:07.039, 23.51 W, 0 %, 60, 0x0000000000000000
2026/09/18 00:10:08.054, 23.49 W, 0 %, 60, 0x0000000000000000
2026/09/18 00:10:09.068, 31.17 W, 0 %, 59, 0x0000000000000000
2026/09/18 00:10:10.084, 55.12 W, 50 %, 63, 0x0000000000000000
2026/09/18 00:10:11.097, 55.24 W, 100 %, 63, 0x0000000000000000
2026/09/18 00:10:12.112, 54.99 W, 100 %, 64, 0x0000000000000000
2026/09/18 00:10:13.125, 55.16 W, 100 %, 64, 0x0000000000000000
2026/09/18 00:10:14.139, 55.00 W, 100 %, 64, 0x0000000000000000
2026/09/18 00:10:15.151, 54.98 W, 100 %, 64, 0x0000000000000000
2026/09/18 00:10:16.166, 54.89 W, 100 %, 64, 0x0000000000000000
2026/09/18 00:10:17.179, 78.37 W, 100 %, 66, 0x0000000000000004
2026/09/18 00:10:18.182, 78.80 W, 97 %, 67, 0x0000000000000004
2026/09/18 00:10:19.185, 33.77 W, 94 %, 62, 0x0000000000000000
2026/09/18 00:10:20.197, 33.66 W, 13 %, 62, 0x0000000000000000
2026/09/18 00:10:21.211, 23.70 W, 0 %, 60, 0x0000000000000000
2026/09/18 00:10:22.224, 23.63 W, 0 %, 60, 0x0000000000000000
2026/09/18 00:10:23.239, 23.66 W, 0 %, 60, 0x0000000000000000
2026/09/18 00:10:24.254, 23.61 W, 0 %, 59, 0x0000000000000000
2026/09/18 00:10:25.267, 23.57 W, 0 %, 59, 0x0000000000000000
2026/09/18 00:10:26.282, 23.60 W, 0 %, 59, 0x0000000000000000
2026/09/18 00:10:27.295, 23.57 W, 0 %, 59, 0x0000000000000000
2026/09/18 00:10:28.310, 23.50 W, 0 %, 59, 0x0000000000000000
2026/09/18 00:10:29.324, 55.03 W, 8 %, 62, 0x0000000000000000
2026/09/18 00:10:30.339, 54.98 W, 100 %, 63, 0x0000000000000000
2026/09/18 00:10:31.351, 55.00 W, 100 %, 63, 0x0000000000000000
2026/09/18 00:10:32.366, 54.93 W, 100 %, 63, 0x0000000000000000
2026/09/18 00:10:33.379, 54.79 W, 100 %, 63, 0x0000000000000000
2026/09/18 00:10:34.393, 55.06 W, 100 %, 63, 0x0000000000000000
2026/09/18 00:10:35.405, 54.74 W, 100 %, 64, 0x0000000000000000
2026/09/18 00:10:36.420, 51.78 W, 100 %, 64, 0x0000000000000000
2026/09/18 00:10:37.433, 55.41 W, 99 %, 64, 0x0000000000000000
2026/09/18 00:10:38.448, 55.32 W, 100 %, 64, 0x0000000000000000
2026/09/18 00:10:39.460, 55.28 W, 100 %, 64, 0x0000000000000000
2026/09/18 00:10:40.472, 54.92 W, 100 %, 64, 0x0000000000000000
2026/09/18 00:10:41.484, 54.94 W, 100 %, 64, 0x0000000000000000
2026/09/18 00:10:42.499, 77.25 W, 100 %, 64, 0x0000000000000004
2026/09/18 00:10:43.503, 77.54 W, 98 %, 66, 0x0000000000000004
2026/09/18 00:10:44.507, 55.76 W, 90 %, 65, 0x0000000000000000
2026/09/18 00:10:45.520, 55.69 W, 96 %, 65, 0x0000000000000000
2026/09/18 00:10:46.532, 55.54 W, 100 %, 65, 0x0000000000000000
2026/09/18 00:10:47.545, 55.69 W, 100 %, 65, 0x0000000000000000
2026/09/18 00:10:48.558, 55.57 W, 100 %, 65, 0x0000000000000000
2026/09/18 00:10:49.570, 55.52 W, 100 %, 65, 0x0000000000000000
2026/09/18 00:10:50.582, 78.32 W, 91 %, 67, 0x0000000000000004
2026/09/18 00:10:51.586, 76.61 W, 90 %, 67, 0x0000000000000004
2026/09/18 00:10:52.589, 78.04 W, 90 %, 68, 0x0000000000000004
2026/09/18 00:10:53.596, 55.84 W, 89 %, 65, 0x0000000000000000
2026/09/18 00:10:54.609, 56.06 W, 100 %, 66, 0x0000000000000000
2026/09/18 00:10:55.621, 55.79 W, 100 %, 65, 0x0000000000000000
2026/09/18 00:10:56.634, 55.84 W, 100 %, 66, 0x0000000000000000
2026/09/18 00:10:57.650, 55.83 W, 100 %, 65, 0x0000000000000000
2026/09/18 00:10:58.662, 55.25 W, 100 %, 65, 0x0000000000000000
2026/09/18 00:10:59.675, 55.62 W, 99 %, 66, 0x0000000000000000
2026/09/18 00:11:00.688, 55.86 W, 100 %, 66, 0x0000000000000000
2026/09/18 00:11:01.701, 55.71 W, 100 %, 66, 0x0000000000000000
2026/09/18 00:11:02.715, 56.01 W, 100 %, 66, 0x0000000000000000
2026/09/18 00:11:03.727, 55.22 W, 100 %, 65, 0x0000000000000000
2026/09/18 00:11:04.740, 55.18 W, 100 %, 66, 0x0000000000000000
2026/09/18 00:11:05.753, 55.32 W, 100 %, 66, 0x0000000000000000
2026/09/18 00:11:06.766, 55.57 W, 100 %, 66, 0x0000000000000000
2026/09/18 00:11:07.779, 77.15 W, 91 %, 68, 0x0000000000000004
2026/09/18 00:11:08.782, 78.14 W, 90 %, 68, 0x0000000000000004
2026/09/18 00:11:09.789, 78.00 W, 91 %, 68, 0x0000000000000004
2026/09/18 00:11:10.793, 32.44 W, 82 %, 66, 0x0000000000000000
2026/09/18 00:11:11.804, 56.03 W, 44 %, 66, 0x0000000000000000
2026/09/18 00:11:12.819, 56.01 W, 100 %, 66, 0x0000000000000000
2026/09/18 00:11:13.831, 55.90 W, 100 %, 66, 0x0000000000000000
2026/09/18 00:11:14.846, 55.99 W, 100 %, 66, 0x0000000000000000
2026/09/18 00:11:15.858, 55.52 W, 100 %, 66, 0x0000000000000000
2026/09/18 00:11:16.871, 55.63 W, 100 %, 66, 0x0000000000000000
2026/09/18 00:11:17.884, 55.39 W, 100 %, 66, 0x0000000000000000
2026/09/18 00:11:18.898, 55.68 W, 99 %, 66, 0x0000000000000000
2026/09/18 00:11:19.911, 55.96 W, 100 %, 66, 0x0000000000000000
2026/09/18 00:11:20.925, 55.90 W, 100 %, 66, 0x0000000000000000
2026/09/18 00:11:21.938, 55.70 W, 100 %, 66, 0x0000000000000000
2026/09/18 00:11:22.952, 55.34 W, 100 %, 66, 0x0000000000000000
2026/09/18 00:11:23.965, 55.18 W, 100 %, 66, 0x0000000000000000
2026/09/18 00:11:24.979, 55.22 W, 100 %, 66, 0x0000000000000000
2026/09/18 00:11:25.991, 55.01 W, 100 %, 66, 0x0000000000000000
2026/09/18 00:11:27.006, 55.27 W, 99 %, 65, 0x0000000000000000
2026/09/18 00:11:28.019, 55.90 W, 100 %, 66, 0x0000000000000000
2026/09/18 00:11:29.033, 55.55 W, 100 %, 66, 0x0000000000000000
2026/09/18 00:11:30.046, 55.84 W, 100 %, 65, 0x0000000000000000
2026/09/18 00:11:31.060, 55.56 W, 100 %, 66, 0x0000000000000000
2026/09/18 00:11:32.072, 55.66 W, 100 %, 66, 0x0000000000000000
2026/09/18 00:11:33.087, 55.22 W, 100 %, 65, 0x0000000000000000
2026/09/18 00:11:34.100, 55.33 W, 100 %, 66, 0x0000000000000000
2026/09/18 00:11:35.114, 54.74 W, 99 %, 67, 0x0000000000000000
2026/09/18 00:11:36.127, 55.59 W, 100 %, 65, 0x0000000000000000
2026/09/18 00:11:37.141, 55.58 W, 100 %, 66, 0x0000000000000000
2026/09/18 00:11:38.155, 55.70 W, 100 %, 65, 0x0000000000000000
2026/09/18 00:11:39.169, 55.31 W, 100 %, 65, 0x0000000000000000
2026/09/18 00:11:40.182, 55.40 W, 100 %, 65, 0x0000000000000000
2026/09/18 00:11:41.196, 55.58 W, 100 %, 66, 0x0000000000000000
2026/09/18 00:11:42.208, 79.05 W, 97 %, 68, 0x0000000000000004
2026/09/18 00:11:43.211, 77.24 W, 94 %, 68, 0x0000000000000004
2026/09/18 00:11:44.219, 79.98 W, 92 %, 68, 0x0000000000000004
2026/09/18 00:11:45.222, 55.77 W, 95 %, 66, 0x0000000000000000
2026/09/18 00:11:46.236, 56.16 W, 100 %, 66, 0x0000000000000000
2026/09/18 00:11:47.248, 55.78 W, 100 %, 66, 0x0000000000000000
2026/09/18 00:11:48.263, 55.67 W, 100 %, 66, 0x0000000000000000
2026/09/18 00:11:49.276, 55.15 W, 100 %, 66, 0x0000000000000000
2026/09/18 00:11:50.291, 55.73 W, 100 %, 66, 0x0000000000000000
2026/09/18 00:11:51.304, 54.29 W, 97 %, 66, 0x0000000000000000
2026/09/18 00:11:52.317, 55.78 W, 99 %, 66, 0x0000000000000000
2026/09/18 00:11:53.329, 55.83 W, 100 %, 66, 0x0000000000000000
2026/09/18 00:11:54.343, 55.56 W, 100 %, 66, 0x0000000000000000
2026/09/18 00:11:55.355, 54.98 W, 100 %, 66, 0x0000000000000000
2026/09/18 00:11:56.368, 55.56 W, 100 %, 66, 0x0000000000000000
2026/09/18 00:11:57.380, 55.43 W, 100 %, 66, 0x0000000000000000
2026/09/18 00:11:58.393, 55.26 W, 100 %, 65, 0x0000000000000000
2026/09/18 00:11:59.406, 54.40 W, 99 %, 65, 0x0000000000000000
2026/09/18 00:12:00.419, 55.82 W, 98 %, 66, 0x0000000000000000
2026/09/18 00:12:01.433, 55.83 W, 100 %, 66, 0x0000000000000000
2026/09/18 00:12:02.445, 55.57 W, 100 %, 66, 0x0000000000000000
2026/09/18 00:12:03.459, 55.75 W, 100 %, 66, 0x0000000000000000
2026/09/18 00:12:04.471, 55.62 W, 100 %, 66, 0x0000000000000000
2026/09/18 00:12:05.486, 54.56 W, 99 %, 65, 0x0000000000000000
2026/09/18 00:12:06.498, 55.66 W, 99 %, 66, 0x0000000000000000
2026/09/18 00:12:07.513, 55.77 W, 100 %, 65, 0x0000000000000000
2026/09/18 00:12:08.525, 55.22 W, 100 %, 66, 0x0000000000000000
2026/09/18 00:12:09.539, 55.58 W, 100 %, 65, 0x0000000000000000
2026/09/18 00:12:10.552, 55.21 W, 100 %, 66, 0x0000000000000000
2026/09/18 00:12:11.567, 55.02 W, 100 %, 65, 0x0000000000000000
2026/09/18 00:12:12.580, 78.70 W, 100 %, 67, 0x0000000000000004
2026/09/18 00:12:13.583, 78.38 W, 93 %, 68, 0x0000000000000004
2026/09/18 00:12:14.588, 78.88 W, 93 %, 68, 0x0000000000000004
2026/09/18 00:12:15.591, 55.99 W, 93 %, 66, 0x0000000000000000
2026/09/18 00:12:16.605, 56.11 W, 100 %, 66, 0x0000000000000000
2026/09/18 00:12:17.618, 55.24 W, 100 %, 66, 0x0000000000000000
2026/09/18 00:12:18.630, 55.97 W, 100 %, 66, 0x0000000000000000
2026/09/18 00:12:19.643, 55.01 W, 100 %, 66, 0x0000000000000000
2026/09/18 00:12:20.659, 55.40 W, 100 %, 66, 0x0000000000000000
2026/09/18 00:12:21.671, 55.52 W, 100 %, 66, 0x0000000000000000
2026/09/18 00:12:22.685, 77.25 W, 100 %, 67, 0x0000000000000004
2026/09/18 00:12:23.693, 78.33 W, 95 %, 68, 0x0000000000000004
2026/09/18 00:12:24.697, 34.12 W, 95 %, 63, 0x0000000000000000
2026/09/18 00:12:25.710, 53.05 W, 0 %, 65, 0x0000000000000000
2026/09/18 00:12:26.723, 53.30 W, 54 %, 65, 0x0000000000000000
2026/09/18 00:12:27.737, 52.91 W, 100 %, 65, 0x0000000000000000
2026/09/18 00:12:28.750, 52.69 W, 100 %, 65, 0x0000000000000000
2026/09/18 00:12:29.764, 52.97 W, 100 %, 65, 0x0000000000000000
2026/09/18 00:12:30.777, 52.74 W, 100 %, 65, 0x0000000000000000
2026/09/18 00:12:31.791, 52.76 W, 100 %, 65, 0x0000000000000000
2026/09/18 00:12:32.803, 50.88 W, 100 %, 65, 0x0000000000000000
2026/09/18 00:12:33.817, 53.24 W, 99 %, 65, 0x0000000000000000
2026/09/18 00:12:34.829, 52.86 W, 100 %, 65, 0x0000000000000000
2026/09/18 00:12:35.843, 52.98 W, 100 %, 65, 0x0000000000000000
2026/09/18 00:12:36.857, 52.66 W, 100 %, 65, 0x0000000000000000
2026/09/18 00:12:37.871, 52.87 W, 100 %, 65, 0x0000000000000000
2026/09/18 00:12:38.883, 52.08 W, 100 %, 65, 0x0000000000000000
2026/09/18 00:12:39.897, 52.53 W, 100 %, 65, 0x0000000000000000
2026/09/18 00:12:40.909, 52.99 W, 100 %, 65, 0x0000000000000000
2026/09/18 00:12:41.923, 52.92 W, 99 %, 65, 0x0000000000000000
2026/09/18 00:12:42.936, 52.89 W, 100 %, 65, 0x0000000000000000
2026/09/18 00:12:43.949, 52.53 W, 100 %, 65, 0x0000000000000000
2026/09/18 00:12:44.962, 52.81 W, 100 %, 65, 0x0000000000000000
2026/09/18 00:12:45.976, 52.34 W, 100 %, 65, 0x0000000000000000
2026/09/18 00:12:46.988, 52.89 W, 100 %, 65, 0x0000000000000000
2026/09/18 00:12:48.002, 52.61 W, 100 %, 65, 0x0000000000000000
2026/09/18 00:12:49.015, 52.99 W, 100 %, 65, 0x0000000000000000
2026/09/18 00:12:50.029, 53.13 W, 100 %, 65, 0x0000000000000000
2026/09/18 00:12:51.041, 52.53 W, 100 %, 65, 0x0000000000000000
2026/09/18 00:12:52.054, 52.94 W, 100 %, 65, 0x0000000000000000
2026/09/18 00:12:53.066, 52.26 W, 100 %, 65, 0x0000000000000000
2026/09/18 00:12:54.079, 52.75 W, 100 %, 65, 0x0000000000000000
2026/09/18 00:12:55.091, 52.81 W, 100 %, 65, 0x0000000000000000
2026/09/18 00:12:56.104, 78.17 W, 96 %, 67, 0x0000000000000004
2026/09/18 00:12:57.107, 78.64 W, 94 %, 67, 0x0000000000000004
2026/09/18 00:12:58.110, 78.33 W, 93 %, 68, 0x0000000000000004
2026/09/18 00:12:59.117, 52.67 W, 95 %, 68, 0x0000000000000000
2026/09/18 00:13:00.130, 53.15 W, 100 %, 65, 0x0000000000000000
2026/09/18 00:13:01.143, 52.62 W, 100 %, 65, 0x0000000000000000
2026/09/18 00:13:02.157, 52.92 W, 100 %, 65, 0x0000000000000000
2026/09/18 00:13:03.171, 53.15 W, 100 %, 65, 0x0000000000000000
2026/09/18 00:13:04.184, 52.95 W, 100 %, 65, 0x0000000000000000
2026/09/18 00:13:05.196, 52.93 W, 99 %, 65, 0x0000000000000000
2026/09/18 00:13:06.211, 52.92 W, 100 %, 65, 0x0000000000000000
2026/09/18 00:13:07.223, 52.81 W, 100 %, 65, 0x0000000000000000
2026/09/18 00:13:08.238, 52.89 W, 100 %, 65, 0x0000000000000000
2026/09/18 00:13:09.251, 52.32 W, 100 %, 65, 0x0000000000000000
2026/09/18 00:13:10.266, 52.70 W, 100 %, 65, 0x0000000000000000
2026/09/18 00:13:11.279, 52.65 W, 100 %, 65, 0x0000000000000000
2026/09/18 00:13:12.291, 52.34 W, 100 %, 65, 0x0000000000000000
2026/09/18 00:13:13.304, 79.02 W, 96 %, 67, 0x0000000000000004
2026/09/18 00:13:14.307, 53.02 W, 98 %, 65, 0x0000000000000000
2026/09/18 00:13:15.319, 52.72 W, 100 %, 65, 0x0000000000000000
2026/09/18 00:13:16.332, 52.71 W, 100 %, 65, 0x0000000000000000
2026/09/18 00:13:17.345, 52.47 W, 100 %, 65, 0x0000000000000000
2026/09/18 00:13:18.358, 52.79 W, 100 %, 65, 0x0000000000000000
2026/09/18 00:13:19.371, 53.74 W, 100 %, 65, 0x0000000000000004
2026/09/18 00:13:20.374, 52.88 W, 96 %, 65, 0x0000000000000000
2026/09/18 00:13:21.388, 53.07 W, 100 %, 65, 0x0000000000000000
2026/09/18 00:13:22.401, 52.80 W, 100 %, 65, 0x0000000000000000
2026/09/18 00:13:23.415, 52.78 W, 100 %, 65, 0x0000000000000000
2026/09/18 00:13:24.428, 52.38 W, 100 %, 65, 0x0000000000000000
2026/09/18 00:13:25.442, 52.59 W, 100 %, 65, 0x0000000000000000
2026/09/18 00:13:26.454, 52.03 W, 100 %, 65, 0x0000000000000000
2026/09/18 00:13:27.468, 78.32 W, 97 %, 67, 0x0000000000000004
2026/09/18 00:13:28.471, 78.73 W, 93 %, 67, 0x0000000000000004
2026/09/18 00:13:29.474, 50.91 W, 91 %, 68, 0x0000000000000000
2026/09/18 00:13:30.486, 52.94 W, 99 %, 65, 0x0000000000000000
2026/09/18 00:13:31.500, 52.90 W, 100 %, 65, 0x0000000000000000
2026/09/18 00:13:32.513, 52.75 W, 100 %, 65, 0x0000000000000000
2026/09/18 00:13:33.526, 52.49 W, 100 %, 65, 0x0000000000000000
2026/09/18 00:13:34.538, 52.53 W, 100 %, 65, 0x0000000000000000
2026/09/18 00:13:35.551, 52.19 W, 100 %, 65, 0x0000000000000000
2026/09/18 00:13:36.563, 52.23 W, 100 %, 65, 0x0000000000000000
2026/09/18 00:13:37.576, 53.02 W, 98 %, 65, 0x0000000000000000
2026/09/18 00:13:38.589, 52.95 W, 100 %, 65, 0x0000000000000000
2026/09/18 00:13:39.602, 52.43 W, 100 %, 65, 0x0000000000000000
2026/09/18 00:13:40.616, 52.90 W, 100 %, 65, 0x0000000000000000
2026/09/18 00:13:41.629, 52.31 W, 100 %, 65, 0x0000000000000000
2026/09/18 00:13:42.643, 52.67 W, 100 %, 65, 0x0000000000000000
2026/09/18 00:13:43.658, 52.62 W, 100 %, 65, 0x0000000000000000
2026/09/18 00:13:44.672, 52.24 W, 100 %, 65, 0x0000000000000000
2026/09/18 00:13:45.685, 50.49 W, 98 %, 65, 0x0000000000000000
2026/09/18 00:13:46.699, 53.04 W, 98 %, 65, 0x0000000000000000
2026/09/18 00:13:47.711, 52.46 W, 100 %, 65, 0x0000000000000000
2026/09/18 00:13:48.726, 52.76 W, 100 %, 65, 0x0000000000000000
2026/09/18 00:13:49.739, 52.78 W, 100 %, 65, 0x0000000000000000
2026/09/18 00:13:50.754, 52.49 W, 100 %, 65, 0x0000000000000000
2026/09/18 00:13:51.766, 79.09 W, 98 %, 67, 0x0000000000000004
2026/09/18 00:13:52.770, 77.30 W, 92 %, 67, 0x0000000000000004
2026/09/18 00:13:53.775, 79.38 W, 92 %, 68, 0x0000000000000004
2026/09/18 00:13:54.782, 53.20 W, 71 %, 65, 0x0000000000000000
2026/09/18 00:13:55.794, 53.14 W, 95 %, 65, 0x0000000000000000
2026/09/18 00:13:56.807, 53.01 W, 100 %, 65, 0x0000000000000000
2026/09/18 00:13:57.819, 52.83 W, 100 %, 65, 0x0000000000000000
2026/09/18 00:13:58.832, 52.38 W, 100 %, 65, 0x0000000000000000
2026/09/18 00:13:59.845, 52.36 W, 100 %, 65, 0x0000000000000000
2026/09/18 00:14:00.857, 52.38 W, 100 %, 65, 0x0000000000000000
2026/09/18 00:14:01.871, 52.35 W, 100 %, 65, 0x0000000000000000
2026/09/18 00:14:02.883, 53.02 W, 99 %, 65, 0x0000000000000000
2026/09/18 00:14:03.896, 52.97 W, 100 %, 65, 0x0000000000000000
2026/09/18 00:14:04.908, 52.73 W, 100 %, 65, 0x0000000000000000
2026/09/18 00:14:05.923, 52.72 W, 100 %, 65, 0x0000000000000000
2026/09/18 00:14:06.936, 52.35 W, 100 %, 65, 0x0000000000000000
2026/09/18 00:14:07.950, 52.14 W, 100 %, 65, 0x0000000000000000
2026/09/18 00:14:08.963, 52.10 W, 100 %, 64, 0x0000000000000000
2026/09/18 00:14:09.977, 62.52 W, 100 %, 65, 0x0000000000000004
2026/09/18 00:14:10.981, 52.78 W, 99 %, 65, 0x0000000000000000
2026/09/18 00:14:11.994, 52.81 W, 100 %, 65, 0x0000000000000000
2026/09/18 00:14:13.009, 52.80 W, 100 %, 65, 0x0000000000000000
2026/09/18 00:14:14.022, 52.51 W, 100 %, 65, 0x0000000000000000
2026/09/18 00:14:15.037, 52.18 W, 100 %, 64, 0x0000000000000000
2026/09/18 00:14:16.049, 52.31 W, 100 %, 64, 0x0000000000000000
2026/09/18 00:14:17.062, 52.22 W, 100 %, 64, 0x0000000000000000
2026/09/18 00:14:18.075, 52.27 W, 100 %, 64, 0x0000000000000000
2026/09/18 00:14:19.090, 52.85 W, 99 %, 64, 0x0000000000000000
2026/09/18 00:14:20.104, 52.78 W, 100 %, 65, 0x0000000000000000
2026/09/18 00:14:21.116, 52.68 W, 100 %, 64, 0x0000000000000000
2026/09/18 00:14:22.128, 52.96 W, 100 %, 64, 0x0000000000000000
2026/09/18 00:14:23.143, 51.90 W, 100 %, 64, 0x0000000000000000
2026/09/18 00:14:24.157, 51.96 W, 100 %, 64, 0x0000000000000000
2026/09/18 00:14:25.172, 73.75 W, 100 %, 67, 0x0000000000000004
2026/09/18 00:14:26.176, 79.20 W, 95 %, 67, 0x0000000000000004
2026/09/18 00:14:27.184, 78.27 W, 92 %, 67, 0x0000000000000004
2026/09/18 00:14:28.187, 77.95 W, 93 %, 67, 0x0000000000000004
2026/09/18 00:14:29.191, 52.88 W, 93 %, 65, 0x0000000000000000
2026/09/18 00:14:30.203, 53.05 W, 100 %, 65, 0x0000000000000000
2026/09/18 00:14:31.217, 52.83 W, 100 %, 65, 0x0000000000000000
2026/09/18 00:14:32.230, 52.90 W, 100 %, 65, 0x0000000000000000
2026/09/18 00:14:33.243, 52.28 W, 100 %, 65, 0x0000000000000000
2026/09/18 00:14:34.255, 52.87 W, 100 %, 65, 0x0000000000000000
2026/09/18 00:14:35.269, 53.02 W, 100 %, 65, 0x0000000000000000
2026/09/18 00:14:36.282, 53.22 W, 98 %, 65, 0x0000000000000000
2026/09/18 00:14:37.295, 52.72 W, 100 %, 65, 0x0000000000000000
2026/09/18 00:14:38.311, 52.99 W, 100 %, 65, 0x0000000000000000
2026/09/18 00:14:39.323, 52.77 W, 100 %, 65, 0x0000000000000000
2026/09/18 00:14:40.336, 52.63 W, 100 %, 65, 0x0000000000000000
2026/09/18 00:14:41.349, 52.29 W, 100 %, 65, 0x0000000000000000
2026/09/18 00:14:42.363, 52.62 W, 100 %, 65, 0x0000000000000000
2026/09/18 00:14:43.375, 53.04 W, 100 %, 65, 0x0000000000000000
2026/09/18 00:14:44.390, 52.85 W, 97 %, 65, 0x0000000000000000
2026/09/18 00:14:45.402, 52.62 W, 100 %, 65, 0x0000000000000000
2026/09/18 00:14:46.417, 52.59 W, 100 %, 65, 0x0000000000000000
2026/09/18 00:14:47.430, 52.48 W, 100 %, 65, 0x0000000000000000
2026/09/18 00:14:48.445, 52.65 W, 100 %, 64, 0x0000000000000000
2026/09/18 00:14:49.457, 53.02 W, 100 %, 65, 0x0000000000000000
2026/09/18 00:14:50.472, 52.83 W, 98 %, 65, 0x0000000000000000
2026/09/18 00:14:51.485, 52.82 W, 100 %, 65, 0x0000000000000000
2026/09/18 00:14:52.500, 53.01 W, 100 %, 65, 0x0000000000000000
2026/09/18 00:14:53.513, 51.95 W, 100 %, 65, 0x0000000000000000
2026/09/18 00:14:54.525, 52.56 W, 100 %, 64, 0x0000000000000000
2026/09/18 00:14:55.538, 52.17 W, 100 %, 64, 0x0000000000000000
2026/09/18 00:14:56.552, 78.61 W, 94 %, 67, 0x0000000000000004
2026/09/18 00:14:57.558, 78.57 W, 91 %, 67, 0x0000000000000004
2026/09/18 00:14:58.561, 59.67 W, 93 %, 67, 0x0000000000000004
2026/09/18 00:14:59.564, 53.13 W, 100 %, 65, 0x0000000000000000
2026/09/18 00:15:00.576, 52.86 W, 100 %, 65, 0x0000000000000000
2026/09/18 00:15:01.591, 52.78 W, 100 %, 65, 0x0000000000000000
2026/09/18 00:15:02.604, 52.81 W, 100 %, 65, 0x0000000000000000
2026/09/18 00:15:03.619, 52.83 W, 100 %, 65, 0x0000000000000000
2026/09/18 00:15:04.631, 52.35 W, 100 %, 65, 0x0000000000000000
2026/09/18 00:15:05.646, 52.03 W, 100 %, 65, 0x0000000000000000
2026/09/18 00:15:06.661, 52.97 W, 97 %, 65, 0x0000000000000000
2026/09/18 00:15:07.675, 53.22 W, 100 %, 65, 0x0000000000000000
2026/09/18 00:15:08.688, 52.38 W, 100 %, 65, 0x0000000000000000
2026/09/18 00:15:09.702, 52.98 W, 100 %, 65, 0x0000000000000000
2026/09/18 00:15:10.714, 51.96 W, 100 %, 64, 0x0000000000000000
2026/09/18 00:15:11.727, 52.53 W, 100 %, 65, 0x0000000000000000
2026/09/18 00:15:12.739, 52.64 W, 100 %, 64, 0x0000000000000000
2026/09/18 00:15:13.754, 52.06 W, 100 %, 65, 0x0000000000000000
2026/09/18 00:15:14.766, 52.35 W, 98 %, 64, 0x0000000000000000
2026/09/18 00:15:15.781, 52.92 W, 100 %, 65, 0x0000000000000000
2026/09/18 00:15:16.793, 52.73 W, 100 %, 65, 0x0000000000000000
2026/09/18 00:15:17.808, 52.86 W, 100 %, 65, 0x0000000000000000
2026/09/18 00:15:18.820, 52.82 W, 100 %, 64, 0x0000000000000000
2026/09/18 00:15:19.835, 52.67 W, 100 %, 65, 0x0000000000000000
2026/09/18 00:15:20.848, 78.93 W, 95 %, 67, 0x0000000000000004
2026/09/18 00:15:21.852, 52.32 W, 93 %, 65, 0x0000000000000000
2026/09/18 00:15:22.865, 52.93 W, 100 %, 65, 0x0000000000000000
2026/09/18 00:15:23.880, 52.90 W, 100 %, 65, 0x0000000000000000
2026/09/18 00:15:24.892, 52.65 W, 100 %, 65, 0x0000000000000000
2026/09/18 00:15:25.907, 52.47 W, 100 %, 65, 0x0000000000000000
2026/09/18 00:15:26.920, 52.64 W, 100 %, 65, 0x0000000000000000
2026/09/18 00:15:27.935, 78.08 W, 98 %, 67, 0x0000000000000004
2026/09/18 00:15:28.940, 52.02 W, 92 %, 65, 0x0000000000000000
2026/09/18 00:15:29.953, 53.02 W, 100 %, 65, 0x0000000000000000
2026/09/18 00:15:30.965, 52.87 W, 100 %, 65, 0x0000000000000000
2026/09/18 00:15:31.978, 52.51 W, 100 %, 65, 0x0000000000000000
2026/09/18 00:15:32.990, 52.70 W, 100 %, 65, 0x0000000000000000
2026/09/18 00:15:34.004, 52.77 W, 100 %, 65, 0x0000000000000000
2026/09/18 00:15:35.017, 78.39 W, 96 %, 67, 0x0000000000000004
2026/09/18 00:15:36.020, 52.93 W, 97 %, 65, 0x0000000000000000
2026/09/18 00:15:37.034, 53.08 W, 100 %, 65, 0x0000000000000000
2026/09/18 00:15:38.046, 52.81 W, 100 %, 65, 0x0000000000000000
2026/09/18 00:15:39.060, 52.81 W, 100 %, 65, 0x0000000000000000
2026/09/18 00:15:40.073, 52.78 W, 100 %, 65, 0x0000000000000000
2026/09/18 00:15:41.086, 78.09 W, 99 %, 67, 0x0000000000000004
2026/09/18 00:15:42.092, 52.58 W, 93 %, 67, 0x0000000000000000
2026/09/18 00:15:43.106, 52.89 W, 100 %, 65, 0x0000000000000000
2026/09/18 00:15:44.119, 52.75 W, 100 %, 65, 0x0000000000000000
2026/09/18 00:15:45.133, 52.45 W, 100 %, 65, 0x0000000000000000
2026/09/18 00:15:46.145, 52.49 W, 100 %, 65, 0x0000000000000000
2026/09/18 00:15:47.160, 52.60 W, 100 %, 65, 0x0000000000000000
2026/09/18 00:15:48.172, 51.81 W, 100 %, 65, 0x0000000000000000
2026/09/18 00:15:49.187, 48.64 W, 99 %, 65, 0x0000000000000000
2026/09/18 00:15:50.199, 52.82 W, 98 %, 65, 0x0000000000000000
2026/09/18 00:15:51.214, 52.52 W, 100 %, 64, 0x0000000000000000
2026/09/18 00:15:52.226, 52.68 W, 100 %, 65, 0x0000000000000000
2026/09/18 00:15:53.239, 52.60 W, 100 %, 65, 0x0000000000000000
2026/09/18 00:15:54.252, 52.76 W, 100 %, 65, 0x0000000000000000
2026/09/18 00:15:55.265, 52.56 W, 99 %, 65, 0x0000000000000000
2026/09/18 00:15:56.278, 52.69 W, 99 %, 65, 0x0000000000000000
2026/09/18 00:15:57.290, 52.20 W, 100 %, 65, 0x0000000000000000
2026/09/18 00:15:58.303, 52.57 W, 100 %, 65, 0x0000000000000000
2026/09/18 00:15:59.315, 52.43 W, 100 %, 65, 0x0000000000000000
2026/09/18 00:16:00.331, 52.47 W, 100 %, 65, 0x0000000000000000
2026/09/18 00:16:01.343, 78.75 W, 98 %, 67, 0x0000000000000004
2026/09/18 00:16:02.347, 53.04 W, 91 %, 65, 0x0000000000000000
2026/09/18 00:16:03.359, 53.05 W, 100 %, 65, 0x0000000000000000
2026/09/18 00:16:04.374, 52.47 W, 100 %, 65, 0x0000000000000000
2026/09/18 00:16:05.386, 53.00 W, 100 %, 65, 0x0000000000000000
2026/09/18 00:16:06.401, 52.81 W, 100 %, 65, 0x0000000000000000
2026/09/18 00:16:07.413, 52.50 W, 100 %, 65, 0x0000000000000000
2026/09/18 00:16:08.427, 78.16 W, 97 %, 67, 0x0000000000000004
2026/09/18 00:16:09.434, 53.19 W, 91 %, 65, 0x0000000000000000
2026/09/18 00:16:10.447, 53.11 W, 100 %, 65, 0x0000000000000000
2026/09/18 00:16:11.459, 52.66 W, 100 %, 65, 0x0000000000000000
2026/09/18 00:16:12.473, 52.81 W, 100 %, 65, 0x0000000000000000
2026/09/18 00:16:13.485, 52.55 W, 100 %, 65, 0x0000000000000000
2026/09/18 00:16:14.498, 52.22 W, 100 %, 65, 0x0000000000000000
2026/09/18 00:16:15.511, 52.74 W, 98 %, 65, 0x0000000000000000
2026/09/18 00:16:16.526, 52.72 W, 100 %, 65, 0x0000000000000000
2026/09/18 00:16:17.539, 52.67 W, 100 %, 65, 0x0000000000000000
2026/09/18 00:16:18.551, 52.67 W, 100 %, 65, 0x0000000000000000
2026/09/18 00:16:19.563, 52.52 W, 100 %, 65, 0x0000000000000000
2026/09/18 00:16:20.578, 52.73 W, 100 %, 64, 0x0000000000000004
2026/09/18 00:16:21.582, 52.57 W, 97 %, 65, 0x0000000000000000
2026/09/18 00:16:22.595, 52.52 W, 98 %, 65, 0x0000000000000000
2026/09/18 00:16:23.609, 52.50 W, 100 %, 65, 0x0000000000000000
2026/09/18 00:16:24.622, 52.72 W, 100 %, 65, 0x0000000000000000
2026/09/18 00:16:25.636, 52.53 W, 100 %, 64, 0x0000000000000000
2026/09/18 00:16:26.648, 52.26 W, 100 %, 64, 0x0000000000000000
2026/09/18 00:16:27.665, 77.71 W, 100 %, 67, 0x0000000000000004
2026/09/18 00:16:28.670, 53.12 W, 92 %, 65, 0x0000000000000000
2026/09/18 00:16:29.684, 53.04 W, 98 %, 65, 0x0000000000000000
2026/09/18 00:16:30.696, 52.55 W, 100 %, 65, 0x0000000000000000
2026/09/18 00:16:31.709, 52.95 W, 100 %, 65, 0x0000000000000000
2026/09/18 00:16:32.722, 52.87 W, 100 %, 64, 0x0000000000000000
2026/09/18 00:16:33.735, 72.71 W, 100 %, 65, 0x0000000000000004
2026/09/18 00:16:34.738, 52.78 W, 98 %, 64, 0x0000000000000000
2026/09/18 00:16:35.751, 52.40 W, 100 %, 64, 0x0000000000000000
2026/09/18 00:16:36.765, 52.61 W, 100 %, 64, 0x0000000000000000
2026/09/18 00:16:37.777, 52.27 W, 100 %, 65, 0x0000000000000000
2026/09/18 00:16:38.790, 52.47 W, 100 %, 64, 0x0000000000000000
2026/09/18 00:16:39.802, 52.64 W, 100 %, 64, 0x0000000000000000
2026/09/18 00:16:40.816, 52.47 W, 100 %, 64, 0x0000000000000000
2026/09/18 00:16:41.829, 51.94 W, 100 %, 64, 0x0000000000000000
2026/09/18 00:16:42.842, 78.88 W, 100 %, 67, 0x0000000000000004
2026/09/18 00:16:43.848, 52.70 W, 94 %, 65, 0x0000000000000000
2026/09/18 00:16:44.860, 52.97 W, 98 %, 65, 0x0000000000000000
2026/09/18 00:16:45.873, 52.64 W, 100 %, 65, 0x0000000000000000
2026/09/18 00:16:46.885, 52.48 W, 100 %, 65, 0x0000000000000000
2026/09/18 00:16:47.898, 52.32 W, 100 %, 64, 0x0000000000000000
2026/09/18 00:16:48.911, 52.10 W, 100 %, 64, 0x0000000000000000
2026/09/18 00:16:49.923, 52.45 W, 100 %, 64, 0x0000000000000000
2026/09/18 00:16:50.938, 52.76 W, 100 %, 64, 0x0000000000000000
2026/09/18 00:16:51.951, 52.57 W, 100 %, 64, 0x0000000000000000
2026/09/18 00:16:52.965, 52.77 W, 100 %, 64, 0x0000000000000000
2026/09/18 00:16:53.978, 52.57 W, 100 %, 64, 0x0000000000000000
2026/09/18 00:16:54.992, 52.24 W, 100 %, 64, 0x0000000000000000
2026/09/18 00:16:56.005, 78.96 W, 96 %, 66, 0x0000000000000004
2026/09/18 00:16:57.008, 78.01 W, 93 %, 67, 0x0000000000000004
2026/09/18 00:16:58.014, 76.88 W, 92 %, 67, 0x0000000000000004
2026/09/18 00:16:59.017, 53.06 W, 100 %, 65, 0x0000000000000000
2026/09/18 00:17:00.031, 52.88 W, 100 %, 65, 0x0000000000000000
2026/09/18 00:17:01.043, 52.67 W, 100 %, 65, 0x0000000000000000
2026/09/18 00:17:02.057, 52.41 W, 100 %, 65, 0x0000000000000000
2026/09/18 00:17:03.070, 52.36 W, 100 %, 65, 0x0000000000000000
2026/09/18 00:17:04.084, 78.78 W, 98 %, 65, 0x0000000000000004
2026/09/18 00:17:05.089, 52.93 W, 98 %, 65, 0x0000000000000000
2026/09/18 00:17:06.103, 53.13 W, 100 %, 65, 0x0000000000000000
2026/09/18 00:17:07.116, 52.89 W, 100 %, 65, 0x0000000000000000
2026/09/18 00:17:08.129, 52.90 W, 100 %, 65, 0x0000000000000000
2026/09/18 00:17:09.141, 52.37 W, 100 %, 65, 0x0000000000000000
2026/09/18 00:17:10.153, 52.66 W, 100 %, 64, 0x0000000000000000
2026/09/18 00:17:11.169, 74.68 W, 100 %, 66, 0x0000000000000004
2026/09/18 00:17:12.174, 52.91 W, 98 %, 64, 0x0000000000000000
2026/09/18 00:17:13.187, 52.69 W, 100 %, 65, 0x0000000000000000
2026/09/18 00:17:14.200, 52.52 W, 100 %, 64, 0x0000000000000000
2026/09/18 00:17:15.212, 52.19 W, 100 %, 64, 0x0000000000000000
2026/09/18 00:17:16.225, 52.21 W, 100 %, 64, 0x0000000000000000
2026/09/18 00:17:17.237, 52.33 W, 100 %, 64, 0x0000000000000004
2026/09/18 00:17:18.241, 52.88 W, 98 %, 64, 0x0000000000000000
2026/09/18 00:17:19.253, 52.73 W, 100 %, 64, 0x0000000000000000
2026/09/18 00:17:20.266, 52.55 W, 100 %, 64, 0x0000000000000000
2026/09/18 00:17:21.279, 52.37 W, 100 %, 64, 0x0000000000000000
2026/09/18 00:17:22.293, 52.31 W, 100 %, 64, 0x0000000000000000
2026/09/18 00:17:23.305, 77.31 W, 100 %, 64, 0x0000000000000004
2026/09/18 00:17:24.309, 79.22 W, 94 %, 67, 0x0000000000000004
2026/09/18 00:17:25.312, 77.87 W, 92 %, 67, 0x0000000000000004
2026/09/18 00:17:26.317, 52.90 W, 95 %, 65, 0x0000000000000000
2026/09/18 00:17:27.330, 53.11 W, 100 %, 65, 0x0000000000000000
2026/09/18 00:17:28.343, 52.60 W, 100 %, 65, 0x0000000000000000
2026/09/18 00:17:29.356, 52.98 W, 100 %, 65, 0x0000000000000000
2026/09/18 00:17:30.368, 52.67 W, 100 %, 65, 0x0000000000000000
2026/09/18 00:17:31.381, 52.34 W, 100 %, 65, 0x0000000000000000
2026/09/18 00:17:32.394, 52.81 W, 96 %, 65, 0x0000000000000000
2026/09/18 00:17:33.406, 52.96 W, 100 %, 65, 0x0000000000000000
2026/09/18 00:17:34.419, 52.47 W, 100 %, 65, 0x0000000000000000
2026/09/18 00:17:35.431, 52.70 W, 100 %, 65, 0x0000000000000000
2026/09/18 00:17:36.444, 52.65 W, 100 %, 65, 0x0000000000000000
2026/09/18 00:17:37.456, 52.41 W, 100 %, 65, 0x0000000000000000
2026/09/18 00:17:38.469, 52.62 W, 97 %, 65, 0x0000000000000000
2026/09/18 00:17:39.481, 52.58 W, 100 %, 65, 0x0000000000000000
2026/09/18 00:17:40.496, 52.62 W, 100 %, 65, 0x0000000000000000
2026/09/18 00:17:41.509, 52.75 W, 100 %, 64, 0x0000000000000000
2026/09/18 00:17:42.523, 52.61 W, 100 %, 64, 0x0000000000000000
2026/09/18 00:17:43.535, 52.47 W, 100 %, 64, 0x0000000000000000
2026/09/18 00:17:44.550, 78.51 W, 97 %, 67, 0x0000000000000004
2026/09/18 00:17:45.557, 52.70 W, 95 %, 65, 0x0000000000000000
2026/09/18 00:17:46.570, 52.82 W, 100 %, 65, 0x0000000000000000
2026/09/18 00:17:47.582, 52.32 W, 100 %, 65, 0x0000000000000000
2026/09/18 00:17:48.595, 52.76 W, 100 %, 64, 0x0000000000000000
2026/09/18 00:17:49.608, 52.54 W, 100 %, 65, 0x0000000000000000
2026/09/18 00:17:50.621, 52.35 W, 100 %, 65, 0x0000000000000000
2026/09/18 00:17:51.633, 52.14 W, 100 %, 64, 0x0000000000000000
2026/09/18 00:17:52.646, 77.32 W, 100 %, 64, 0x0000000000000004
2026/09/18 00:17:53.651, 78.01 W, 93 %, 67, 0x0000000000000004
2026/09/18 00:17:54.662, 52.87 W, 96 %, 65, 0x0000000000000000
2026/09/18 00:17:55.675, 52.91 W, 100 %, 65, 0x0000000000000000
2026/09/18 00:17:56.690, 52.61 W, 100 %, 65, 0x0000000000000000
2026/09/18 00:17:57.703, 52.69 W, 100 %, 65, 0x0000000000000000
2026/09/18 00:17:58.718, 52.57 W, 100 %, 65, 0x0000000000000000
2026/09/18 00:17:59.731, 52.40 W, 100 %, 65, 0x0000000000000000
2026/09/18 00:18:00.745, 52.38 W, 100 %, 64, 0x0000000000000000
2026/09/18 00:18:01.758, 72.07 W, 100 %, 64, 0x0000000000000004
2026/09/18 00:18:02.761, 78.12 W, 96 %, 67, 0x0000000000000004
2026/09/18 00:18:03.765, 79.57 W, 89 %, 67, 0x0000000000000004
2026/09/18 00:18:04.773, 78.23 W, 92 %, 68, 0x0000000000000004
