2026/09/17 19:01:39.941, 40, 3.55 W, 0 %, 103 MiB, 0x0000000000000001, Not Active, Not Active
2026/09/17 19:01:42.016, 40, 3.61 W, 0 %, 103 MiB, 0x0000000000000001, Not Active, Not Active
2026/09/17 19:01:44.093, 40, 3.48 W, 0 %, 103 MiB, 0x0000000000000001, Not Active, Not Active
2026/09/17 19:01:46.177, 40, 3.69 W, 0 %, 103 MiB, 0x0000000000000001, Not Active, Not Active
2026/09/17 19:01:48.246, 40, 3.58 W, 0 %, 103 MiB, 0x0000000000000001, Not Active, Not Active
2026/09/17 19:01:50.315, 40, 3.44 W, 0 %, 103 MiB, 0x0000000000000001, Not Active, Not Active
2026/09/17 19:01:52.387, 40, 3.74 W, 0 %, 103 MiB, 0x0000000000000001, Not Active, Not Active
2026/09/17 19:01:54.456, 40, 3.79 W, 0 %, 103 MiB, 0x0000000000000001, Not Active, Not Active
2026/09/17 19:01:56.524, 40, 3.41 W, 0 %, 103 MiB, 0x0000000000000001, Not Active, Not Active
2026/09/17 19:01:58.593, 40, 3.43 W, 0 %, 103 MiB, 0x0000000000000001, Not Active, Not Active
2026/09/17 19:02:00.659, 40, 3.37 W, 0 %, 103 MiB, 0x0000000000000001, Not Active, Not Active
2026/09/17 19:02:02.735, 40, 3.45 W, 0 %, 103 MiB, 0x0000000000000001, Not Active, Not Active
2026/09/17 19:02:04.815, 40, 3.51 W, 0 %, 103 MiB, 0x0000000000000001, Not Active, Not Active
2026/09/17 19:02:06.902, 40, 3.72 W, 0 %, 103 MiB, 0x0000000000000001, Not Active, Not Active
2026/09/17 19:02:08.984, 40, 3.59 W, 0 %, 103 MiB, 0x0000000000000001, Not Active, Not Active
2026/09/17 19:02:11.053, 40, 3.46 W, 0 %, 103 MiB, 0x0000000000000001, Not Active, Not Active
2026/09/17 19:02:13.120, 40, 3.49 W, 0 %, 103 MiB, 0x0000000000000001, Not Active, Not Active
2026/09/17 19:02:15.190, 40, 3.41 W, 0 %, 103 MiB, 0x0000000000000001, Not Active, Not Active
2026/09/17 19:02:17.258, 40, 3.46 W, 0 %, 103 MiB, 0x0000000000000001, Not Active, Not Active
2026/09/17 19:02:19.327, 40, 3.45 W, 0 %, 103 MiB, 0x0000000000000001, Not Active, Not Active
2026/09/17 19:02:21.400, 40, 3.40 W, 0 %, 103 MiB, 0x0000000000000001, Not Active, Not Active
2026/09/17 19:02:23.469, 40, 3.64 W, 0 %, 103 MiB, 0x0000000000000001, Not Active, Not Active
2026/09/17 19:02:25.536, 40, 3.39 W, 0 %, 103 MiB, 0x0000000000000001, Not Active, Not Active
2026/09/17 19:02:27.608, 40, 3.42 W, 0 %, 103 MiB, 0x0000000000000001, Not Active, Not Active
2026/09/17 19:02:29.677, 40, 3.46 W, 0 %, 103 MiB, 0x0000000000000001, Not Active, Not Active
2026/09/17 19:02:31.746, 40, 3.38 W, 0 %, 103 MiB, 0x0000000000000001, Not Active, Not Active
2026/09/17 19:02:33.813, 40, 3.46 W, 0 %, 103 MiB, 0x0000000000000001, Not Active, Not Active
2026/09/17 19:02:35.885, 41, 3.43 W, 0 %, 103 MiB, 0x0000000000000001, Not Active, Not Active
2026/09/17 19:02:37.953, 41, 3.51 W, 0 %, 103 MiB, 0x0000000000000001, Not Active, Not Active
2026/09/17 19:02:40.022, 41, 3.51 W, 0 %, 103 MiB, 0x0000000000000001, Not Active, Not Active
2026/09/17 19:02:42.088, 41, 3.43 W, 0 %, 103 MiB, 0x0000000000000001, Not Active, Not Active
2026/09/17 19:02:44.157, 41, 3.40 W, 0 %, 103 MiB, 0x0000000000000001, Not Active, Not Active
2026/09/17 19:02:46.224, 41, 3.41 W, 0 %, 103 MiB, 0x0000000000000001, Not Active, Not Active
2026/09/17 19:02:48.293, 42, 3.57 W, 0 %, 103 MiB, 0x0000000000000001, Not Active, Not Active
2026/09/17 19:02:50.360, 42, 3.44 W, 0 %, 103 MiB, 0x0000000000000001, Not Active, Not Active
2026/09/17 19:02:52.435, 42, 3.43 W, 0 %, 103 MiB, 0x0000000000000001, Not Active, Not Active
2026/09/17 19:02:54.503, 42, 3.78 W, 0 %, 103 MiB, 0x0000000000000001, Not Active, Not Active
2026/09/17 19:02:56.573, 42, 3.45 W, 0 %, 103 MiB, 0x0000000000000001, Not Active, Not Active
2026/09/17 19:02:58.642, 42, 3.44 W, 0 %, 103 MiB, 0x0000000000000001, Not Active, Not Active
2026/09/17 19:03:00.712, 42, 3.52 W, 0 %, 103 MiB, 0x0000000000000001, Not Active, Not Active
2026/09/17 19:03:02.786, 42, 3.43 W, 0 %, 103 MiB, 0x0000000000000001, Not Active, Not Active
2026/09/17 19:03:04.871, 42, 3.57 W, 0 %, 103 MiB, 0x0000000000000001, Not Active, Not Active
2026/09/17 19:03:06.960, 43, 3.55 W, 0 %, 103 MiB, 0x0000000000000001, Not Active, Not Active
2026/09/17 19:03:09.029, 43, 3.63 W, 0 %, 103 MiB, 0x0000000000000001, Not Active, Not Active
2026/09/17 19:03:11.096, 43, 3.50 W, 0 %, 103 MiB, 0x0000000000000001, Not Active, Not Active
2026/09/17 19:03:13.165, 43, 3.68 W, 0 %, 103 MiB, 0x0000000000000001, Not Active, Not Active
2026/09/17 19:03:15.233, 43, 3.42 W, 0 %, 103 MiB, 0x0000000000000001, Not Active, Not Active
2026/09/17 19:03:17.303, 43, 3.45 W, 0 %, 103 MiB, 0x0000000000000001, Not Active, Not Active
2026/09/17 19:03:19.369, 43, 3.77 W, 0 %, 103 MiB, 0x0000000000000001, Not Active, Not Active
2026/09/17 19:03:21.446, 43, 3.66 W, 0 %, 103 MiB, 0x0000000000000001, Not Active, Not Active
2026/09/17 19:03:23.513, 43, 3.61 W, 0 %, 103 MiB, 0x0000000000000001, Not Active, Not Active
2026/09/17 19:03:25.581, 43, 3.63 W, 0 %, 103 MiB, 0x0000000000000001, Not Active, Not Active
2026/09/17 19:03:27.648, 43, 3.49 W, 0 %, 103 MiB, 0x0000000000000001, Not Active, Not Active
2026/09/17 19:03:29.717, 43, 3.46 W, 0 %, 103 MiB, 0x0000000000000001, Not Active, Not Active
2026/09/17 19:03:31.784, 44, 3.52 W, 0 %, 103 MiB, 0x0000000000000001, Not Active, Not Active
2026/09/17 19:03:33.854, 44, 3.44 W, 0 %, 103 MiB, 0x0000000000000001, Not Active, Not Active
2026/09/17 19:03:35.927, 44, 3.64 W, 0 %, 103 MiB, 0x0000000000000001, Not Active, Not Active
2026/09/17 19:03:37.996, 44, 3.65 W, 0 %, 103 MiB, 0x0000000000000001, Not Active, Not Active
2026/09/17 19:03:40.063, 44, 3.49 W, 0 %, 103 MiB, 0x0000000000000001, Not Active, Not Active
2026/09/17 19:03:42.131, 44, 3.56 W, 0 %, 103 MiB, 0x0000000000000001, Not Active, Not Active
2026/09/17 19:03:44.198, 44, 3.56 W, 0 %, 103 MiB, 0x0000000000000001, Not Active, Not Active
2026/09/17 19:03:46.267, 44, 3.59 W, 0 %, 103 MiB, 0x0000000000000001, Not Active, Not Active
2026/09/17 19:03:48.334, 44, 3.55 W, 0 %, 103 MiB, 0x0000000000000001, Not Active, Not Active
2026/09/17 19:03:50.407, 44, 3.54 W, 0 %, 103 MiB, 0x0000000000000001, Not Active, Not Active
2026/09/17 19:03:52.473, 44, 3.64 W, 0 %, 103 MiB, 0x0000000000000001, Not Active, Not Active
2026/09/17 19:03:54.542, 44, 3.65 W, 0 %, 103 MiB, 0x0000000000000001, Not Active, Not Active
2026/09/17 19:03:56.610, 44, 3.49 W, 0 %, 103 MiB, 0x0000000000000001, Not Active, Not Active
2026/09/17 19:03:58.680, 44, 3.50 W, 0 %, 103 MiB, 0x0000000000000001, Not Active, Not Active
2026/09/17 19:04:00.746, 44, 3.53 W, 0 %, 103 MiB, 0x0000000000000001, Not Active, Not Active
2026/09/17 19:04:02.823, 44, 3.54 W, 0 %, 103 MiB, 0x0000000000000001, Not Active, Not Active
2026/09/17 19:04:04.892, 44, 3.50 W, 0 %, 103 MiB, 0x0000000000000001, Not Active, Not Active
2026/09/17 19:04:06.973, 44, 3.67 W, 0 %, 103 MiB, 0x0000000000000001, Not Active, Not Active
2026/09/17 19:04:09.043, 44, 3.76 W, 0 %, 103 MiB, 0x0000000000000001, Not Active, Not Active
2026/09/17 19:04:11.116, 44, 3.43 W, 0 %, 103 MiB, 0x0000000000000001, Not Active, Not Active
2026/09/17 19:04:13.184, 44, 3.52 W, 0 %, 103 MiB, 0x0000000000000001, Not Active, Not Active
2026/09/17 19:04:15.253, 44, 3.54 W, 0 %, 103 MiB, 0x0000000000000001, Not Active, Not Active
2026/09/17 19:04:17.320, 44, 3.50 W, 0 %, 103 MiB, 0x0000000000000001, Not Active, Not Active
2026/09/17 19:04:19.390, 44, 3.60 W, 0 %, 103 MiB, 0x0000000000000001, Not Active, Not Active
2026/09/17 19:04:21.462, 44, 3.53 W, 0 %, 103 MiB, 0x0000000000000001, Not Active, Not Active
2026/09/17 19:04:23.531, 44, 3.72 W, 0 %, 103 MiB, 0x0000000000000001, Not Active, Not Active
2026/09/17 19:04:25.599, 44, 3.62 W, 0 %, 103 MiB, 0x0000000000000001, Not Active, Not Active
2026/09/17 19:04:27.669, 44, 3.63 W, 0 %, 103 MiB, 0x0000000000000001, Not Active, Not Active
2026/09/17 19:04:29.736, 44, 3.56 W, 0 %, 103 MiB, 0x0000000000000001, Not Active, Not Active
2026/09/17 19:04:31.809, 44, 3.61 W, 0 %, 103 MiB, 0x0000000000000001, Not Active, Not Active
2026/09/17 19:04:33.877, 44, 3.63 W, 0 %, 103 MiB, 0x0000000000000001, Not Active, Not Active
2026/09/17 19:04:35.951, 44, 3.57 W, 0 %, 103 MiB, 0x0000000000000001, Not Active, Not Active
2026/09/17 19:04:38.018, 44, 3.95 W, 0 %, 103 MiB, 0x0000000000000001, Not Active, Not Active
2026/09/17 19:04:40.087, 45, 3.80 W, 0 %, 103 MiB, 0x0000000000000001, Not Active, Not Active
2026/09/17 19:04:42.154, 45, 3.64 W, 0 %, 103 MiB, 0x0000000000000001, Not Active, Not Active
2026/09/17 19:04:44.224, 44, 3.63 W, 0 %, 103 MiB, 0x0000000000000001, Not Active, Not Active
2026/09/17 19:04:46.290, 44, 3.63 W, 0 %, 103 MiB, 0x0000000000000001, Not Active, Not Active
2026/09/17 19:04:48.360, 45, 3.68 W, 0 %, 103 MiB, 0x0000000000000001, Not Active, Not Active
2026/09/17 19:04:50.428, 45, 3.64 W, 0 %, 103 MiB, 0x0000000000000001, Not Active, Not Active
2026/09/17 19:04:52.502, 45, 3.59 W, 0 %, 103 MiB, 0x0000000000000001, Not Active, Not Active
2026/09/17 19:04:54.571, 45, 3.59 W, 0 %, 103 MiB, 0x0000000000000001, Not Active, Not Active
2026/09/17 19:04:56.641, 45, 3.67 W, 0 %, 103 MiB, 0x0000000000000001, Not Active, Not Active
2026/09/17 19:04:58.708, 45, 3.63 W, 0 %, 103 MiB, 0x0000000000000001, Not Active, Not Active
2026/09/17 19:05:00.778, 45, 3.53 W, 0 %, 103 MiB, 0x0000000000000001, Not Active, Not Active
2026/09/17 19:05:02.855, 45, 3.60 W, 0 %, 103 MiB, 0x0000000000000001, Not Active, Not Active
2026/09/17 19:05:04.941, 45, 3.56 W, 0 %, 103 MiB, 0x0000000000000001, Not Active, Not Active
2026/09/17 19:05:07.034, 45, 3.82 W, 0 %, 103 MiB, 0x0000000000000001, Not Active, Not Active
2026/09/17 19:05:09.104, 45, 3.56 W, 0 %, 103 MiB, 0x0000000000000001, Not Active, Not Active
2026/09/17 19:05:11.171, 45, 3.53 W, 0 %, 103 MiB, 0x0000000000000001, Not Active, Not Active
2026/09/17 19:05:13.241, 45, 3.53 W, 0 %, 103 MiB, 0x0000000000000001, Not Active, Not Active
2026/09/17 19:05:15.307, 45, 3.62 W, 0 %, 103 MiB, 0x0000000000000001, Not Active, Not Active
2026/09/17 19:05:17.376, 45, 3.60 W, 0 %, 103 MiB, 0x0000000000000001, Not Active, Not Active
2026/09/17 19:05:19.444, 45, 3.56 W, 0 %, 103 MiB, 0x0000000000000001, Not Active, Not Active
2026/09/17 19:05:21.518, 45, 3.94 W, 0 %, 103 MiB, 0x0000000000000001, Not Active, Not Active
2026/09/17 19:05:23.585, 45, 3.53 W, 0 %, 103 MiB, 0x0000000000000001, Not Active, Not Active
2026/09/17 19:05:25.657, 45, 3.57 W, 0 %, 103 MiB, 0x0000000000000001, Not Active, Not Active
2026/09/17 19:05:27.724, 45, 3.58 W, 0 %, 103 MiB, 0x0000000000000001, Not Active, Not Active
2026/09/17 19:05:29.794, 45, 3.50 W, 0 %, 103 MiB, 0x0000000000000001, Not Active, Not Active
2026/09/17 19:05:31.861, 45, 3.47 W, 0 %, 103 MiB, 0x0000000000000001, Not Active, Not Active
2026/09/17 19:05:33.931, 45, 3.57 W, 0 %, 103 MiB, 0x0000000000000001, Not Active, Not Active
2026/09/17 19:05:36.002, 45, 3.74 W, 0 %, 103 MiB, 0x0000000000000001, Not Active, Not Active
2026/09/17 19:05:38.071, 45, 3.70 W, 0 %, 103 MiB, 0x0000000000000001, Not Active, Not Active
2026/09/17 19:05:40.139, 45, 3.61 W, 0 %, 103 MiB, 0x0000000000000001, Not Active, Not Active
2026/09/17 19:05:42.208, 45, 3.51 W, 0 %, 103 MiB, 0x0000000000000001, Not Active, Not Active
2026/09/17 19:05:44.274, 45, 3.56 W, 0 %, 103 MiB, 0x0000000000000001, Not Active, Not Active
2026/09/17 19:05:46.343, 45, 3.58 W, 0 %, 103 MiB, 0x0000000000000001, Not Active, Not Active
2026/09/17 19:05:48.411, 45, 3.61 W, 0 %, 103 MiB, 0x0000000000000001, Not Active, Not Active
2026/09/17 19:05:50.483, 45, 3.49 W, 0 %, 103 MiB, 0x0000000000000001, Not Active, Not Active
2026/09/17 19:05:52.550, 45, 3.79 W, 0 %, 103 MiB, 0x0000000000000001, Not Active, Not Active
2026/09/17 19:05:54.619, 45, 3.78 W, 0 %, 103 MiB, 0x0000000000000001, Not Active, Not Active
2026/09/17 19:05:56.687, 45, 3.44 W, 0 %, 103 MiB, 0x0000000000000001, Not Active, Not Active
2026/09/17 19:05:58.756, 45, 3.66 W, 0 %, 103 MiB, 0x0000000000000001, Not Active, Not Active
2026/09/17 19:06:00.823, 45, 3.63 W, 0 %, 103 MiB, 0x0000000000000001, Not Active, Not Active
2026/09/17 19:06:02.902, 45, 3.54 W, 0 %, 103 MiB, 0x0000000000000001, Not Active, Not Active
2026/09/17 19:06:04.988, 45, 3.50 W, 0 %, 103 MiB, 0x0000000000000001, Not Active, Not Active
2026/09/17 19:06:07.058, 45, 3.62 W, 0 %, 103 MiB, 0x0000000000000001, Not Active, Not Active
2026/09/17 19:06:09.125, 45, 3.65 W, 0 %, 103 MiB, 0x0000000000000001, Not Active, Not Active
2026/09/17 19:06:11.195, 46, 3.66 W, 0 %, 103 MiB, 0x0000000000000001, Not Active, Not Active
2026/09/17 19:06:13.262, 46, 3.56 W, 0 %, 103 MiB, 0x0000000000000001, Not Active, Not Active
2026/09/17 19:06:15.334, 46, 3.50 W, 0 %, 103 MiB, 0x0000000000000001, Not Active, Not Active
2026/09/17 19:06:17.400, 46, 3.65 W, 0 %, 103 MiB, 0x0000000000000001, Not Active, Not Active
2026/09/17 19:06:19.468, 46, 3.58 W, 0 %, 103 MiB, 0x0000000000000001, Not Active, Not Active
2026/09/17 19:06:21.541, 46, 3.71 W, 0 %, 103 MiB, 0x0000000000000001, Not Active, Not Active
2026/09/17 19:06:23.611, 46, 3.84 W, 0 %, 103 MiB, 0x0000000000000001, Not Active, Not Active
2026/09/17 19:06:25.677, 45, 3.72 W, 0 %, 103 MiB, 0x0000000000000001, Not Active, Not Active
2026/09/17 19:06:27.752, 46, 3.66 W, 0 %, 103 MiB, 0x0000000000000001, Not Active, Not Active
2026/09/17 19:06:29.820, 45, 3.68 W, 0 %, 103 MiB, 0x0000000000000001, Not Active, Not Active
2026/09/17 19:06:31.889, 46, 3.58 W, 0 %, 103 MiB, 0x0000000000000001, Not Active, Not Active
2026/09/17 19:06:33.956, 46, 3.68 W, 0 %, 103 MiB, 0x0000000000000001, Not Active, Not Active
2026/09/17 19:06:36.031, 46, 3.76 W, 0 %, 103 MiB, 0x0000000000000001, Not Active, Not Active
2026/09/17 19:06:38.110, 46, 3.55 W, 0 %, 103 MiB, 0x0000000000000001, Not Active, Not Active
2026/09/17 19:06:40.180, 46, 3.46 W, 0 %, 103 MiB, 0x0000000000000001, Not Active, Not Active
2026/09/17 19:06:42.247, 46, 3.55 W, 0 %, 103 MiB, 0x0000000000000001, Not Active, Not Active
2026/09/17 19:06:44.316, 46, 3.57 W, 0 %, 103 MiB, 0x0000000000000001, Not Active, Not Active
2026/09/17 19:06:46.384, 46, 3.53 W, 0 %, 103 MiB, 0x0000000000000001, Not Active, Not Active
2026/09/17 19:06:48.454, 46, 3.61 W, 0 %, 103 MiB, 0x0000000000000001, Not Active, Not Active
2026/09/17 19:06:50.524, 46, 3.80 W, 0 %, 103 MiB, 0x0000000000000001, Not Active, Not Active
2026/09/17 19:06:52.593, 46, 3.76 W, 0 %, 103 MiB, 0x0000000000000001, Not Active, Not Active
2026/09/17 19:06:54.659, 46, 3.58 W, 0 %, 103 MiB, 0x0000000000000001, Not Active, Not Active
2026/09/17 19:06:56.729, 46, 3.62 W, 0 %, 103 MiB, 0x0000000000000001, Not Active, Not Active
2026/09/17 19:06:58.795, 46, 3.58 W, 0 %, 103 MiB, 0x0000000000000001, Not Active, Not Active
2026/09/17 19:07:00.864, 45, 3.62 W, 0 %, 103 MiB, 0x0000000000000001, Not Active, Not Active
2026/09/17 19:07:02.939, 45, 3.66 W, 0 %, 103 MiB, 0x0000000000000001, Not Active, Not Active
2026/09/17 19:07:05.012, 45, 3.62 W, 0 %, 103 MiB, 0x0000000000000001, Not Active, Not Active
2026/09/17 19:07:07.087, 45, 3.83 W, 0 %, 103 MiB, 0x0000000000000001, Not Active, Not Active
2026/09/17 19:07:09.161, 45, 3.65 W, 0 %, 103 MiB, 0x0000000000000001, Not Active, Not Active
2026/09/17 19:07:11.228, 45, 3.50 W, 0 %, 103 MiB, 0x0000000000000001, Not Active, Not Active
2026/09/17 19:07:13.298, 45, 3.62 W, 0 %, 103 MiB, 0x0000000000000001, Not Active, Not Active
2026/09/17 19:07:15.364, 45, 3.62 W, 0 %, 103 MiB, 0x0000000000000001, Not Active, Not Active
2026/09/17 19:07:17.433, 46, 22.19 W, 11 %, 3878 MiB, 0x0000000000000000, Not Active, Not Active
2026/09/17 19:07:19.473, 47, 30.00 W, 14 %, 103 MiB, 0x0000000000000000, Not Active, Not Active
2026/09/17 19:07:21.507, 45, 7.58 W, 0 %, 103 MiB, 0x0000000000000001, Not Active, Not Active
2026/09/17 19:07:23.587, 45, 3.77 W, 0 %, 103 MiB, 0x0000000000000001, Not Active, Not Active
2026/09/17 19:07:25.656, 45, 3.77 W, 0 %, 103 MiB, 0x0000000000000001, Not Active, Not Active
2026/09/17 19:07:27.723, 46, 26.81 W, 0 %, 3878 MiB, 0x0000000000000000, Not Active, Not Active
2026/09/17 19:07:29.760, 48, 30.62 W, 17 %, 103 MiB, 0x0000000000000000, Not Active, Not Active
2026/09/17 19:07:31.792, 45, 4.86 W, 0 %, 103 MiB, 0x0000000000000001, Not Active, Not Active
2026/09/17 19:07:33.865, 45, 3.62 W, 0 %, 103 MiB, 0x0000000000000001, Not Active, Not Active
2026/09/17 19:07:35.933, 45, 3.50 W, 0 %, 103 MiB, 0x0000000000000001, Not Active, Not Active
2026/09/17 19:07:38.002, 46, 28.52 W, 22 %, 3878 MiB, 0x0000000000000000, Not Active, Not Active
2026/09/17 19:07:40.035, 48, 21.73 W, 7 %, 103 MiB, 0x0000000000000000, Not Active, Not Active
2026/09/17 19:07:42.079, 45, 7.53 W, 0 %, 103 MiB, 0x0000000000000001, Not Active, Not Active
2026/09/17 19:07:44.156, 45, 4.36 W, 0 %, 103 MiB, 0x0000000000000001, Not Active, Not Active
2026/09/17 19:07:46.238, 45, 3.70 W, 0 %, 103 MiB, 0x0000000000000001, Not Active, Not Active
2026/09/17 19:07:48.304, 45, 3.51 W, 0 %, 103 MiB, 0x0000000000000001, Not Active, Not Active
2026/09/17 19:07:50.372, 44, 3.51 W, 0 %, 103 MiB, 0x0000000000000001, Not Active, Not Active
2026/09/17 19:07:52.439, 44, 3.66 W, 0 %, 103 MiB, 0x0000000000000001, Not Active, Not Active
2026/09/17 19:07:54.508, 44, 3.55 W, 0 %, 103 MiB, 0x0000000000000001, Not Active, Not Active
2026/09/17 19:07:56.577, 44, 3.57 W, 0 %, 103 MiB, 0x0000000000000001, Not Active, Not Active
2026/09/17 19:07:58.646, 44, 3.69 W, 0 %, 103 MiB, 0x0000000000000001, Not Active, Not Active
2026/09/17 19:08:00.714, 44, 3.57 W, 0 %, 103 MiB, 0x0000000000000001, Not Active, Not Active
2026/09/17 19:08:02.791, 44, 3.56 W, 0 %, 103 MiB, 0x0000000000000001, Not Active, Not Active
2026/09/17 19:08:04.872, 44, 3.49 W, 0 %, 103 MiB, 0x0000000000000001, Not Active, Not Active
2026/09/17 19:08:06.960, 44, 3.48 W, 0 %, 103 MiB, 0x0000000000000001, Not Active, Not Active
2026/09/17 19:08:09.029, 44, 3.81 W, 0 %, 103 MiB, 0x0000000000000001, Not Active, Not Active
2026/09/17 19:08:11.101, 44, 3.78 W, 0 %, 103 MiB, 0x0000000000000001, Not Active, Not Active
2026/09/17 19:08:13.167, 44, 3.77 W, 0 %, 103 MiB, 0x0000000000000001, Not Active, Not Active
2026/09/17 19:08:15.239, 44, 3.69 W, 0 %, 103 MiB, 0x0000000000000001, Not Active, Not Active
2026/09/17 19:08:17.306, 43, 3.52 W, 0 %, 103 MiB, 0x0000000000000001, Not Active, Not Active
2026/09/17 19:08:19.375, 43, 3.47 W, 0 %, 103 MiB, 0x0000000000000001, Not Active, Not Active
2026/09/17 19:08:21.443, 43, 3.58 W, 0 %, 103 MiB, 0x0000000000000001, Not Active, Not Active
2026/09/17 19:08:23.513, 43, 3.58 W, 0 %, 103 MiB, 0x0000000000000001, Not Active, Not Active
2026/09/17 19:08:25.582, 43, 3.52 W, 0 %, 103 MiB, 0x0000000000000001, Not Active, Not Active
2026/09/17 19:08:27.652, 43, 3.82 W, 0 %, 103 MiB, 0x0000000000000001, Not Active, Not Active
2026/09/17 19:08:29.719, 43, 3.54 W, 0 %, 103 MiB, 0x0000000000000001, Not Active, Not Active
2026/09/17 19:08:31.788, 43, 3.48 W, 0 %, 103 MiB, 0x0000000000000001, Not Active, Not Active
2026/09/17 19:08:33.854, 43, 3.55 W, 0 %, 103 MiB, 0x0000000000000001, Not Active, Not Active
2026/09/17 19:08:35.925, 43, 3.48 W, 0 %, 103 MiB, 0x0000000000000001, Not Active, Not Active
2026/09/17 19:08:37.992, 43, 3.45 W, 0 %, 103 MiB, 0x0000000000000001, Not Active, Not Active
2026/09/17 19:08:40.062, 43, 3.67 W, 0 %, 103 MiB, 0x0000000000000001, Not Active, Not Active
2026/09/17 19:08:42.133, 43, 3.79 W, 0 %, 103 MiB, 0x0000000000000001, Not Active, Not Active
2026/09/17 19:08:44.202, 43, 3.59 W, 0 %, 103 MiB, 0x0000000000000001, Not Active, Not Active
2026/09/17 19:08:46.270, 43, 3.55 W, 0 %, 103 MiB, 0x0000000000000001, Not Active, Not Active
2026/09/17 19:08:48.339, 43, 3.54 W, 0 %, 103 MiB, 0x0000000000000001, Not Active, Not Active
2026/09/17 19:08:50.405, 43, 3.59 W, 0 %, 103 MiB, 0x0000000000000001, Not Active, Not Active
2026/09/17 19:08:52.475, 43, 3.62 W, 0 %, 103 MiB, 0x0000000000000001, Not Active, Not Active
2026/09/17 19:08:54.541, 43, 3.43 W, 0 %, 103 MiB, 0x0000000000000001, Not Active, Not Active
2026/09/17 19:08:56.617, 43, 3.51 W, 0 %, 103 MiB, 0x0000000000000001, Not Active, Not Active
2026/09/17 19:08:58.685, 42, 3.79 W, 0 %, 103 MiB, 0x0000000000000001, Not Active, Not Active
2026/09/17 19:09:00.754, 42, 3.42 W, 0 %, 103 MiB, 0x0000000000000001, Not Active, Not Active
2026/09/17 19:09:02.829, 44, 21.40 W, 0 %, 176 MiB, 0x0000000000000000, Not Active, Not Active
2026/09/17 19:09:04.869, 45, 29.57 W, 14 %, 3798 MiB, 0x0000000000000000, Not Active, Not Active
2026/09/17 19:09:06.904, 44, 21.65 W, 0 %, 3798 MiB, 0x0000000000000000, Not Active, Not Active
2026/09/17 19:09:08.945, 45, 21.69 W, 0 %, 3798 MiB, 0x0000000000000000, Not Active, Not Active
2026/09/17 19:09:10.984, 45, 21.65 W, 0 %, 3798 MiB, 0x0000000000000000, Not Active, Not Active
2026/09/17 19:09:13.024, 45, 21.65 W, 0 %, 3798 MiB, 0x0000000000000000, Not Active, Not Active
2026/09/17 19:09:15.062, 45, 21.61 W, 0 %, 3798 MiB, 0x0000000000000000, Not Active, Not Active
2026/09/17 19:09:17.103, 45, 21.67 W, 0 %, 3798 MiB, 0x0000000000000000, Not Active, Not Active
2026/09/17 19:09:19.141, 45, 21.62 W, 0 %, 3798 MiB, 0x0000000000000000, Not Active, Not Active
2026/09/17 19:09:21.180, 45, 8.40 W, 0 %, 3798 MiB, 0x0000000000000001, Not Active, Not Active
2026/09/17 19:09:23.249, 45, 21.66 W, 0 %, 3798 MiB, 0x0000000000000000, Not Active, Not Active
2026/09/17 19:09:25.290, 45, 21.67 W, 0 %, 3798 MiB, 0x0000000000000000, Not Active, Not Active
2026/09/17 19:09:27.326, 46, 21.68 W, 0 %, 3798 MiB, 0x0000000000000000, Not Active, Not Active
2026/09/17 19:09:29.364, 46, 21.73 W, 0 %, 3798 MiB, 0x0000000000000000, Not Active, Not Active
2026/09/17 19:09:31.402, 46, 21.75 W, 0 %, 3798 MiB, 0x0000000000000000, Not Active, Not Active
2026/09/17 19:09:33.441, 46, 21.73 W, 0 %, 3798 MiB, 0x0000000000000000, Not Active, Not Active
2026/09/17 19:09:35.480, 46, 21.74 W, 0 %, 3798 MiB, 0x0000000000000000, Not Active, Not Active
2026/09/17 19:09:37.518, 46, 21.74 W, 0 %, 3798 MiB, 0x0000000000000000, Not Active, Not Active
2026/09/17 19:09:39.555, 46, 21.69 W, 0 %, 3798 MiB, 0x0000000000000000, Not Active, Not Active
2026/09/17 19:09:41.597, 47, 21.84 W, 0 %, 3798 MiB, 0x0000000000000000, Not Active, Not Active
2026/09/17 19:09:43.635, 47, 21.82 W, 0 %, 3798 MiB, 0x0000000000000000, Not Active, Not Active
2026/09/17 19:09:45.674, 47, 21.88 W, 0 %, 3798 MiB, 0x0000000000000000, Not Active, Not Active
2026/09/17 19:09:47.713, 47, 21.83 W, 1 %, 3798 MiB, 0x0000000000000000, Not Active, Not Active
2026/09/17 19:09:49.751, 47, 21.87 W, 3 %, 3798 MiB, 0x0000000000000000, Not Active, Not Active
2026/09/17 19:09:51.788, 47, 21.90 W, 0 %, 3798 MiB, 0x0000000000000000, Not Active, Not Active
2026/09/17 19:09:53.827, 47, 21.87 W, 0 %, 3798 MiB, 0x0000000000000000, Not Active, Not Active
2026/09/17 19:09:55.864, 47, 21.83 W, 0 %, 3798 MiB, 0x0000000000000000, Not Active, Not Active
2026/09/17 19:09:57.902, 47, 21.87 W, 0 %, 3798 MiB, 0x0000000000000000, Not Active, Not Active
2026/09/17 19:09:59.942, 47, 21.91 W, 0 %, 3798 MiB, 0x0000000000000000, Not Active, Not Active
2026/09/17 19:10:01.983, 47, 21.85 W, 0 %, 3798 MiB, 0x0000000000000000, Not Active, Not Active
2026/09/17 19:10:04.022, 48, 21.96 W, 0 %, 3798 MiB, 0x0000000000000000, Not Active, Not Active
2026/09/17 19:10:06.060, 48, 21.95 W, 1 %, 3800 MiB, 0x0000000000000000, Not Active, Not Active
2026/09/17 19:10:08.101, 48, 21.94 W, 0 %, 3800 MiB, 0x0000000000000000, Not Active, Not Active
2026/09/17 19:10:10.141, 48, 21.90 W, 0 %, 3800 MiB, 0x0000000000000000, Not Active, Not Active
2026/09/17 19:10:12.178, 48, 22.00 W, 0 %, 3800 MiB, 0x0000000000000000, Not Active, Not Active
2026/09/17 19:10:14.218, 48, 21.97 W, 0 %, 3800 MiB, 0x0000000000000000, Not Active, Not Active
2026/09/17 19:10:16.255, 48, 22.00 W, 0 %, 3800 MiB, 0x0000000000000000, Not Active, Not Active
2026/09/17 19:10:18.293, 48, 21.99 W, 0 %, 3800 MiB, 0x0000000000000000, Not Active, Not Active
2026/09/17 19:10:20.330, 48, 22.03 W, 0 %, 3800 MiB, 0x0000000000000000, Not Active, Not Active
2026/09/17 19:10:22.369, 48, 21.99 W, 0 %, 3800 MiB, 0x0000000000000000, Not Active, Not Active
2026/09/17 19:10:24.409, 48, 22.00 W, 0 %, 3800 MiB, 0x0000000000000000, Not Active, Not Active
2026/09/17 19:10:26.447, 48, 21.96 W, 0 %, 3800 MiB, 0x0000000000000000, Not Active, Not Active
2026/09/17 19:10:28.487, 48, 21.99 W, 0 %, 3800 MiB, 0x0000000000000000, Not Active, Not Active
2026/09/17 19:10:30.525, 48, 22.06 W, 0 %, 3800 MiB, 0x0000000000000000, Not Active, Not Active
2026/09/17 19:10:32.563, 48, 29.42 W, 0 %, 3804 MiB, 0x0000000000000000, Not Active, Not Active
2026/09/17 19:10:34.605, 52, 51.55 W, 100 %, 3804 MiB, 0x0000000000000000, Not Active, Not Active
2026/09/17 19:10:36.641, 53, 50.67 W, 100 %, 3804 MiB, 0x0000000000000000, Not Active, Not Active
2026/09/17 19:10:38.677, 53, 50.26 W, 100 %, 3804 MiB, 0x0000000000000000, Not Active, Not Active
2026/09/17 19:10:40.712, 57, 80.60 W, 96 %, 3810 MiB, 0x0000000000000004, Not Active, Not Active
2026/09/17 19:10:42.720, 56, 85.49 W, 96 %, 3810 MiB, 0x0000000000000004, Not Active, Not Active
2026/09/17 19:10:44.726, 55, 50.29 W, 94 %, 3810 MiB, 0x0000000000000000, Not Active, Not Active
2026/09/17 19:10:46.761, 56, 50.31 W, 94 %, 3810 MiB, 0x0000000000000000, Not Active, Not Active
2026/09/17 19:10:48.795, 57, 48.25 W, 95 %, 3810 MiB, 0x0000000000000000, Not Active, Not Active
2026/09/17 19:10:50.830, 59, 79.27 W, 96 %, 3810 MiB, 0x0000000000000004, Not Active, Not Active
2026/09/17 19:10:52.836, 57, 76.95 W, 97 %, 3810 MiB, 0x0000000000000004, Not Active, Not Active
2026/09/17 19:10:54.842, 57, 50.80 W, 96 %, 3810 MiB, 0x0000000000000000, Not Active, Not Active
2026/09/17 19:10:56.877, 60, 80.12 W, 99 %, 3810 MiB, 0x0000000000000004, Not Active, Not Active
2026/09/17 19:10:58.882, 58, 51.27 W, 95 %, 3820 MiB, 0x0000000000000000, Not Active, Not Active
2026/09/17 19:11:00.918, 58, 50.70 W, 100 %, 3820 MiB, 0x0000000000000000, Not Active, Not Active
2026/09/17 19:11:02.952, 61, 43.34 W, 95 %, 3820 MiB, 0x0000000000000000, Not Active, Not Active
2026/09/17 19:11:04.986, 59, 51.54 W, 100 %, 3820 MiB, 0x0000000000000000, Not Active, Not Active
2026/09/17 19:11:07.025, 62, 79.49 W, 97 %, 3820 MiB, 0x0000000000000004, Not Active, Not Active
2026/09/17 19:11:09.032, 59, 51.21 W, 97 %, 3820 MiB, 0x0000000000000000, Not Active, Not Active
2026/09/17 19:11:11.068, 62, 51.21 W, 96 %, 3820 MiB, 0x0000000000000000, Not Active, Not Active
2026/09/17 19:11:13.103, 60, 51.20 W, 95 %, 3820 MiB, 0x0000000000000000, Not Active, Not Active
2026/09/17 19:11:15.138, 63, 78.78 W, 98 %, 3820 MiB, 0x0000000000000004, Not Active, Not Active
2026/09/17 19:11:17.145, 61, 50.91 W, 95 %, 3820 MiB, 0x0000000000000000, Not Active, Not Active
2026/09/17 19:11:19.181, 62, 64.58 W, 100 %, 3820 MiB, 0x0000000000000004, Not Active, Not Active
2026/09/17 19:11:21.186, 61, 50.85 W, 96 %, 3820 MiB, 0x0000000000000000, Not Active, Not Active
2026/09/17 19:11:23.222, 63, 79.37 W, 98 %, 3820 MiB, 0x0000000000000004, Not Active, Not Active
2026/09/17 19:11:25.228, 61, 51.37 W, 100 %, 3820 MiB, 0x0000000000000000, Not Active, Not Active
2026/09/17 19:11:27.261, 64, 50.08 W, 96 %, 3820 MiB, 0x0000000000000000, Not Active, Not Active
2026/09/17 19:11:29.298, 64, 66.26 W, 95 %, 3820 MiB, 0x0000000000000004, Not Active, Not Active
2026/09/17 19:11:31.304, 62, 50.61 W, 96 %, 3820 MiB, 0x0000000000000000, Not Active, Not Active
2026/09/17 19:11:33.338, 65, 78.46 W, 97 %, 3820 MiB, 0x0000000000000004, Not Active, Not Active
2026/09/17 19:11:35.344, 65, 79.54 W, 99 %, 3820 MiB, 0x0000000000000004, Not Active, Not Active
2026/09/17 19:11:37.350, 62, 51.63 W, 96 %, 3820 MiB, 0x0000000000000000, Not Active, Not Active
2026/09/17 19:11:39.388, 63, 51.68 W, 96 %, 3820 MiB, 0x0000000000000000, Not Active, Not Active
2026/09/17 19:11:41.424, 65, 79.58 W, 95 %, 3820 MiB, 0x0000000000000004, Not Active, Not Active
2026/09/17 19:11:43.437, 65, 79.49 W, 100 %, 3820 MiB, 0x0000000000000004, Not Active, Not Active
2026/09/17 19:11:45.446, 63, 51.60 W, 99 %, 3820 MiB, 0x0000000000000000, Not Active, Not Active
2026/09/17 19:11:47.481, 65, 78.72 W, 98 %, 3820 MiB, 0x0000000000000004, Not Active, Not Active
2026/09/17 19:11:49.487, 63, 51.60 W, 98 %, 3820 MiB, 0x0000000000000000, Not Active, Not Active
2026/09/17 19:11:51.521, 63, 79.44 W, 100 %, 3820 MiB, 0x0000000000000004, Not Active, Not Active
2026/09/17 19:11:53.527, 63, 52.19 W, 95 %, 3820 MiB, 0x0000000000000000, Not Active, Not Active
2026/09/17 19:11:55.562, 63, 51.53 W, 100 %, 3820 MiB, 0x0000000000000000, Not Active, Not Active
2026/09/17 19:11:57.598, 66, 80.50 W, 97 %, 3820 MiB, 0x0000000000000004, Not Active, Not Active
2026/09/17 19:11:59.607, 63, 51.70 W, 96 %, 3820 MiB, 0x0000000000000000, Not Active, Not Active
2026/09/17 19:12:01.643, 66, 79.61 W, 96 %, 3820 MiB, 0x0000000000000004, Not Active, Not Active
2026/09/17 19:12:03.649, 66, 80.02 W, 97 %, 3820 MiB, 0x0000000000000004, Not Active, Not Active
2026/09/17 19:12:05.656, 66, 79.79 W, 99 %, 3820 MiB, 0x0000000000000004, Not Active, Not Active
2026/09/17 19:12:07.662, 64, 50.85 W, 96 %, 3820 MiB, 0x0000000000000000, Not Active, Not Active
2026/09/17 19:12:09.698, 64, 51.58 W, 100 %, 3820 MiB, 0x0000000000000000, Not Active, Not Active
2026/09/17 19:12:11.736, 67, 79.43 W, 98 %, 3820 MiB, 0x0000000000000004, Not Active, Not Active
2026/09/17 19:12:13.742, 64, 52.43 W, 96 %, 3820 MiB, 0x0000000000000000, Not Active, Not Active
2026/09/17 19:12:15.777, 65, 51.59 W, 95 %, 3820 MiB, 0x0000000000000000, Not Active, Not Active
2026/09/17 19:12:17.816, 66, 79.80 W, 100 %, 3820 MiB, 0x0000000000000004, Not Active, Not Active
2026/09/17 19:12:19.825, 66, 77.83 W, 96 %, 3820 MiB, 0x0000000000000004, Not Active, Not Active
2026/09/17 19:12:21.831, 65, 52.42 W, 94 %, 3820 MiB, 0x0000000000000000, Not Active, Not Active
2026/09/17 19:12:23.865, 65, 52.31 W, 96 %, 3820 MiB, 0x0000000000000000, Not Active, Not Active
2026/09/17 19:12:25.899, 68, 79.40 W, 98 %, 3820 MiB, 0x0000000000000004, Not Active, Not Active
2026/09/17 19:12:27.905, 67, 79.76 W, 98 %, 3820 MiB, 0x0000000000000004, Not Active, Not Active
2026/09/17 19:12:29.911, 65, 52.19 W, 97 %, 3820 MiB, 0x0000000000000000, Not Active, Not Active
2026/09/17 19:12:31.945, 68, 80.06 W, 99 %, 3820 MiB, 0x0000000000000004, Not Active, Not Active
2026/09/17 19:12:33.951, 67, 80.82 W, 98 %, 3820 MiB, 0x0000000000000004, Not Active, Not Active
2026/09/17 19:12:35.958, 65, 52.76 W, 96 %, 3820 MiB, 0x0000000000000000, Not Active, Not Active
2026/09/17 19:12:37.995, 65, 52.71 W, 98 %, 3820 MiB, 0x0000000000000000, Not Active, Not Active
2026/09/17 19:12:40.029, 65, 53.63 W, 99 %, 3820 MiB, 0x0000000000000004, Not Active, Not Active
2026/09/17 19:12:42.036, 65, 52.39 W, 97 %, 3820 MiB, 0x0000000000000000, Not Active, Not Active
2026/09/17 19:12:44.072, 65, 51.88 W, 100 %, 3820 MiB, 0x0000000000000000, Not Active, Not Active
2026/09/17 19:12:46.108, 67, 80.02 W, 96 %, 3820 MiB, 0x0000000000000004, Not Active, Not Active
2026/09/17 19:12:48.116, 65, 52.60 W, 100 %, 3820 MiB, 0x0000000000000000, Not Active, Not Active
2026/09/17 19:12:50.152, 67, 80.32 W, 98 %, 3820 MiB, 0x0000000000000004, Not Active, Not Active
2026/09/17 19:12:52.158, 65, 52.28 W, 97 %, 3820 MiB, 0x0000000000000000, Not Active, Not Active
2026/09/17 19:12:54.194, 67, 78.89 W, 96 %, 3820 MiB, 0x0000000000000004, Not Active, Not Active
2026/09/17 19:12:56.200, 68, 79.14 W, 96 %, 3820 MiB, 0x0000000000000004, Not Active, Not Active
2026/09/17 19:12:58.205, 65, 52.64 W, 100 %, 3820 MiB, 0x0000000000000000, Not Active, Not Active
2026/09/17 19:13:00.242, 68, 74.67 W, 96 %, 3820 MiB, 0x0000000000000004, Not Active, Not Active
2026/09/17 19:13:02.249, 65, 52.89 W, 100 %, 3820 MiB, 0x0000000000000000, Not Active, Not Active
2026/09/17 19:13:04.285, 67, 79.54 W, 96 %, 3820 MiB, 0x0000000000000004, Not Active, Not Active
2026/09/17 19:13:06.291, 65, 52.63 W, 99 %, 3820 MiB, 0x0000000000000000, Not Active, Not Active
2026/09/17 19:13:08.326, 68, 47.73 W, 96 %, 3820 MiB, 0x0000000000000000, Not Active, Not Active
2026/09/17 19:13:10.366, 65, 63.20 W, 100 %, 3820 MiB, 0x0000000000000004, Not Active, Not Active
2026/09/17 19:13:12.371, 67, 79.38 W, 95 %, 3820 MiB, 0x0000000000000004, Not Active, Not Active
2026/09/17 19:13:14.377, 67, 80.28 W, 93 %, 3822 MiB, 0x0000000000000004, Not Active, Not Active
2026/09/17 19:13:16.385, 65, 52.34 W, 100 %, 3822 MiB, 0x0000000000000000, Not Active, Not Active
2026/09/17 19:13:18.422, 65, 58.61 W, 100 %, 3822 MiB, 0x0000000000000004, Not Active, Not Active
2026/09/17 19:13:20.428, 65, 52.22 W, 96 %, 3822 MiB, 0x0000000000000000, Not Active, Not Active
2026/09/17 19:13:22.462, 68, 81.27 W, 96 %, 3822 MiB, 0x0000000000000004, Not Active, Not Active
2026/09/17 19:13:24.468, 68, 79.78 W, 97 %, 3822 MiB, 0x0000000000000004, Not Active, Not Active
2026/09/17 19:13:26.474, 67, 79.34 W, 99 %, 3822 MiB, 0x0000000000000004, Not Active, Not Active
2026/09/17 19:13:28.481, 68, 53.36 W, 96 %, 3822 MiB, 0x0000000000000000, Not Active, Not Active
2026/09/17 19:13:30.517, 68, 77.87 W, 96 %, 3822 MiB, 0x0000000000000004, Not Active, Not Active
2026/09/17 19:13:32.523, 66, 81.34 W, 99 %, 3822 MiB, 0x0000000000000004, Not Active, Not Active
2026/09/17 19:13:34.530, 66, 55.43 W, 97 %, 3822 MiB, 0x0000000000000000, Not Active, Not Active
2026/09/17 19:13:36.567, 66, 75.03 W, 100 %, 3822 MiB, 0x0000000000000004, Not Active, Not Active
2026/09/17 19:13:38.573, 67, 54.56 W, 95 %, 3822 MiB, 0x0000000000000000, Not Active, Not Active
2026/09/17 19:13:40.609, 66, 54.47 W, 100 %, 3822 MiB, 0x0000000000000000, Not Active, Not Active
2026/09/17 19:13:42.648, 68, 78.86 W, 96 %, 3822 MiB, 0x0000000000000004, Not Active, Not Active
2026/09/17 19:13:44.653, 66, 54.68 W, 98 %, 3822 MiB, 0x0000000000000000, Not Active, Not Active
2026/09/17 19:13:46.689, 68, 78.47 W, 95 %, 3822 MiB, 0x0000000000000004, Not Active, Not Active
2026/09/17 19:13:48.697, 68, 78.94 W, 95 %, 3822 MiB, 0x0000000000000004, Not Active, Not Active
2026/09/17 19:13:50.703, 68, 79.81 W, 99 %, 3822 MiB, 0x0000000000000004, Not Active, Not Active
2026/09/17 19:13:52.709, 66, 55.20 W, 96 %, 3822 MiB, 0x0000000000000000, Not Active, Not Active
2026/09/17 19:13:54.745, 66, 54.68 W, 100 %, 3822 MiB, 0x0000000000000000, Not Active, Not Active
2026/09/17 19:13:56.782, 68, 79.29 W, 96 %, 3822 MiB, 0x0000000000000004, Not Active, Not Active
2026/09/17 19:13:58.788, 68, 80.25 W, 99 %, 3822 MiB, 0x0000000000000004, Not Active, Not Active
2026/09/17 19:14:00.793, 66, 55.59 W, 99 %, 3822 MiB, 0x0000000000000000, Not Active, Not Active
2026/09/17 19:14:02.829, 68, 80.10 W, 97 %, 3822 MiB, 0x0000000000000004, Not Active, Not Active
2026/09/17 19:14:04.835, 68, 79.97 W, 96 %, 3822 MiB, 0x0000000000000004, Not Active, Not Active
2026/09/17 19:14:06.843, 66, 55.76 W, 100 %, 3822 MiB, 0x0000000000000000, Not Active, Not Active
2026/09/17 19:14:08.878, 66, 55.39 W, 100 %, 3822 MiB, 0x0000000000000000, Not Active, Not Active
2026/09/17 19:14:10.912, 66, 54.92 W, 100 %, 3822 MiB, 0x0000000000000000, Not Active, Not Active
2026/09/17 19:14:12.949, 68, 79.44 W, 96 %, 3822 MiB, 0x0000000000000004, Not Active, Not Active
2026/09/17 19:14:14.959, 69, 79.35 W, 96 %, 3822 MiB, 0x0000000000000004, Not Active, Not Active
2026/09/17 19:14:16.965, 69, 78.38 W, 96 %, 3822 MiB, 0x0000000000000004, Not Active, Not Active
2026/09/17 19:14:18.971, 69, 80.12 W, 96 %, 3822 MiB, 0x0000000000000004, Not Active, Not Active
2026/09/17 19:14:20.978, 69, 79.23 W, 95 %, 3822 MiB, 0x0000000000000004, Not Active, Not Active
2026/09/17 19:14:22.984, 69, 47.23 W, 96 %, 3822 MiB, 0x0000000000000000, Not Active, Not Active
2026/09/17 19:14:25.020, 68, 79.06 W, 99 %, 3822 MiB, 0x0000000000000004, Not Active, Not Active
2026/09/17 19:14:27.026, 69, 78.83 W, 95 %, 3822 MiB, 0x0000000000000004, Not Active, Not Active
2026/09/17 19:14:29.032, 69, 79.35 W, 96 %, 3822 MiB, 0x0000000000000004, Not Active, Not Active
2026/09/17 19:14:31.038, 70, 78.45 W, 96 %, 3822 MiB, 0x0000000000000004, Not Active, Not Active
2026/09/17 19:14:33.044, 70, 79.49 W, 95 %, 3822 MiB, 0x0000000000000004, Not Active, Not Active
2026/09/17 19:14:35.051, 70, 79.56 W, 96 %, 3822 MiB, 0x0000000000000004, Not Active, Not Active
2026/09/17 19:14:37.057, 70, 79.75 W, 96 %, 3822 MiB, 0x0000000000000004, Not Active, Not Active
2026/09/17 19:14:39.064, 70, 80.14 W, 96 %, 3822 MiB, 0x0000000000000004, Not Active, Not Active
2026/09/17 19:14:41.070, 70, 78.86 W, 95 %, 3822 MiB, 0x0000000000000004, Not Active, Not Active
2026/09/17 19:14:43.077, 68, 56.20 W, 100 %, 3822 MiB, 0x0000000000000000, Not Active, Not Active
2026/09/17 19:14:45.112, 67, 79.80 W, 100 %, 3822 MiB, 0x0000000000000004, Not Active, Not Active
2026/09/17 19:14:47.120, 70, 79.76 W, 96 %, 3822 MiB, 0x0000000000000004, Not Active, Not Active
2026/09/17 19:14:49.126, 70, 80.17 W, 96 %, 3822 MiB, 0x0000000000000004, Not Active, Not Active
2026/09/17 19:14:51.132, 70, 78.59 W, 96 %, 3822 MiB, 0x0000000000000004, Not Active, Not Active
2026/09/17 19:14:53.138, 68, 56.52 W, 78 %, 3822 MiB, 0x0000000000000000, Not Active, Not Active
2026/09/17 19:14:55.172, 68, 55.98 W, 100 %, 3822 MiB, 0x0000000000000000, Not Active, Not Active
2026/09/17 19:14:57.207, 70, 79.17 W, 99 %, 3822 MiB, 0x0000000000000004, Not Active, Not Active
2026/09/17 19:14:59.213, 70, 79.36 W, 96 %, 3822 MiB, 0x0000000000000004, Not Active, Not Active
2026/09/17 19:15:01.219, 70, 78.53 W, 95 %, 3822 MiB, 0x0000000000000004, Not Active, Not Active
2026/09/17 19:15:03.225, 70, 79.63 W, 96 %, 3822 MiB, 0x0000000000000004, Not Active, Not Active
2026/09/17 19:15:05.230, 71, 80.38 W, 96 %, 3822 MiB, 0x0000000000000004, Not Active, Not Active
2026/09/17 19:15:07.239, 68, 56.59 W, 80 %, 3822 MiB, 0x0000000000000000, Not Active, Not Active
2026/09/17 19:15:09.274, 68, 56.08 W, 100 %, 3822 MiB, 0x0000000000000000, Not Active, Not Active
2026/09/17 19:15:11.311, 68, 55.99 W, 100 %, 3822 MiB, 0x0000000000000000, Not Active, Not Active
2026/09/17 19:15:13.347, 68, 55.86 W, 100 %, 3822 MiB, 0x0000000000000004, Not Active, Not Active
2026/09/17 19:15:15.354, 70, 78.52 W, 95 %, 3822 MiB, 0x0000000000000004, Not Active, Not Active
2026/09/17 19:15:17.360, 68, 54.65 W, 96 %, 3822 MiB, 0x0000000000000000, Not Active, Not Active
2026/09/17 19:15:19.396, 70, 50.90 W, 96 %, 3822 MiB, 0x0000000000000000, Not Active, Not Active
2026/09/17 19:15:21.432, 70, 79.39 W, 97 %, 3822 MiB, 0x0000000000000004, Not Active, Not Active
2026/09/17 19:15:23.438, 70, 78.75 W, 100 %, 3822 MiB, 0x0000000000000004, Not Active, Not Active
2026/09/17 19:15:25.444, 68, 55.97 W, 96 %, 3822 MiB, 0x0000000000000000, Not Active, Not Active
2026/09/17 19:15:27.481, 67, 54.98 W, 95 %, 3822 MiB, 0x0000000000000000, Not Active, Not Active
2026/09/17 19:15:29.515, 68, 56.15 W, 100 %, 3822 MiB, 0x0000000000000000, Not Active, Not Active
2026/09/17 19:15:31.549, 68, 55.84 W, 100 %, 3822 MiB, 0x0000000000000000, Not Active, Not Active
2026/09/17 19:15:33.585, 70, 78.86 W, 98 %, 3822 MiB, 0x0000000000000004, Not Active, Not Active
2026/09/17 19:15:35.591, 70, 79.88 W, 95 %, 3822 MiB, 0x0000000000000004, Not Active, Not Active
2026/09/17 19:15:37.600, 70, 79.09 W, 96 %, 3822 MiB, 0x0000000000000004, Not Active, Not Active
2026/09/17 19:15:39.606, 71, 80.41 W, 95 %, 3822 MiB, 0x0000000000000004, Not Active, Not Active
2026/09/17 19:15:41.611, 71, 79.60 W, 96 %, 3822 MiB, 0x0000000000000004, Not Active, Not Active
2026/09/17 19:15:43.623, 68, 56.00 W, 100 %, 3822 MiB, 0x0000000000000000, Not Active, Not Active
2026/09/17 19:15:45.657, 68, 55.66 W, 100 %, 3822 MiB, 0x0000000000000000, Not Active, Not Active
2026/09/17 19:15:47.694, 70, 79.25 W, 95 %, 3822 MiB, 0x0000000000000004, Not Active, Not Active
2026/09/17 19:15:49.700, 71, 80.37 W, 96 %, 3822 MiB, 0x0000000000000004, Not Active, Not Active
2026/09/17 19:15:51.705, 71, 79.60 W, 96 %, 3822 MiB, 0x0000000000000004, Not Active, Not Active
2026/09/17 19:15:53.711, 71, 78.63 W, 96 %, 3822 MiB, 0x0000000000000004, Not Active, Not Active
2026/09/17 19:15:55.717, 71, 79.93 W, 96 %, 3822 MiB, 0x0000000000000004, Not Active, Not Active
2026/09/17 19:15:57.722, 69, 56.69 W, 87 %, 3822 MiB, 0x0000000000000000, Not Active, Not Active
2026/09/17 19:15:59.759, 71, 80.07 W, 99 %, 3822 MiB, 0x0000000000000004, Not Active, Not Active
2026/09/17 19:16:01.767, 71, 78.73 W, 96 %, 3822 MiB, 0x0000000000000004, Not Active, Not Active
2026/09/17 19:16:03.773, 71, 79.98 W, 95 %, 3822 MiB, 0x0000000000000004, Not Active, Not Active
2026/09/17 19:16:05.779, 71, 79.04 W, 96 %, 3822 MiB, 0x0000000000000004, Not Active, Not Active
2026/09/17 19:16:07.787, 69, 56.78 W, 91 %, 3822 MiB, 0x0000000000000000, Not Active, Not Active
2026/09/17 19:16:09.821, 69, 56.33 W, 100 %, 3822 MiB, 0x0000000000000000, Not Active, Not Active
2026/09/17 19:16:11.857, 71, 78.99 W, 97 %, 3822 MiB, 0x0000000000000004, Not Active, Not Active
2026/09/17 19:16:13.863, 71, 79.10 W, 96 %, 3822 MiB, 0x0000000000000004, Not Active, Not Active
2026/09/17 19:16:15.869, 71, 79.38 W, 96 %, 3822 MiB, 0x0000000000000004, Not Active, Not Active
2026/09/17 19:16:17.874, 71, 78.93 W, 96 %, 3822 MiB, 0x0000000000000004, Not Active, Not Active
2026/09/17 19:16:19.882, 69, 56.45 W, 80 %, 3822 MiB, 0x0000000000000000, Not Active, Not Active
2026/09/17 19:16:21.918, 69, 56.17 W, 100 %, 3822 MiB, 0x0000000000000000, Not Active, Not Active
2026/09/17 19:16:23.954, 71, 79.75 W, 97 %, 3822 MiB, 0x0000000000000004, Not Active, Not Active
2026/09/17 19:16:25.959, 71, 79.34 W, 96 %, 3822 MiB, 0x0000000000000004, Not Active, Not Active
2026/09/17 19:16:27.967, 71, 79.35 W, 96 %, 3822 MiB, 0x0000000000000004, Not Active, Not Active
2026/09/17 19:16:29.973, 71, 79.44 W, 95 %, 3822 MiB, 0x0000000000000004, Not Active, Not Active
2026/09/17 19:16:31.979, 71, 79.04 W, 96 %, 3822 MiB, 0x0000000000000004, Not Active, Not Active
2026/09/17 19:16:33.984, 69, 56.76 W, 79 %, 3822 MiB, 0x0000000000000000, Not Active, Not Active
2026/09/17 19:16:36.019, 71, 79.14 W, 97 %, 3822 MiB, 0x0000000000000004, Not Active, Not Active
2026/09/17 19:16:38.024, 71, 79.31 W, 95 %, 3822 MiB, 0x0000000000000004, Not Active, Not Active
2026/09/17 19:16:40.036, 72, 79.36 W, 96 %, 3822 MiB, 0x0000000000000004, Not Active, Not Active
2026/09/17 19:16:42.042, 72, 78.89 W, 96 %, 3822 MiB, 0x0000000000000004, Not Active, Not Active
2026/09/17 19:16:44.048, 70, 56.39 W, 84 %, 3822 MiB, 0x0000000000000000, Not Active, Not Active
2026/09/17 19:16:46.083, 69, 56.90 W, 100 %, 3822 MiB, 0x0000000000000000, Not Active, Not Active
2026/09/17 19:16:48.120, 72, 79.27 W, 96 %, 3822 MiB, 0x0000000000000004, Not Active, Not Active
2026/09/17 19:16:50.128, 72, 79.91 W, 96 %, 3822 MiB, 0x0000000000000004, Not Active, Not Active
2026/09/17 19:16:52.134, 72, 79.57 W, 95 %, 3822 MiB, 0x0000000000000004, Not Active, Not Active
2026/09/17 19:16:54.140, 68, 32.88 W, 96 %, 3822 MiB, 0x0000000000000000, Not Active, Not Active
2026/09/17 19:16:56.176, 70, 56.95 W, 100 %, 3822 MiB, 0x0000000000000000, Not Active, Not Active
2026/09/17 19:16:58.211, 71, 75.64 W, 100 %, 3822 MiB, 0x0000000000000004, Not Active, Not Active
2026/09/17 19:17:00.217, 72, 79.39 W, 96 %, 3822 MiB, 0x0000000000000004, Not Active, Not Active
2026/09/17 19:17:02.223, 72, 78.99 W, 96 %, 3822 MiB, 0x0000000000000004, Not Active, Not Active
2026/09/17 19:17:04.229, 72, 79.25 W, 96 %, 3822 MiB, 0x0000000000000004, Not Active, Not Active
2026/09/17 19:17:06.234, 72, 79.85 W, 96 %, 3822 MiB, 0x0000000000000004, Not Active, Not Active
2026/09/17 19:17:08.240, 69, 33.32 W, 96 %, 3822 MiB, 0x0000000000000000, Not Active, Not Active
2026/09/17 19:17:10.277, 71, 78.61 W, 100 %, 3822 MiB, 0x0000000000000004, Not Active, Not Active
2026/09/17 19:17:12.283, 72, 79.72 W, 95 %, 3822 MiB, 0x0000000000000004, Not Active, Not Active
2026/09/17 19:17:14.292, 72, 77.57 W, 96 %, 3822 MiB, 0x0000000000000004, Not Active, Not Active
2026/09/17 19:17:16.298, 72, 79.21 W, 96 %, 3822 MiB, 0x0000000000000004, Not Active, Not Active
2026/09/17 19:17:18.305, 72, 80.08 W, 95 %, 3822 MiB, 0x0000000000000004, Not Active, Not Active
2026/09/17 19:17:20.311, 70, 57.23 W, 85 %, 3822 MiB, 0x0000000000000000, Not Active, Not Active
2026/09/17 19:17:22.347, 70, 56.99 W, 100 %, 3822 MiB, 0x0000000000000004, Not Active, Not Active
2026/09/17 19:17:24.355, 72, 80.05 W, 94 %, 3822 MiB, 0x0000000000000004, Not Active, Not Active
2026/09/17 19:17:26.362, 72, 79.68 W, 96 %, 3822 MiB, 0x0000000000000004, Not Active, Not Active
2026/09/17 19:17:28.367, 72, 79.81 W, 96 %, 3822 MiB, 0x0000000000000004, Not Active, Not Active
2026/09/17 19:17:30.377, 72, 66.25 W, 96 %, 3822 MiB, 0x0000000000000004, Not Active, Not Active
2026/09/17 19:17:32.382, 67, 25.70 W, 7 %, 2552 MiB, 0x0000000000000000, Not Active, Not Active
2026/09/17 19:17:34.417, 66, 24.60 W, 6 %, 5184 MiB, 0x0000000000000000, Not Active, Not Active
2026/09/17 19:17:36.456, 64, 24.47 W, 0 %, 5184 MiB, 0x0000000000000000, Not Active, Not Active
2026/09/17 19:17:38.494, 68, 57.02 W, 99 %, 5190 MiB, 0x0000000000000000, Not Active, Not Active
2026/09/17 19:17:40.527, 68, 56.41 W, 100 %, 5190 MiB, 0x0000000000000000, Not Active, Not Active
2026/09/17 19:17:42.564, 68, 56.30 W, 100 %, 5190 MiB, 0x0000000000000000, Not Active, Not Active
2026/09/17 19:17:44.600, 66, 35.14 W, 68 %, 5190 MiB, 0x0000000000000000, Not Active, Not Active
2026/09/17 19:17:46.637, 63, 24.31 W, 0 %, 5190 MiB, 0x0000000000000000, Not Active, Not Active
2026/09/17 19:17:48.676, 63, 24.25 W, 0 %, 5190 MiB, 0x0000000000000000, Not Active, Not Active
2026/09/17 19:17:50.716, 62, 24.16 W, 0 %, 5190 MiB, 0x0000000000000000, Not Active, Not Active
2026/09/17 19:17:52.753, 64, 64.66 W, 12 %, 5190 MiB, 0x0000000000000000, Not Active, Not Active
2026/09/17 19:17:54.799, 69, 79.87 W, 92 %, 5190 MiB, 0x0000000000000004, Not Active, Not Active
2026/09/17 19:17:56.805, 69, 79.20 W, 96 %, 5190 MiB, 0x0000000000000004, Not Active, Not Active
2026/09/17 19:17:58.811, 69, 78.32 W, 99 %, 5190 MiB, 0x0000000000000004, Not Active, Not Active
2026/09/17 19:18:00.817, 67, 55.74 W, 97 %, 5190 MiB, 0x0000000000000000, Not Active, Not Active
2026/09/17 19:18:02.852, 67, 54.95 W, 94 %, 5190 MiB, 0x0000000000000000, Not Active, Not Active
2026/09/17 19:18:04.889, 70, 79.14 W, 95 %, 5190 MiB, 0x0000000000000004, Not Active, Not Active
2026/09/17 19:18:06.894, 69, 76.86 W, 98 %, 5190 MiB, 0x0000000000000004, Not Active, Not Active
2026/09/17 19:18:08.902, 67, 55.45 W, 100 %, 5190 MiB, 0x0000000000000000, Not Active, Not Active
2026/09/17 19:18:10.938, 69, 79.50 W, 97 %, 5190 MiB, 0x0000000000000004, Not Active, Not Active
2026/09/17 19:18:12.944, 67, 55.95 W, 100 %, 5200 MiB, 0x0000000000000000, Not Active, Not Active
2026/09/17 19:18:14.980, 67, 80.06 W, 99 %, 5200 MiB, 0x0000000000000004, Not Active, Not Active
2026/09/17 19:18:16.985, 68, 55.04 W, 93 %, 5200 MiB, 0x0000000000000000, Not Active, Not Active
2026/09/17 19:18:19.021, 67, 55.33 W, 100 %, 5200 MiB, 0x0000000000000000, Not Active, Not Active
2026/09/17 19:18:21.058, 70, 78.02 W, 96 %, 5200 MiB, 0x0000000000000004, Not Active, Not Active
2026/09/17 19:18:23.063, 68, 55.56 W, 97 %, 5200 MiB, 0x0000000000000000, Not Active, Not Active
2026/09/17 19:18:25.099, 70, 79.23 W, 96 %, 5200 MiB, 0x0000000000000004, Not Active, Not Active
2026/09/17 19:18:27.105, 70, 79.86 W, 95 %, 5200 MiB, 0x0000000000000004, Not Active, Not Active
2026/09/17 19:18:29.112, 68, 79.44 W, 100 %, 5200 MiB, 0x0000000000000004, Not Active, Not Active
2026/09/17 19:18:31.118, 70, 55.37 W, 93 %, 5200 MiB, 0x0000000000000000, Not Active, Not Active
2026/09/17 19:18:33.155, 68, 55.56 W, 100 %, 5200 MiB, 0x0000000000000000, Not Active, Not Active
2026/09/17 19:18:35.190, 70, 78.58 W, 96 %, 5200 MiB, 0x0000000000000004, Not Active, Not Active
2026/09/17 19:18:37.198, 68, 56.27 W, 100 %, 5200 MiB, 0x0000000000000000, Not Active, Not Active
2026/09/17 19:18:39.235, 68, 53.54 W, 94 %, 5200 MiB, 0x0000000000000000, Not Active, Not Active
2026/09/17 19:18:41.272, 70, 79.72 W, 100 %, 5200 MiB, 0x0000000000000004, Not Active, Not Active
2026/09/17 19:18:43.280, 70, 78.66 W, 93 %, 5200 MiB, 0x0000000000000004, Not Active, Not Active
2026/09/17 19:18:45.286, 68, 57.08 W, 95 %, 5200 MiB, 0x0000000000000000, Not Active, Not Active
2026/09/17 19:18:47.323, 68, 56.54 W, 100 %, 5200 MiB, 0x0000000000000000, Not Active, Not Active
2026/09/17 19:18:49.356, 68, 56.35 W, 100 %, 5200 MiB, 0x0000000000000000, Not Active, Not Active
2026/09/17 19:18:51.391, 68, 86.54 W, 100 %, 5200 MiB, 0x0000000000000004, Not Active, Not Active
2026/09/17 19:18:53.398, 70, 50.19 W, 94 %, 5200 MiB, 0x0000000000000000, Not Active, Not Active
2026/09/17 19:18:55.433, 68, 81.61 W, 97 %, 5200 MiB, 0x0000000000000004, Not Active, Not Active
2026/09/17 19:18:57.439, 68, 55.67 W, 93 %, 5200 MiB, 0x0000000000000000, Not Active, Not Active
2026/09/17 19:18:59.474, 68, 56.18 W, 96 %, 5200 MiB, 0x0000000000000000, Not Active, Not Active
2026/09/17 19:19:01.511, 70, 72.61 W, 93 %, 5200 MiB, 0x0000000000000004, Not Active, Not Active
2026/09/17 19:19:03.516, 68, 56.56 W, 100 %, 5200 MiB, 0x0000000000000000, Not Active, Not Active
2026/09/17 19:19:05.553, 68, 56.20 W, 97 %, 5200 MiB, 0x0000000000000000, Not Active, Not Active
2026/09/17 19:19:07.588, 68, 67.26 W, 100 %, 5200 MiB, 0x0000000000000004, Not Active, Not Active
2026/09/17 19:19:09.605, 68, 55.95 W, 93 %, 5200 MiB, 0x0000000000000000, Not Active, Not Active
2026/09/17 19:19:11.642, 68, 55.60 W, 100 %, 5200 MiB, 0x0000000000000000, Not Active, Not Active
2026/09/17 19:19:13.681, 68, 55.18 W, 95 %, 5200 MiB, 0x0000000000000004, Not Active, Not Active
2026/09/17 19:19:15.685, 70, 78.61 W, 100 %, 5200 MiB, 0x0000000000000004, Not Active, Not Active
2026/09/17 19:19:17.691, 70, 79.38 W, 98 %, 5200 MiB, 0x0000000000000004, Not Active, Not Active
2026/09/17 19:19:19.697, 68, 56.01 W, 96 %, 5200 MiB, 0x0000000000000000, Not Active, Not Active
2026/09/17 19:19:21.733, 68, 56.14 W, 92 %, 5200 MiB, 0x0000000000000000, Not Active, Not Active
2026/09/17 19:19:23.767, 68, 55.58 W, 100 %, 5200 MiB, 0x0000000000000000, Not Active, Not Active
2026/09/17 19:19:25.801, 68, 55.14 W, 94 %, 5200 MiB, 0x0000000000000000, Not Active, Not Active
2026/09/17 19:19:27.835, 70, 50.64 W, 97 %, 5200 MiB, 0x0000000000000004, Not Active, Not Active
2026/09/17 19:19:29.840, 70, 79.00 W, 100 %, 5200 MiB, 0x0000000000000004, Not Active, Not Active
2026/09/17 19:19:31.846, 68, 56.51 W, 98 %, 5200 MiB, 0x0000000000000004, Not Active, Not Active
2026/09/17 19:19:33.853, 70, 79.65 W, 93 %, 5200 MiB, 0x0000000000000004, Not Active, Not Active
2026/09/17 19:19:35.860, 68, 56.72 W, 92 %, 5202 MiB, 0x0000000000000000, Not Active, Not Active
2026/09/17 19:19:37.897, 68, 56.14 W, 100 %, 5202 MiB, 0x0000000000000000, Not Active, Not Active
2026/09/17 19:19:39.931, 68, 56.25 W, 100 %, 5202 MiB, 0x0000000000000000, Not Active, Not Active
2026/09/17 19:19:41.968, 70, 78.72 W, 100 %, 5202 MiB, 0x0000000000000004, Not Active, Not Active
2026/09/17 19:19:43.975, 70, 72.35 W, 91 %, 5202 MiB, 0x0000000000000004, Not Active, Not Active
2026/09/17 19:19:45.984, 70, 58.60 W, 98 %, 5202 MiB, 0x0000000000000004, Not Active, Not Active
2026/09/17 19:19:47.991, 68, 56.20 W, 98 %, 5202 MiB, 0x0000000000000000, Not Active, Not Active
2026/09/17 19:19:50.028, 68, 55.33 W, 100 %, 5202 MiB, 0x0000000000000000, Not Active, Not Active
2026/09/17 19:19:52.064, 68, 55.85 W, 100 %, 5202 MiB, 0x0000000000000000, Not Active, Not Active
2026/09/17 19:19:54.100, 70, 78.55 W, 96 %, 5202 MiB, 0x0000000000000004, Not Active, Not Active
2026/09/17 19:19:56.106, 68, 56.15 W, 96 %, 5202 MiB, 0x0000000000000000, Not Active, Not Active
2026/09/17 19:19:58.142, 68, 78.02 W, 100 %, 5202 MiB, 0x0000000000000004, Not Active, Not Active
2026/09/17 19:20:00.150, 68, 55.90 W, 96 %, 5202 MiB, 0x0000000000000000, Not Active, Not Active
2026/09/17 19:20:02.184, 70, 77.24 W, 96 %, 5202 MiB, 0x0000000000000004, Not Active, Not Active
2026/09/17 19:20:04.190, 68, 56.03 W, 92 %, 5202 MiB, 0x0000000000000000, Not Active, Not Active
2026/09/17 19:20:06.224, 70, 57.20 W, 95 %, 5202 MiB, 0x0000000000000004, Not Active, Not Active
2026/09/17 19:20:08.229, 68, 55.89 W, 100 %, 5202 MiB, 0x0000000000000000, Not Active, Not Active
2026/09/17 19:20:10.267, 70, 78.84 W, 98 %, 5202 MiB, 0x0000000000000004, Not Active, Not Active
2026/09/17 19:20:12.273, 68, 56.25 W, 93 %, 5202 MiB, 0x0000000000000000, Not Active, Not Active
2026/09/17 19:20:14.310, 70, 78.64 W, 100 %, 5202 MiB, 0x0000000000000004, Not Active, Not Active
2026/09/17 19:20:16.320, 69, 76.91 W, 96 %, 5202 MiB, 0x0000000000000004, Not Active, Not Active
2026/09/17 19:20:18.325, 70, 77.97 W, 93 %, 5202 MiB, 0x0000000000000004, Not Active, Not Active
2026/09/17 19:20:20.332, 68, 56.61 W, 72 %, 5202 MiB, 0x0000000000000000, Not Active, Not Active
2026/09/17 19:20:22.369, 65, 34.90 W, 74 %, 5202 MiB, 0x0000000000000000, Not Active, Not Active
2026/09/17 19:20:24.402, 63, 24.27 W, 0 %, 5202 MiB, 0x0000000000000000, Not Active, Not Active
2026/09/17 19:20:26.441, 63, 24.09 W, 0 %, 5202 MiB, 0x0000000000000000, Not Active, Not Active
2026/09/17 19:20:28.480, 62, 24.09 W, 0 %, 5202 MiB, 0x0000000000000000, Not Active, Not Active
2026/09/17 19:20:30.518, 62, 24.00 W, 0 %, 5202 MiB, 0x0000000000000000, Not Active, Not Active
2026/09/17 19:20:32.556, 61, 23.93 W, 0 %, 5202 MiB, 0x0000000000000000, Not Active, Not Active
2026/09/17 19:20:34.595, 62, 52.40 W, 38 %, 5202 MiB, 0x0000000000000000, Not Active, Not Active
2026/09/17 19:20:36.632, 68, 78.23 W, 90 %, 5202 MiB, 0x0000000000000004, Not Active, Not Active
2026/09/17 19:20:38.640, 68, 49.83 W, 96 %, 5202 MiB, 0x0000000000000000, Not Active, Not Active
2026/09/17 19:20:40.680, 66, 52.80 W, 95 %, 5202 MiB, 0x0000000000000000, Not Active, Not Active
2026/09/17 19:20:42.715, 68, 75.24 W, 100 %, 5202 MiB, 0x0000000000000004, Not Active, Not Active
2026/09/17 19:20:44.720, 66, 53.18 W, 100 %, 5202 MiB, 0x0000000000000000, Not Active, Not Active
2026/09/17 19:20:46.756, 68, 78.21 W, 97 %, 5202 MiB, 0x0000000000000004, Not Active, Not Active
2026/09/17 19:20:48.762, 66, 55.27 W, 97 %, 5202 MiB, 0x0000000000000000, Not Active, Not Active
2026/09/17 19:20:50.798, 66, 54.87 W, 100 %, 5202 MiB, 0x0000000000000000, Not Active, Not Active
2026/09/17 19:20:52.834, 66, 48.54 W, 93 %, 5202 MiB, 0x0000000000000000, Not Active, Not Active
2026/09/17 19:20:54.870, 66, 54.89 W, 99 %, 5202 MiB, 0x0000000000000000, Not Active, Not Active
2026/09/17 19:20:56.905, 66, 55.36 W, 96 %, 5202 MiB, 0x0000000000000000, Not Active, Not Active
2026/09/17 19:20:58.939, 69, 78.88 W, 92 %, 5202 MiB, 0x0000000000000004, Not Active, Not Active
2026/09/17 19:21:00.944, 67, 55.97 W, 100 %, 5202 MiB, 0x0000000000000000, Not Active, Not Active
2026/09/17 19:21:02.979, 69, 78.68 W, 97 %, 5202 MiB, 0x0000000000000004, Not Active, Not Active
2026/09/17 19:21:04.984, 66, 54.87 W, 98 %, 5202 MiB, 0x0000000000000000, Not Active, Not Active
2026/09/17 19:21:07.020, 68, 78.79 W, 99 %, 5202 MiB, 0x0000000000000004, Not Active, Not Active
2026/09/17 19:21:09.026, 67, 55.74 W, 96 %, 5202 MiB, 0x0000000000000000, Not Active, Not Active
2026/09/17 19:21:11.062, 69, 75.52 W, 93 %, 5202 MiB, 0x0000000000000004, Not Active, Not Active
2026/09/17 19:21:13.068, 67, 56.01 W, 65 %, 5202 MiB, 0x0000000000000000, Not Active, Not Active
2026/09/17 19:21:15.104, 67, 56.64 W, 100 %, 5202 MiB, 0x0000000000000000, Not Active, Not Active
2026/09/17 19:21:17.142, 67, 56.34 W, 100 %, 5202 MiB, 0x0000000000000000, Not Active, Not Active
2026/09/17 19:21:19.179, 67, 56.05 W, 100 %, 5202 MiB, 0x0000000000000000, Not Active, Not Active
2026/09/17 19:21:21.217, 67, 56.50 W, 99 %, 5202 MiB, 0x0000000000000000, Not Active, Not Active
2026/09/17 19:21:23.253, 67, 56.45 W, 100 %, 5202 MiB, 0x0000000000000000, Not Active, Not Active
2026/09/17 19:21:25.289, 67, 56.15 W, 100 %, 5202 MiB, 0x0000000000000000, Not Active, Not Active
2026/09/17 19:21:27.324, 67, 55.92 W, 100 %, 5202 MiB, 0x0000000000000000, Not Active, Not Active
2026/09/17 19:21:29.358, 67, 55.55 W, 99 %, 5202 MiB, 0x0000000000000000, Not Active, Not Active
2026/09/17 19:21:31.395, 67, 55.64 W, 100 %, 5202 MiB, 0x0000000000000000, Not Active, Not Active
2026/09/17 19:21:33.431, 69, 78.69 W, 94 %, 5202 MiB, 0x0000000000000004, Not Active, Not Active
2026/09/17 19:21:35.438, 69, 78.50 W, 92 %, 5202 MiB, 0x0000000000000004, Not Active, Not Active
2026/09/17 19:21:37.445, 69, 78.03 W, 93 %, 5202 MiB, 0x0000000000000004, Not Active, Not Active
2026/09/17 19:21:39.451, 70, 76.99 W, 93 %, 5202 MiB, 0x0000000000000004, Not Active, Not Active
2026/09/17 19:21:41.456, 70, 78.89 W, 92 %, 5202 MiB, 0x0000000000000004, Not Active, Not Active
2026/09/17 19:21:43.462, 70, 78.71 W, 93 %, 5202 MiB, 0x0000000000000004, Not Active, Not Active
2026/09/17 19:21:45.467, 70, 77.84 W, 93 %, 5202 MiB, 0x0000000000000004, Not Active, Not Active
2026/09/17 19:21:47.473, 70, 78.24 W, 94 %, 5202 MiB, 0x0000000000000004, Not Active, Not Active
2026/09/17 19:21:49.484, 68, 56.32 W, 100 %, 5202 MiB, 0x0000000000000000, Not Active, Not Active
2026/09/17 19:21:51.519, 70, 77.05 W, 98 %, 5202 MiB, 0x0000000000000004, Not Active, Not Active
2026/09/17 19:21:53.526, 70, 78.95 W, 89 %, 5202 MiB, 0x0000000000000004, Not Active, Not Active
2026/09/17 19:21:55.531, 70, 77.59 W, 93 %, 5202 MiB, 0x0000000000000004, Not Active, Not Active
2026/09/17 19:21:57.537, 68, 51.88 W, 89 %, 5202 MiB, 0x0000000000000000, Not Active, Not Active
2026/09/17 19:21:59.572, 70, 78.92 W, 95 %, 5202 MiB, 0x0000000000000004, Not Active, Not Active
2026/09/17 19:22:01.580, 71, 54.50 W, 94 %, 5202 MiB, 0x0000000000000000, Not Active, Not Active
2026/09/17 19:22:03.614, 68, 56.01 W, 99 %, 5202 MiB, 0x0000000000000004, Not Active, Not Active
2026/09/17 19:22:05.620, 68, 56.44 W, 100 %, 5202 MiB, 0x0000000000000000, Not Active, Not Active
2026/09/17 19:22:07.655, 68, 77.31 W, 100 %, 5202 MiB, 0x0000000000000004, Not Active, Not Active
2026/09/17 19:22:09.668, 70, 78.28 W, 89 %, 5202 MiB, 0x0000000000000004, Not Active, Not Active
2026/09/17 19:22:11.674, 70, 77.78 W, 88 %, 5202 MiB, 0x0000000000000004, Not Active, Not Active
2026/09/17 19:22:13.679, 71, 78.20 W, 92 %, 5202 MiB, 0x0000000000000004, Not Active, Not Active
2026/09/17 19:22:15.685, 71, 77.88 W, 93 %, 5202 MiB, 0x0000000000000004, Not Active, Not Active
2026/09/17 19:22:17.691, 71, 78.48 W, 93 %, 5202 MiB, 0x0000000000000004, Not Active, Not Active
2026/09/17 19:22:19.701, 71, 78.24 W, 93 %, 5202 MiB, 0x0000000000000004, Not Active, Not Active
2026/09/17 19:22:21.706, 71, 78.48 W, 94 %, 5202 MiB, 0x0000000000000004, Not Active, Not Active
2026/09/17 19:22:23.712, 70, 63.29 W, 94 %, 5202 MiB, 0x0000000000000004, Not Active, Not Active
2026/09/17 19:22:25.717, 71, 78.71 W, 92 %, 5202 MiB, 0x0000000000000004, Not Active, Not Active
2026/09/17 19:22:27.725, 71, 78.53 W, 93 %, 5202 MiB, 0x0000000000000004, Not Active, Not Active
2026/09/17 19:22:29.732, 72, 78.13 W, 93 %, 5202 MiB, 0x0000000000000004, Not Active, Not Active
2026/09/17 19:22:31.737, 72, 78.04 W, 92 %, 5202 MiB, 0x0000000000000004, Not Active, Not Active
2026/09/17 19:22:33.742, 72, 79.04 W, 94 %, 5202 MiB, 0x0000000000000004, Not Active, Not Active
2026/09/17 19:22:35.748, 72, 78.30 W, 93 %, 5202 MiB, 0x0000000000000004, Not Active, Not Active
2026/09/17 19:22:37.753, 72, 78.31 W, 93 %, 5202 MiB, 0x0000000000000004, Not Active, Not Active
2026/09/17 19:22:39.760, 72, 78.44 W, 94 %, 5202 MiB, 0x0000000000000004, Not Active, Not Active
2026/09/17 19:22:41.769, 72, 79.12 W, 94 %, 5202 MiB, 0x0000000000000004, Not Active, Not Active
2026/09/17 19:22:43.774, 72, 78.25 W, 93 %, 5202 MiB, 0x0000000000000004, Not Active, Not Active
2026/09/17 19:22:45.780, 72, 78.31 W, 92 %, 5202 MiB, 0x0000000000000004, Not Active, Not Active
2026/09/17 19:22:47.785, 72, 78.56 W, 94 %, 5202 MiB, 0x0000000000000004, Not Active, Not Active
2026/09/17 19:22:49.791, 73, 78.57 W, 93 %, 5202 MiB, 0x0000000000000004, Not Active, Not Active
2026/09/17 19:22:51.798, 72, 77.43 W, 83 %, 5202 MiB, 0x0000000000000004, Not Active, Not Active
2026/09/17 19:22:53.807, 72, 78.19 W, 93 %, 5202 MiB, 0x0000000000000004, Not Active, Not Active
2026/09/17 19:22:55.813, 72, 78.31 W, 94 %, 5202 MiB, 0x0000000000000004, Not Active, Not Active
2026/09/17 19:22:57.818, 73, 78.04 W, 92 %, 5202 MiB, 0x0000000000000004, Not Active, Not Active
2026/09/17 19:22:59.827, 73, 78.39 W, 89 %, 5202 MiB, 0x0000000000000004, Not Active, Not Active
2026/09/17 19:23:01.833, 72, 77.92 W, 91 %, 5202 MiB, 0x0000000000000004, Not Active, Not Active
2026/09/17 19:23:03.838, 73, 79.09 W, 93 %, 5202 MiB, 0x0000000000000004, Not Active, Not Active
2026/09/17 19:23:05.844, 69, 35.56 W, 57 %, 103 MiB, 0x0000000000000000, Not Active, Not Active
2026/09/17 19:23:07.909, 66, 8.86 W, 0 %, 103 MiB, 0x0000000000000001, Not Active, Not Active
2026/09/17 19:23:09.978, 63, 4.62 W, 0 %, 103 MiB, 0x0000000000000001, Not Active, Not Active
2026/09/17 19:23:12.046, 62, 4.68 W, 0 %, 103 MiB, 0x0000000000000001, Not Active, Not Active
2026/09/17 19:23:14.115, 61, 4.36 W, 0 %, 103 MiB, 0x0000000000000001, Not Active, Not Active
2026/09/17 19:23:16.185, 61, 4.31 W, 0 %, 103 MiB, 0x0000000000000001, Not Active, Not Active
2026/09/17 19:23:18.252, 60, 4.48 W, 0 %, 103 MiB, 0x0000000000000001, Not Active, Not Active
2026/09/17 19:23:20.320, 59, 4.44 W, 0 %, 103 MiB, 0x0000000000000001, Not Active, Not Active
2026/09/17 19:23:22.387, 59, 4.47 W, 0 %, 103 MiB, 0x0000000000000001, Not Active, Not Active
2026/09/17 19:23:24.454, 58, 4.32 W, 0 %, 103 MiB, 0x0000000000000001, Not Active, Not Active
2026/09/17 19:23:26.521, 58, 4.34 W, 0 %, 103 MiB, 0x0000000000000001, Not Active, Not Active
2026/09/17 19:23:28.589, 58, 4.24 W, 0 %, 103 MiB, 0x0000000000000001, Not Active, Not Active
2026/09/17 19:23:30.655, 57, 4.19 W, 0 %, 103 MiB, 0x0000000000000001, Not Active, Not Active
2026/09/17 19:23:32.730, 57, 4.27 W, 0 %, 103 MiB, 0x0000000000000001, Not Active, Not Active
2026/09/17 19:23:34.797, 56, 4.61 W, 0 %, 103 MiB, 0x0000000000000001, Not Active, Not Active
2026/09/17 19:23:36.864, 56, 4.01 W, 0 %, 103 MiB, 0x0000000000000001, Not Active, Not Active
2026/09/17 19:23:38.930, 56, 4.06 W, 0 %, 103 MiB, 0x0000000000000001, Not Active, Not Active
2026/09/17 19:23:41.000, 55, 4.00 W, 0 %, 103 MiB, 0x0000000000000001, Not Active, Not Active
2026/09/17 19:23:43.067, 55, 4.00 W, 0 %, 103 MiB, 0x0000000000000001, Not Active, Not Active
2026/09/17 19:23:45.134, 55, 4.18 W, 0 %, 103 MiB, 0x0000000000000001, Not Active, Not Active
2026/09/17 19:23:47.204, 54, 4.13 W, 0 %, 103 MiB, 0x0000000000000001, Not Active, Not Active
2026/09/17 19:23:49.275, 54, 4.11 W, 0 %, 103 MiB, 0x0000000000000001, Not Active, Not Active
2026/09/17 19:23:51.342, 54, 4.14 W, 0 %, 103 MiB, 0x0000000000000001, Not Active, Not Active
2026/09/17 19:23:53.409, 54, 4.02 W, 0 %, 103 MiB, 0x0000000000000001, Not Active, Not Active
2026/09/17 19:23:55.478, 53, 4.10 W, 0 %, 103 MiB, 0x0000000000000001, Not Active, Not Active
2026/09/17 19:23:57.546, 53, 4.01 W, 0 %, 103 MiB, 0x0000000000000001, Not Active, Not Active
2026/09/17 19:23:59.613, 53, 4.00 W, 0 %, 103 MiB, 0x0000000000000001, Not Active, Not Active
2026/09/17 19:24:01.682, 53, 3.90 W, 0 %, 103 MiB, 0x0000000000000001, Not Active, Not Active
2026/09/17 19:24:03.761, 53, 3.89 W, 0 %, 103 MiB, 0x0000000000000001, Not Active, Not Active
2026/09/17 19:24:05.845, 52, 4.27 W, 0 %, 103 MiB, 0x0000000000000001, Not Active, Not Active
2026/09/17 19:24:07.930, 52, 3.86 W, 0 %, 103 MiB, 0x0000000000000001, Not Active, Not Active
2026/09/17 19:24:10.000, 52, 3.88 W, 0 %, 103 MiB, 0x0000000000000001, Not Active, Not Active
2026/09/17 19:24:12.067, 52, 3.93 W, 0 %, 103 MiB, 0x0000000000000001, Not Active, Not Active
2026/09/17 19:24:14.136, 52, 3.82 W, 0 %, 103 MiB, 0x0000000000000001, Not Active, Not Active
2026/09/17 19:24:16.205, 52, 3.82 W, 0 %, 103 MiB, 0x0000000000000001, Not Active, Not Active
2026/09/17 19:24:18.276, 52, 3.95 W, 0 %, 103 MiB, 0x0000000000000001, Not Active, Not Active
2026/09/17 19:24:20.343, 52, 3.93 W, 0 %, 103 MiB, 0x0000000000000001, Not Active, Not Active
2026/09/17 19:24:22.412, 52, 3.90 W, 0 %, 103 MiB, 0x0000000000000001, Not Active, Not Active
2026/09/17 19:24:24.479, 51, 3.79 W, 0 %, 103 MiB, 0x0000000000000001, Not Active, Not Active
2026/09/17 19:24:26.548, 51, 3.77 W, 0 %, 103 MiB, 0x0000000000000001, Not Active, Not Active
2026/09/17 19:24:28.616, 51, 3.83 W, 0 %, 103 MiB, 0x0000000000000001, Not Active, Not Active
2026/09/17 19:24:30.685, 51, 3.87 W, 0 %, 103 MiB, 0x0000000000000001, Not Active, Not Active
2026/09/17 19:24:32.752, 51, 3.82 W, 0 %, 103 MiB, 0x0000000000000001, Not Active, Not Active
2026/09/17 19:24:34.827, 51, 4.14 W, 0 %, 103 MiB, 0x0000000000000001, Not Active, Not Active
2026/09/17 19:24:36.895, 51, 3.97 W, 0 %, 103 MiB, 0x0000000000000001, Not Active, Not Active
2026/09/17 19:24:38.964, 51, 3.72 W, 0 %, 103 MiB, 0x0000000000000001, Not Active, Not Active
2026/09/17 19:24:41.032, 50, 3.68 W, 0 %, 103 MiB, 0x0000000000000001, Not Active, Not Active
2026/09/17 19:24:43.100, 50, 3.74 W, 0 %, 103 MiB, 0x0000000000000001, Not Active, Not Active
2026/09/17 19:24:45.169, 50, 3.88 W, 0 %, 103 MiB, 0x0000000000000001, Not Active, Not Active
2026/09/17 19:24:47.237, 50, 3.76 W, 0 %, 103 MiB, 0x0000000000000001, Not Active, Not Active
2026/09/17 19:24:49.308, 50, 3.90 W, 0 %, 103 MiB, 0x0000000000000001, Not Active, Not Active
2026/09/17 19:24:51.379, 50, 3.88 W, 0 %, 103 MiB, 0x0000000000000001, Not Active, Not Active
2026/09/17 19:24:53.447, 50, 3.83 W, 0 %, 103 MiB, 0x0000000000000001, Not Active, Not Active
2026/09/17 19:24:55.516, 50, 3.85 W, 0 %, 103 MiB, 0x0000000000000001, Not Active, Not Active
2026/09/17 19:24:57.584, 50, 3.75 W, 0 %, 103 MiB, 0x0000000000000001, Not Active, Not Active
2026/09/17 19:24:59.653, 50, 3.69 W, 0 %, 103 MiB, 0x0000000000000001, Not Active, Not Active
2026/09/17 19:25:01.722, 49, 3.69 W, 0 %, 103 MiB, 0x0000000000000001, Not Active, Not Active
2026/09/17 19:25:03.800, 49, 3.67 W, 0 %, 103 MiB, 0x0000000000000001, Not Active, Not Active
2026/09/17 19:25:05.878, 49, 4.13 W, 0 %, 103 MiB, 0x0000000000000001, Not Active, Not Active
2026/09/17 19:25:07.949, 49, 4.23 W, 0 %, 103 MiB, 0x0000000000000001, Not Active, Not Active
2026/09/17 19:25:10.018, 54, 30.43 W, 29 %, 5184 MiB, 0x0000000000000000, Not Active, Not Active
2026/09/17 19:25:12.053, 55, 51.93 W, 98 %, 5190 MiB, 0x0000000000000000, Not Active, Not Active
2026/09/17 19:25:14.089, 55, 51.74 W, 100 %, 5190 MiB, 0x0000000000000000, Not Active, Not Active
2026/09/17 19:25:16.127, 56, 51.70 W, 100 %, 5190 MiB, 0x0000000000000000, Not Active, Not Active
2026/09/17 19:25:18.163, 56, 51.88 W, 100 %, 5190 MiB, 0x0000000000000000, Not Active, Not Active
2026/09/17 19:25:20.197, 57, 51.86 W, 100 %, 5190 MiB, 0x0000000000000000, Not Active, Not Active
2026/09/17 19:25:22.232, 60, 80.16 W, 93 %, 5190 MiB, 0x0000000000000004, Not Active, Not Active
2026/09/17 19:25:24.238, 61, 79.95 W, 96 %, 5190 MiB, 0x0000000000000004, Not Active, Not Active
2026/09/17 19:25:26.244, 61, 67.76 W, 95 %, 5190 MiB, 0x0000000000000004, Not Active, Not Active
2026/09/17 19:25:28.249, 59, 52.04 W, 100 %, 5190 MiB, 0x0000000000000000, Not Active, Not Active
2026/09/17 19:25:30.284, 59, 52.06 W, 100 %, 5190 MiB, 0x0000000000000000, Not Active, Not Active
2026/09/17 19:25:32.319, 60, 52.22 W, 100 %, 5190 MiB, 0x0000000000000000, Not Active, Not Active
2026/09/17 19:25:34.355, 60, 52.72 W, 100 %, 5190 MiB, 0x0000000000000000, Not Active, Not Active
2026/09/17 19:25:36.392, 60, 52.38 W, 100 %, 5190 MiB, 0x0000000000000000, Not Active, Not Active
2026/09/17 19:25:38.428, 60, 52.61 W, 100 %, 5190 MiB, 0x0000000000000000, Not Active, Not Active
2026/09/17 19:25:40.464, 61, 52.76 W, 100 %, 5190 MiB, 0x0000000000000000, Not Active, Not Active
2026/09/17 19:25:42.501, 61, 60.32 W, 100 %, 5190 MiB, 0x0000000000000004, Not Active, Not Active
2026/09/17 19:25:44.506, 61, 52.60 W, 100 %, 5190 MiB, 0x0000000000000000, Not Active, Not Active
2026/09/17 19:25:46.541, 61, 52.52 W, 100 %, 5190 MiB, 0x0000000000000000, Not Active, Not Active
2026/09/17 19:25:48.575, 64, 79.36 W, 93 %, 5190 MiB, 0x0000000000000004, Not Active, Not Active
2026/09/17 19:25:50.583, 65, 79.14 W, 94 %, 5190 MiB, 0x0000000000000004, Not Active, Not Active
2026/09/17 19:25:52.589, 65, 78.69 W, 95 %, 5190 MiB, 0x0000000000000004, Not Active, Not Active
2026/09/17 19:25:54.594, 63, 52.85 W, 95 %, 5190 MiB, 0x0000000000000000, Not Active, Not Active
2026/09/17 19:25:56.629, 62, 52.51 W, 100 %, 5190 MiB, 0x0000000000000000, Not Active, Not Active
2026/09/17 19:25:58.664, 62, 52.46 W, 100 %, 5190 MiB, 0x0000000000000000, Not Active, Not Active
2026/09/17 19:26:00.701, 62, 52.20 W, 100 %, 5190 MiB, 0x0000000000000000, Not Active, Not Active
2026/09/17 19:26:02.737, 63, 52.33 W, 100 %, 5190 MiB, 0x0000000000000000, Not Active, Not Active
2026/09/17 19:26:04.774, 62, 52.58 W, 100 %, 5190 MiB, 0x0000000000000000, Not Active, Not Active
2026/09/17 19:26:06.809, 63, 52.79 W, 100 %, 5190 MiB, 0x0000000000000000, Not Active, Not Active
2026/09/17 19:26:08.843, 63, 52.25 W, 100 %, 5190 MiB, 0x0000000000000000, Not Active, Not Active
2026/09/17 19:26:10.880, 63, 52.98 W, 99 %, 5192 MiB, 0x0000000000000000, Not Active, Not Active
2026/09/17 19:26:12.916, 63, 53.14 W, 100 %, 5192 MiB, 0x0000000000000000, Not Active, Not Active
2026/09/17 19:26:14.954, 63, 52.90 W, 100 %, 5192 MiB, 0x0000000000000000, Not Active, Not Active
2026/09/17 19:26:16.990, 63, 52.31 W, 100 %, 5192 MiB, 0x0000000000000000, Not Active, Not Active
2026/09/17 19:26:19.027, 63, 53.15 W, 100 %, 5192 MiB, 0x0000000000000000, Not Active, Not Active
2026/09/17 19:26:21.062, 63, 52.94 W, 100 %, 5192 MiB, 0x0000000000000000, Not Active, Not Active
2026/09/17 19:26:23.097, 63, 52.53 W, 100 %, 5192 MiB, 0x0000000000000000, Not Active, Not Active
2026/09/17 19:26:25.132, 63, 51.98 W, 100 %, 5192 MiB, 0x0000000000000000, Not Active, Not Active
2026/09/17 19:26:27.167, 63, 44.94 W, 100 %, 5192 MiB, 0x0000000000000004, Not Active, Not Active
2026/09/17 19:26:29.172, 63, 52.74 W, 100 %, 5192 MiB, 0x0000000000000000, Not Active, Not Active
2026/09/17 19:26:31.210, 63, 52.16 W, 100 %, 5192 MiB, 0x0000000000000000, Not Active, Not Active
2026/09/17 19:26:33.246, 63, 52.58 W, 100 %, 5192 MiB, 0x0000000000000000, Not Active, Not Active
2026/09/17 19:26:35.284, 63, 52.38 W, 100 %, 5192 MiB, 0x0000000000000004, Not Active, Not Active
2026/09/17 19:26:37.293, 66, 79.17 W, 94 %, 5192 MiB, 0x0000000000000004, Not Active, Not Active
2026/09/17 19:26:39.299, 67, 78.48 W, 94 %, 5192 MiB, 0x0000000000000004, Not Active, Not Active
2026/09/17 19:26:41.306, 67, 77.52 W, 91 %, 5192 MiB, 0x0000000000000004, Not Active, Not Active
2026/09/17 19:26:43.313, 68, 78.84 W, 94 %, 5192 MiB, 0x0000000000000004, Not Active, Not Active
2026/09/17 19:26:45.322, 68, 77.32 W, 94 %, 5192 MiB, 0x0000000000000004, Not Active, Not Active
2026/09/17 19:26:47.327, 63, 33.47 W, 94 %, 103 MiB, 0x0000000000000000, Not Active, Not Active
2026/09/17 19:26:49.365, 63, 33.24 W, 7 %, 5534 MiB, 0x0000000000000000, Not Active, Not Active
2026/09/17 19:26:51.399, 65, 53.51 W, 100 %, 5540 MiB, 0x0000000000000000, Not Active, Not Active
2026/09/17 19:26:53.433, 65, 53.23 W, 100 %, 5540 MiB, 0x0000000000000000, Not Active, Not Active
2026/09/17 19:26:55.468, 65, 52.65 W, 100 %, 5540 MiB, 0x0000000000000000, Not Active, Not Active
2026/09/17 19:26:57.504, 65, 52.88 W, 100 %, 5540 MiB, 0x0000000000000000, Not Active, Not Active
2026/09/17 19:26:59.540, 65, 52.74 W, 100 %, 5540 MiB, 0x0000000000000000, Not Active, Not Active
2026/09/17 19:27:01.576, 67, 79.63 W, 96 %, 5540 MiB, 0x0000000000000004, Not Active, Not Active
2026/09/17 19:27:03.582, 68, 77.67 W, 96 %, 5540 MiB, 0x0000000000000004, Not Active, Not Active
2026/09/17 19:27:05.591, 66, 52.62 W, 94 %, 5540 MiB, 0x0000000000000000, Not Active, Not Active
2026/09/17 19:27:07.628, 65, 53.26 W, 100 %, 5540 MiB, 0x0000000000000000, Not Active, Not Active
2026/09/17 19:27:09.664, 65, 53.18 W, 100 %, 5540 MiB, 0x0000000000000000, Not Active, Not Active
2026/09/17 19:27:11.699, 65, 52.54 W, 100 %, 5540 MiB, 0x0000000000000000, Not Active, Not Active
2026/09/17 19:27:13.734, 65, 53.29 W, 100 %, 5540 MiB, 0x0000000000000000, Not Active, Not Active
2026/09/17 19:27:15.768, 65, 52.90 W, 100 %, 5540 MiB, 0x0000000000000000, Not Active, Not Active
2026/09/17 19:27:17.804, 65, 53.41 W, 100 %, 5540 MiB, 0x0000000000000000, Not Active, Not Active
2026/09/17 19:27:19.843, 65, 52.90 W, 100 %, 5540 MiB, 0x0000000000000000, Not Active, Not Active
2026/09/17 19:27:21.881, 65, 52.35 W, 100 %, 5540 MiB, 0x0000000000000000, Not Active, Not Active
2026/09/17 19:27:23.916, 64, 52.33 W, 100 %, 5540 MiB, 0x0000000000000000, Not Active, Not Active
2026/09/17 19:27:25.951, 65, 73.65 W, 100 %, 5540 MiB, 0x0000000000000004, Not Active, Not Active
2026/09/17 19:27:27.959, 68, 79.41 W, 94 %, 5540 MiB, 0x0000000000000004, Not Active, Not Active
2026/09/17 19:27:29.965, 68, 79.74 W, 95 %, 5540 MiB, 0x0000000000000004, Not Active, Not Active
2026/09/17 19:27:31.971, 68, 81.50 W, 95 %, 5540 MiB, 0x0000000000000004, Not Active, Not Active
2026/09/17 19:27:33.980, 66, 53.77 W, 97 %, 5540 MiB, 0x0000000000000000, Not Active, Not Active
2026/09/17 19:27:36.015, 65, 53.23 W, 100 %, 5540 MiB, 0x0000000000000000, Not Active, Not Active
2026/09/17 19:27:38.050, 65, 53.31 W, 100 %, 5540 MiB, 0x0000000000000000, Not Active, Not Active
2026/09/17 19:27:40.088, 65, 53.04 W, 100 %, 5540 MiB, 0x0000000000000000, Not Active, Not Active
2026/09/17 19:27:42.125, 65, 53.38 W, 100 %, 5540 MiB, 0x0000000000000000, Not Active, Not Active
2026/09/17 19:27:44.162, 65, 53.10 W, 100 %, 5540 MiB, 0x0000000000000000, Not Active, Not Active
2026/09/17 19:27:46.198, 65, 53.42 W, 100 %, 5540 MiB, 0x0000000000000000, Not Active, Not Active
2026/09/17 19:27:48.235, 65, 52.80 W, 100 %, 5540 MiB, 0x0000000000000000, Not Active, Not Active
2026/09/17 19:27:50.270, 65, 53.06 W, 99 %, 5540 MiB, 0x0000000000000000, Not Active, Not Active
2026/09/17 19:27:52.304, 65, 52.89 W, 100 %, 5540 MiB, 0x0000000000000000, Not Active, Not Active
2026/09/17 19:27:54.342, 65, 53.22 W, 100 %, 5540 MiB, 0x0000000000000000, Not Active, Not Active
2026/09/17 19:27:56.376, 65, 52.84 W, 100 %, 5540 MiB, 0x0000000000000000, Not Active, Not Active
2026/09/17 19:27:58.412, 65, 53.30 W, 99 %, 5540 MiB, 0x0000000000000000, Not Active, Not Active
2026/09/17 19:28:00.450, 65, 53.18 W, 100 %, 5540 MiB, 0x0000000000000000, Not Active, Not Active
2026/09/17 19:28:02.487, 64, 52.83 W, 100 %, 5540 MiB, 0x0000000000000000, Not Active, Not Active
2026/09/17 19:28:04.523, 65, 52.52 W, 100 %, 5540 MiB, 0x0000000000000000, Not Active, Not Active
2026/09/17 19:28:06.559, 65, 52.97 W, 100 %, 5540 MiB, 0x0000000000000000, Not Active, Not Active
2026/09/17 19:28:08.595, 64, 52.46 W, 100 %, 5540 MiB, 0x0000000000000000, Not Active, Not Active
2026/09/17 19:28:10.630, 64, 52.18 W, 100 %, 5540 MiB, 0x0000000000000000, Not Active, Not Active
2026/09/17 19:28:12.664, 64, 52.26 W, 100 %, 5540 MiB, 0x0000000000000000, Not Active, Not Active
2026/09/17 19:28:14.698, 67, 79.30 W, 95 %, 5540 MiB, 0x0000000000000004, Not Active, Not Active
2026/09/17 19:28:16.703, 68, 79.20 W, 94 %, 5540 MiB, 0x0000000000000004, Not Active, Not Active
2026/09/17 19:28:18.710, 68, 79.75 W, 93 %, 5540 MiB, 0x0000000000000004, Not Active, Not Active
2026/09/17 19:28:20.715, 68, 79.66 W, 94 %, 5540 MiB, 0x0000000000000004, Not Active, Not Active
2026/09/17 19:28:22.721, 68, 80.74 W, 94 %, 5540 MiB, 0x0000000000000004, Not Active, Not Active
2026/09/17 19:28:24.726, 68, 77.26 W, 93 %, 5540 MiB, 0x0000000000000004, Not Active, Not Active
2026/09/17 19:28:26.731, 64, 33.43 W, 45 %, 103 MiB, 0x0000000000000000, Not Active, Not Active
2026/09/17 19:28:28.766, 61, 19.47 W, 0 %, 103 MiB, 0x0000000000000001, Not Active, Not Active
2026/09/17 19:28:30.830, 59, 8.40 W, 0 %, 103 MiB, 0x0000000000000001, Not Active, Not Active
2026/09/17 19:28:32.904, 58, 4.46 W, 0 %, 103 MiB, 0x0000000000000001, Not Active, Not Active
2026/09/17 19:28:34.972, 57, 4.39 W, 0 %, 103 MiB, 0x0000000000000001, Not Active, Not Active
2026/09/17 19:28:37.039, 57, 4.28 W, 0 %, 103 MiB, 0x0000000000000001, Not Active, Not Active
2026/09/17 19:28:39.107, 56, 4.04 W, 0 %, 103 MiB, 0x0000000000000001, Not Active, Not Active
2026/09/17 19:28:41.177, 56, 4.24 W, 0 %, 103 MiB, 0x0000000000000001, Not Active, Not Active
2026/09/17 19:28:43.244, 56, 4.13 W, 0 %, 103 MiB, 0x0000000000000001, Not Active, Not Active
2026/09/17 19:28:45.312, 55, 4.03 W, 0 %, 103 MiB, 0x0000000000000001, Not Active, Not Active
2026/09/17 19:28:47.384, 55, 4.03 W, 0 %, 103 MiB, 0x0000000000000001, Not Active, Not Active
2026/09/17 19:28:49.452, 57, 45.74 W, 0 %, 3806 MiB, 0x0000000000000004, Not Active, Not Active
2026/09/17 19:28:51.456, 60, 52.76 W, 18 %, 3812 MiB, 0x0000000000000000, Not Active, Not Active
2026/09/17 19:28:53.493, 60, 52.59 W, 100 %, 3812 MiB, 0x0000000000000000, Not Active, Not Active
2026/09/17 19:28:55.529, 61, 52.60 W, 100 %, 3812 MiB, 0x0000000000000000, Not Active, Not Active
2026/09/17 19:28:57.564, 61, 52.49 W, 100 %, 3812 MiB, 0x0000000000000000, Not Active, Not Active
2026/09/17 19:28:59.599, 61, 52.37 W, 100 %, 3812 MiB, 0x0000000000000000, Not Active, Not Active
2026/09/17 19:29:01.634, 64, 81.31 W, 100 %, 3812 MiB, 0x0000000000000004, Not Active, Not Active
2026/09/17 19:29:03.667, 62, 52.37 W, 95 %, 3812 MiB, 0x0000000000000000, Not Active, Not Active
2026/09/17 19:29:05.701, 62, 52.09 W, 100 %, 3812 MiB, 0x0000000000000000, Not Active, Not Active
2026/09/17 19:29:07.737, 62, 51.93 W, 100 %, 3812 MiB, 0x0000000000000000, Not Active, Not Active
2026/09/17 19:29:09.773, 62, 52.21 W, 100 %, 3812 MiB, 0x0000000000000000, Not Active, Not Active
2026/09/17 19:29:11.810, 62, 51.99 W, 100 %, 3812 MiB, 0x0000000000000000, Not Active, Not Active
2026/09/17 19:29:13.850, 65, 81.62 W, 100 %, 3812 MiB, 0x0000000000000004, Not Active, Not Active
2026/09/17 19:29:15.855, 61, 35.28 W, 82 %, 176 MiB, 0x0000000000000000, Not Active, Not Active
2026/09/17 19:29:17.892, 60, 32.51 W, 22 %, 4274 MiB, 0x0000000000000000, Not Active, Not Active
2026/09/17 19:29:19.926, 59, 23.49 W, 0 %, 4274 MiB, 0x0000000000000000, Not Active, Not Active
2026/09/17 19:29:21.966, 58, 23.49 W, 0 %, 4274 MiB, 0x0000000000000000, Not Active, Not Active
2026/09/17 19:29:24.004, 58, 23.49 W, 0 %, 4274 MiB, 0x0000000000000000, Not Active, Not Active
2026/09/17 19:29:26.043, 58, 23.46 W, 0 %, 4274 MiB, 0x0000000000000000, Not Active, Not Active
2026/09/17 19:29:28.084, 58, 23.39 W, 0 %, 4274 MiB, 0x0000000000000000, Not Active, Not Active
2026/09/17 19:29:30.122, 58, 23.37 W, 0 %, 4274 MiB, 0x0000000000000000, Not Active, Not Active
2026/09/17 19:29:32.159, 57, 23.32 W, 0 %, 4274 MiB, 0x0000000000000000, Not Active, Not Active
2026/09/17 19:29:34.197, 57, 23.31 W, 0 %, 4274 MiB, 0x0000000000000000, Not Active, Not Active
2026/09/17 19:29:36.234, 60, 54.80 W, 48 %, 4308 MiB, 0x0000000000000000, Not Active, Not Active
2026/09/17 19:29:38.268, 62, 56.62 W, 100 %, 4324 MiB, 0x0000000000000000, Not Active, Not Active
2026/09/17 19:29:40.305, 62, 58.26 W, 100 %, 4340 MiB, 0x0000000000000000, Not Active, Not Active
2026/09/17 19:29:42.342, 62, 59.77 W, 100 %, 4356 MiB, 0x0000000000000000, Not Active, Not Active
2026/09/17 19:29:44.378, 63, 56.83 W, 100 %, 4366 MiB, 0x0000000000000000, Not Active, Not Active
2026/09/17 19:29:46.415, 63, 56.75 W, 100 %, 4366 MiB, 0x0000000000000000, Not Active, Not Active
2026/09/17 19:29:48.451, 60, 28.06 W, 0 %, 4366 MiB, 0x0000000000000000, Not Active, Not Active
2026/09/17 19:29:50.490, 66, 79.66 W, 96 %, 4372 MiB, 0x0000000000000004, Not Active, Not Active
2026/09/17 19:29:52.495, 64, 55.94 W, 100 %, 4372 MiB, 0x0000000000000000, Not Active, Not Active
2026/09/17 19:29:54.530, 63, 54.86 W, 100 %, 4372 MiB, 0x0000000000000000, Not Active, Not Active
2026/09/17 19:29:56.564, 64, 59.33 W, 100 %, 4372 MiB, 0x0000000000000000, Not Active, Not Active
2026/09/17 19:29:58.599, 64, 56.91 W, 100 %, 4372 MiB, 0x0000000000000000, Not Active, Not Active
2026/09/17 19:30:00.634, 64, 55.88 W, 100 %, 4372 MiB, 0x0000000000000000, Not Active, Not Active
2026/09/17 19:30:02.670, 64, 80.19 W, 100 %, 4372 MiB, 0x0000000000000004, Not Active, Not Active
2026/09/17 19:30:04.676, 67, 79.06 W, 97 %, 4372 MiB, 0x0000000000000004, Not Active, Not Active
2026/09/17 19:30:06.681, 62, 33.92 W, 2 %, 3882 MiB, 0x0000000000000000, Not Active, Not Active
2026/09/17 19:30:08.718, 63, 52.50 W, 2 %, 3900 MiB, 0x0000000000000000, Not Active, Not Active
2026/09/17 19:30:10.754, 64, 52.67 W, 100 %, 3900 MiB, 0x0000000000000000, Not Active, Not Active
2026/09/17 19:30:12.789, 64, 52.60 W, 100 %, 3900 MiB, 0x0000000000000000, Not Active, Not Active
2026/09/17 19:30:14.824, 64, 52.00 W, 100 %, 3900 MiB, 0x0000000000000000, Not Active, Not Active
2026/09/17 19:30:16.862, 64, 52.82 W, 100 %, 3900 MiB, 0x0000000000000000, Not Active, Not Active
2026/09/17 19:30:18.898, 67, 79.29 W, 100 %, 3900 MiB, 0x0000000000000004, Not Active, Not Active
2026/09/17 19:30:20.905, 64, 52.76 W, 94 %, 3900 MiB, 0x0000000000000000, Not Active, Not Active
2026/09/17 19:30:22.940, 64, 52.60 W, 100 %, 3900 MiB, 0x0000000000000000, Not Active, Not Active
2026/09/17 19:30:24.975, 64, 52.43 W, 100 %, 3900 MiB, 0x0000000000000000, Not Active, Not Active
2026/09/17 19:30:27.011, 64, 51.86 W, 100 %, 3900 MiB, 0x0000000000000000, Not Active, Not Active
2026/09/17 19:30:29.047, 64, 52.11 W, 100 %, 3900 MiB, 0x0000000000000000, Not Active, Not Active
2026/09/17 19:30:31.083, 67, 79.76 W, 100 %, 3900 MiB, 0x0000000000000004, Not Active, Not Active
2026/09/17 19:30:33.089, 62, 35.40 W, 73 %, 176 MiB, 0x0000000000000000, Not Active, Not Active
2026/09/17 19:30:35.122, 62, 32.96 W, 26 %, 3764 MiB, 0x0000000000000000, Not Active, Not Active
2026/09/17 19:30:37.159, 64, 52.84 W, 90 %, 3768 MiB, 0x0000000000000000, Not Active, Not Active
2026/09/17 19:30:39.194, 64, 52.25 W, 100 %, 3768 MiB, 0x0000000000000000, Not Active, Not Active
2026/09/17 19:30:41.231, 64, 52.30 W, 100 %, 3768 MiB, 0x0000000000000000, Not Active, Not Active
2026/09/17 19:30:43.265, 64, 51.95 W, 100 %, 3768 MiB, 0x0000000000000000, Not Active, Not Active
2026/09/17 19:30:45.300, 64, 51.81 W, 100 %, 3768 MiB, 0x0000000000000000, Not Active, Not Active
2026/09/17 19:30:47.336, 67, 79.65 W, 96 %, 3768 MiB, 0x0000000000000004, Not Active, Not Active
2026/09/17 19:30:49.347, 64, 52.77 W, 100 %, 3768 MiB, 0x0000000000000000, Not Active, Not Active
2026/09/17 19:30:51.383, 64, 52.34 W, 100 %, 3768 MiB, 0x0000000000000000, Not Active, Not Active
2026/09/17 19:30:53.420, 64, 52.25 W, 100 %, 3768 MiB, 0x0000000000000000, Not Active, Not Active
2026/09/17 19:30:55.455, 64, 51.96 W, 100 %, 3768 MiB, 0x0000000000000000, Not Active, Not Active
2026/09/17 19:30:57.489, 64, 52.27 W, 100 %, 3768 MiB, 0x0000000000000000, Not Active, Not Active
2026/09/17 19:30:59.525, 67, 79.67 W, 96 %, 3768 MiB, 0x0000000000000004, Not Active, Not Active
2026/09/17 19:31:01.531, 62, 35.77 W, 0 %, 3878 MiB, 0x0000000000000000, Not Active, Not Active
2026/09/17 19:31:03.566, 64, 53.82 W, 64 %, 3878 MiB, 0x0000000000000000, Not Active, Not Active
2026/09/17 19:31:05.603, 64, 53.35 W, 100 %, 3878 MiB, 0x0000000000000000, Not Active, Not Active
2026/09/17 19:31:07.639, 64, 53.22 W, 100 %, 3878 MiB, 0x0000000000000000, Not Active, Not Active
2026/09/17 19:31:09.677, 64, 53.00 W, 100 %, 3878 MiB, 0x0000000000000000, Not Active, Not Active
2026/09/17 19:31:11.714, 64, 52.77 W, 100 %, 3878 MiB, 0x0000000000000000, Not Active, Not Active
2026/09/17 19:31:13.750, 66, 80.62 W, 99 %, 3878 MiB, 0x0000000000000004, Not Active, Not Active
2026/09/17 19:31:15.755, 62, 35.01 W, 70 %, 103 MiB, 0x0000000000000000, Not Active, Not Active
2026/09/17 19:31:17.789, 60, 19.44 W, 0 %, 103 MiB, 0x0000000000000001, Not Active, Not Active
2026/09/17 19:31:19.845, 58, 8.41 W, 0 %, 103 MiB, 0x0000000000000001, Not Active, Not Active
2026/09/17 19:31:21.916, 57, 4.38 W, 0 %, 103 MiB, 0x0000000000000001, Not Active, Not Active
2026/09/17 19:31:23.983, 56, 4.36 W, 0 %, 103 MiB, 0x0000000000000001, Not Active, Not Active
2026/09/17 19:31:26.051, 56, 3.94 W, 0 %, 103 MiB, 0x0000000000000001, Not Active, Not Active
2026/09/17 19:31:28.118, 55, 4.06 W, 0 %, 103 MiB, 0x0000000000000001, Not Active, Not Active
2026/09/17 19:31:30.185, 55, 3.91 W, 0 %, 103 MiB, 0x0000000000000001, Not Active, Not Active
2026/09/17 19:31:32.252, 54, 4.01 W, 0 %, 103 MiB, 0x0000000000000001, Not Active, Not Active
2026/09/17 19:31:34.319, 54, 4.09 W, 0 %, 103 MiB, 0x0000000000000001, Not Active, Not Active
2026/09/17 19:31:36.388, 54, 4.01 W, 0 %, 103 MiB, 0x0000000000000001, Not Active, Not Active
2026/09/17 19:31:38.455, 53, 4.17 W, 0 %, 103 MiB, 0x0000000000000001, Not Active, Not Active
2026/09/17 19:31:40.522, 53, 3.98 W, 0 %, 103 MiB, 0x0000000000000001, Not Active, Not Active
2026/09/17 19:31:42.588, 53, 3.81 W, 0 %, 103 MiB, 0x0000000000000001, Not Active, Not Active
2026/09/17 19:31:44.655, 53, 3.91 W, 0 %, 103 MiB, 0x0000000000000001, Not Active, Not Active
2026/09/17 19:31:46.722, 52, 3.84 W, 0 %, 103 MiB, 0x0000000000000001, Not Active, Not Active
2026/09/17 19:31:48.790, 52, 3.84 W, 0 %, 103 MiB, 0x0000000000000001, Not Active, Not Active
2026/09/17 19:31:50.857, 52, 3.98 W, 0 %, 103 MiB, 0x0000000000000001, Not Active, Not Active
2026/09/17 19:31:52.930, 55, 31.26 W, 22 %, 3806 MiB, 0x0000000000000000, Not Active, Not Active
2026/09/17 19:31:54.964, 54, 22.63 W, 0 %, 3806 MiB, 0x0000000000000000, Not Active, Not Active
2026/09/17 19:31:57.004, 57, 52.38 W, 21 %, 3812 MiB, 0x0000000000000000, Not Active, Not Active
2026/09/17 19:31:59.038, 58, 52.37 W, 100 %, 3812 MiB, 0x0000000000000000, Not Active, Not Active
2026/09/17 19:32:01.076, 58, 52.49 W, 100 %, 3812 MiB, 0x0000000000000000, Not Active, Not Active
2026/09/17 19:32:03.112, 61, 77.29 W, 97 %, 3812 MiB, 0x0000000000000004, Not Active, Not Active
2026/09/17 19:32:05.117, 62, 78.60 W, 96 %, 3812 MiB, 0x0000000000000004, Not Active, Not Active
2026/09/17 19:32:07.123, 63, 80.03 W, 95 %, 3812 MiB, 0x0000000000000004, Not Active, Not Active
2026/09/17 19:32:09.129, 64, 79.96 W, 96 %, 3812 MiB, 0x0000000000000004, Not Active, Not Active
2026/09/17 19:32:11.137, 64, 79.95 W, 96 %, 3812 MiB, 0x0000000000000004, Not Active, Not Active
2026/09/17 19:32:13.143, 65, 80.31 W, 96 %, 3812 MiB, 0x0000000000000004, Not Active, Not Active
2026/09/17 19:32:15.152, 63, 53.77 W, 78 %, 3812 MiB, 0x0000000000000000, Not Active, Not Active
2026/09/17 19:32:17.188, 65, 79.86 W, 97 %, 3812 MiB, 0x0000000000000004, Not Active, Not Active
2026/09/17 19:32:19.194, 66, 79.75 W, 96 %, 3812 MiB, 0x0000000000000004, Not Active, Not Active
2026/09/17 19:32:21.200, 66, 80.57 W, 95 %, 3812 MiB, 0x0000000000000004, Not Active, Not Active
2026/09/17 19:32:23.208, 66, 79.90 W, 95 %, 3812 MiB, 0x0000000000000004, Not Active, Not Active
2026/09/17 19:32:25.213, 64, 53.35 W, 95 %, 3812 MiB, 0x0000000000000000, Not Active, Not Active
2026/09/17 19:32:27.249, 64, 53.31 W, 100 %, 3812 MiB, 0x0000000000000000, Not Active, Not Active
2026/09/17 19:32:29.282, 67, 79.35 W, 96 %, 3812 MiB, 0x0000000000000004, Not Active, Not Active
2026/09/17 19:32:31.288, 67, 79.89 W, 96 %, 3812 MiB, 0x0000000000000004, Not Active, Not Active
2026/09/17 19:32:33.296, 67, 80.00 W, 96 %, 3812 MiB, 0x0000000000000004, Not Active, Not Active
2026/09/17 19:32:35.304, 68, 79.37 W, 94 %, 3812 MiB, 0x0000000000000004, Not Active, Not Active
2026/09/17 19:32:37.310, 65, 53.48 W, 78 %, 3818 MiB, 0x0000000000000000, Not Active, Not Active
2026/09/17 19:32:39.346, 65, 53.76 W, 100 %, 3818 MiB, 0x0000000000000000, Not Active, Not Active
2026/09/17 19:32:41.382, 68, 79.53 W, 98 %, 3818 MiB, 0x0000000000000004, Not Active, Not Active
2026/09/17 19:32:43.397, 68, 78.99 W, 96 %, 3818 MiB, 0x0000000000000004, Not Active, Not Active
2026/09/17 19:32:45.408, 69, 77.22 W, 96 %, 3818 MiB, 0x0000000000000004, Not Active, Not Active
2026/09/17 19:32:47.414, 69, 79.46 W, 95 %, 3818 MiB, 0x0000000000000004, Not Active, Not Active
2026/09/17 19:32:49.420, 69, 79.54 W, 95 %, 3818 MiB, 0x0000000000000004, Not Active, Not Active
2026/09/17 19:32:51.426, 69, 78.22 W, 96 %, 3818 MiB, 0x0000000000000004, Not Active, Not Active
2026/09/17 19:32:53.432, 66, 54.45 W, 91 %, 3818 MiB, 0x0000000000000000, Not Active, Not Active
2026/09/17 19:32:55.467, 69, 78.56 W, 95 %, 3818 MiB, 0x0000000000000004, Not Active, Not Active
2026/09/17 19:32:57.473, 69, 79.12 W, 95 %, 3818 MiB, 0x0000000000000004, Not Active, Not Active
2026/09/17 19:32:59.480, 69, 80.53 W, 96 %, 3818 MiB, 0x0000000000000004, Not Active, Not Active
2026/09/17 19:33:01.486, 67, 54.56 W, 95 %, 3818 MiB, 0x0000000000000000, Not Active, Not Active
2026/09/17 19:33:03.522, 67, 54.19 W, 100 %, 3818 MiB, 0x0000000000000000, Not Active, Not Active
2026/09/17 19:33:05.559, 69, 80.24 W, 98 %, 3818 MiB, 0x0000000000000004, Not Active, Not Active
2026/09/17 19:33:07.569, 70, 79.54 W, 95 %, 3818 MiB, 0x0000000000000004, Not Active, Not Active
2026/09/17 19:33:09.575, 70, 79.95 W, 95 %, 3818 MiB, 0x0000000000000004, Not Active, Not Active
2026/09/17 19:33:11.580, 70, 79.42 W, 96 %, 3818 MiB, 0x0000000000000004, Not Active, Not Active
2026/09/17 19:33:13.588, 67, 54.12 W, 80 %, 3818 MiB, 0x0000000000000000, Not Active, Not Active
2026/09/17 19:33:15.625, 67, 54.01 W, 100 %, 3818 MiB, 0x0000000000000000, Not Active, Not Active
2026/09/17 19:33:17.662, 70, 79.96 W, 96 %, 3818 MiB, 0x0000000000000004, Not Active, Not Active
2026/09/17 19:33:19.667, 70, 80.18 W, 96 %, 3818 MiB, 0x0000000000000004, Not Active, Not Active
2026/09/17 19:33:21.676, 70, 79.60 W, 96 %, 3818 MiB, 0x0000000000000004, Not Active, Not Active
2026/09/17 19:33:23.683, 70, 79.47 W, 96 %, 3818 MiB, 0x0000000000000004, Not Active, Not Active
2026/09/17 19:33:25.688, 70, 79.49 W, 96 %, 3818 MiB, 0x0000000000000004, Not Active, Not Active
2026/09/17 19:33:27.694, 71, 78.69 W, 96 %, 3818 MiB, 0x0000000000000004, Not Active, Not Active
2026/09/17 19:33:29.700, 68, 53.80 W, 77 %, 3818 MiB, 0x0000000000000000, Not Active, Not Active
2026/09/17 19:33:31.736, 70, 79.92 W, 98 %, 3818 MiB, 0x0000000000000004, Not Active, Not Active
2026/09/17 19:33:33.742, 71, 78.64 W, 96 %, 3818 MiB, 0x0000000000000004, Not Active, Not Active
2026/09/17 19:33:35.751, 71, 79.63 W, 95 %, 3818 MiB, 0x0000000000000004, Not Active, Not Active
2026/09/17 19:33:37.757, 71, 79.74 W, 95 %, 3818 MiB, 0x0000000000000004, Not Active, Not Active
2026/09/17 19:33:39.763, 68, 53.86 W, 82 %, 3818 MiB, 0x0000000000000000, Not Active, Not Active
2026/09/17 19:33:41.799, 68, 54.33 W, 100 %, 3818 MiB, 0x0000000000000000, Not Active, Not Active
2026/09/17 19:33:43.837, 71, 79.07 W, 95 %, 3818 MiB, 0x0000000000000004, Not Active, Not Active
2026/09/17 19:33:45.844, 71, 79.19 W, 96 %, 3818 MiB, 0x0000000000000004, Not Active, Not Active
2026/09/17 19:33:47.850, 71, 78.50 W, 96 %, 3818 MiB, 0x0000000000000004, Not Active, Not Active
2026/09/17 19:33:49.856, 71, 79.95 W, 95 %, 3818 MiB, 0x0000000000000004, Not Active, Not Active
2026/09/17 19:33:51.862, 69, 54.51 W, 100 %, 3818 MiB, 0x0000000000000000, Not Active, Not Active
2026/09/17 19:33:53.895, 68, 54.10 W, 100 %, 3818 MiB, 0x0000000000000000, Not Active, Not Active
2026/09/17 19:33:55.932, 68, 53.97 W, 100 %, 3818 MiB, 0x0000000000000000, Not Active, Not Active
2026/09/17 19:33:57.967, 68, 53.70 W, 100 %, 3818 MiB, 0x0000000000000000, Not Active, Not Active
2026/09/17 19:34:00.004, 68, 53.00 W, 100 %, 3818 MiB, 0x0000000000000000, Not Active, Not Active
2026/09/17 19:34:02.039, 68, 52.80 W, 100 %, 3818 MiB, 0x0000000000000000, Not Active, Not Active
2026/09/17 19:34:04.077, 68, 52.77 W, 100 %, 3820 MiB, 0x0000000000000000, Not Active, Not Active
2026/09/17 19:34:06.112, 70, 78.24 W, 96 %, 3820 MiB, 0x0000000000000004, Not Active, Not Active
2026/09/17 19:34:08.117, 71, 79.91 W, 96 %, 3820 MiB, 0x0000000000000004, Not Active, Not Active
2026/09/17 19:34:10.126, 71, 79.95 W, 96 %, 3820 MiB, 0x0000000000000004, Not Active, Not Active
2026/09/17 19:34:12.132, 71, 79.68 W, 95 %, 3820 MiB, 0x0000000000000004, Not Active, Not Active
2026/09/17 19:34:14.140, 71, 80.39 W, 96 %, 3820 MiB, 0x0000000000000004, Not Active, Not Active
2026/09/17 19:34:16.148, 71, 79.25 W, 97 %, 3820 MiB, 0x0000000000000004, Not Active, Not Active
2026/09/17 19:34:18.154, 72, 79.64 W, 95 %, 3820 MiB, 0x0000000000000004, Not Active, Not Active
2026/09/17 19:34:20.164, 72, 78.53 W, 97 %, 3820 MiB, 0x0000000000000004, Not Active, Not Active
2026/09/17 19:34:22.170, 72, 79.66 W, 96 %, 3820 MiB, 0x0000000000000004, Not Active, Not Active
2026/09/17 19:34:24.176, 69, 54.32 W, 94 %, 3820 MiB, 0x0000000000000000, Not Active, Not Active
2026/09/17 19:34:26.213, 69, 53.73 W, 100 %, 3820 MiB, 0x0000000000000000, Not Active, Not Active
2026/09/17 19:34:28.250, 68, 53.37 W, 100 %, 3820 MiB, 0x0000000000000000, Not Active, Not Active
2026/09/17 19:34:30.285, 68, 52.99 W, 100 %, 3820 MiB, 0x0000000000000000, Not Active, Not Active
2026/09/17 19:34:32.323, 71, 79.03 W, 96 %, 3820 MiB, 0x0000000000000004, Not Active, Not Active
2026/09/17 19:34:34.329, 71, 79.44 W, 96 %, 3820 MiB, 0x0000000000000004, Not Active, Not Active
2026/09/17 19:34:36.335, 71, 79.84 W, 96 %, 3820 MiB, 0x0000000000000004, Not Active, Not Active
2026/09/17 19:34:38.343, 72, 79.48 W, 96 %, 3820 MiB, 0x0000000000000004, Not Active, Not Active
2026/09/17 19:34:40.350, 72, 80.38 W, 96 %, 3820 MiB, 0x0000000000000004, Not Active, Not Active
2026/09/17 19:34:42.356, 72, 78.04 W, 96 %, 3820 MiB, 0x0000000000000004, Not Active, Not Active
2026/09/17 19:34:44.362, 72, 78.92 W, 96 %, 3820 MiB, 0x0000000000000004, Not Active, Not Active
2026/09/17 19:34:46.367, 72, 80.74 W, 96 %, 3820 MiB, 0x0000000000000004, Not Active, Not Active
2026/09/17 19:34:48.373, 72, 80.36 W, 96 %, 3820 MiB, 0x0000000000000004, Not Active, Not Active
2026/09/17 19:34:50.381, 70, 54.41 W, 94 %, 3820 MiB, 0x0000000000000000, Not Active, Not Active
2026/09/17 19:34:52.420, 69, 53.70 W, 100 %, 3820 MiB, 0x0000000000000000, Not Active, Not Active
2026/09/17 19:34:54.454, 69, 53.48 W, 100 %, 3820 MiB, 0x0000000000000000, Not Active, Not Active
2026/09/17 19:34:56.491, 69, 53.45 W, 100 %, 3820 MiB, 0x0000000000000000, Not Active, Not Active
2026/09/17 19:34:58.527, 71, 78.89 W, 96 %, 3820 MiB, 0x0000000000000004, Not Active, Not Active
2026/09/17 19:35:00.533, 72, 79.95 W, 96 %, 3820 MiB, 0x0000000000000004, Not Active, Not Active
2026/09/17 19:35:02.538, 72, 79.18 W, 95 %, 3820 MiB, 0x0000000000000004, Not Active, Not Active
2026/09/17 19:35:04.544, 72, 79.14 W, 96 %, 3820 MiB, 0x0000000000000004, Not Active, Not Active
2026/09/17 19:35:06.550, 72, 78.88 W, 96 %, 3820 MiB, 0x0000000000000004, Not Active, Not Active
2026/09/17 19:35:08.556, 72, 79.86 W, 95 %, 3820 MiB, 0x0000000000000004, Not Active, Not Active
2026/09/17 19:35:10.563, 72, 79.40 W, 97 %, 3820 MiB, 0x0000000000000004, Not Active, Not Active
2026/09/17 19:35:12.569, 73, 80.19 W, 96 %, 3820 MiB, 0x0000000000000004, Not Active, Not Active
2026/09/17 19:35:14.577, 72, 80.01 W, 96 %, 3820 MiB, 0x0000000000000004, Not Active, Not Active
2026/09/17 19:35:16.583, 73, 79.69 W, 96 %, 3820 MiB, 0x0000000000000004, Not Active, Not Active
2026/09/17 19:35:18.589, 70, 54.62 W, 100 %, 3820 MiB, 0x0000000000000000, Not Active, Not Active
2026/09/17 19:35:20.624, 70, 53.85 W, 100 %, 3820 MiB, 0x0000000000000000, Not Active, Not Active
2026/09/17 19:35:22.660, 69, 54.55 W, 100 %, 3820 MiB, 0x0000000000000000, Not Active, Not Active
2026/09/17 19:35:24.694, 69, 53.32 W, 100 %, 3820 MiB, 0x0000000000000000, Not Active, Not Active
2026/09/17 19:35:26.728, 72, 80.19 W, 95 %, 3820 MiB, 0x0000000000000004, Not Active, Not Active
2026/09/17 19:35:28.734, 72, 80.22 W, 96 %, 3820 MiB, 0x0000000000000004, Not Active, Not Active
2026/09/17 19:35:30.740, 72, 79.57 W, 96 %, 3820 MiB, 0x0000000000000004, Not Active, Not Active
2026/09/17 19:35:32.745, 72, 80.16 W, 96 %, 3820 MiB, 0x0000000000000004, Not Active, Not Active
2026/09/17 19:35:34.751, 72, 79.62 W, 96 %, 3820 MiB, 0x0000000000000004, Not Active, Not Active
2026/09/17 19:35:36.757, 73, 79.34 W, 95 %, 3820 MiB, 0x0000000000000004, Not Active, Not Active
2026/09/17 19:35:38.763, 73, 79.15 W, 96 %, 3820 MiB, 0x0000000000000004, Not Active, Not Active
2026/09/17 19:35:40.770, 73, 79.32 W, 97 %, 3820 MiB, 0x0000000000000004, Not Active, Not Active
2026/09/17 19:35:42.776, 73, 80.20 W, 96 %, 3820 MiB, 0x0000000000000004, Not Active, Not Active
2026/09/17 19:35:44.782, 73, 79.05 W, 97 %, 3820 MiB, 0x0000000000000004, Not Active, Not Active
2026/09/17 19:35:46.788, 71, 54.42 W, 94 %, 3820 MiB, 0x0000000000000000, Not Active, Not Active
2026/09/17 19:35:48.823, 70, 54.33 W, 100 %, 3820 MiB, 0x0000000000000000, Not Active, Not Active
2026/09/17 19:35:50.858, 70, 53.99 W, 100 %, 3820 MiB, 0x0000000000000000, Not Active, Not Active
2026/09/17 19:35:52.892, 70, 54.35 W, 100 %, 3820 MiB, 0x0000000000000000, Not Active, Not Active
2026/09/17 19:35:54.932, 69, 53.98 W, 100 %, 3820 MiB, 0x0000000000000000, Not Active, Not Active
2026/09/17 19:35:56.966, 69, 53.73 W, 100 %, 3820 MiB, 0x0000000000000000, Not Active, Not Active
2026/09/17 19:35:59.000, 69, 53.39 W, 100 %, 3820 MiB, 0x0000000000000000, Not Active, Not Active
2026/09/17 19:36:01.036, 69, 53.24 W, 100 %, 3820 MiB, 0x0000000000000000, Not Active, Not Active
2026/09/17 19:36:03.072, 69, 75.55 W, 100 %, 3820 MiB, 0x0000000000000004, Not Active, Not Active
2026/09/17 19:36:05.080, 72, 79.08 W, 97 %, 3820 MiB, 0x0000000000000004, Not Active, Not Active
2026/09/17 19:36:07.085, 72, 80.25 W, 97 %, 3820 MiB, 0x0000000000000004, Not Active, Not Active
2026/09/17 19:36:09.091, 72, 79.50 W, 96 %, 3820 MiB, 0x0000000000000004, Not Active, Not Active
2026/09/17 19:36:11.098, 72, 79.80 W, 96 %, 3820 MiB, 0x0000000000000004, Not Active, Not Active
2026/09/17 19:36:13.103, 73, 78.15 W, 96 %, 3820 MiB, 0x0000000000000004, Not Active, Not Active
2026/09/17 19:36:15.109, 72, 80.90 W, 97 %, 3820 MiB, 0x0000000000000004, Not Active, Not Active
2026/09/17 19:36:17.114, 73, 78.70 W, 96 %, 3820 MiB, 0x0000000000000004, Not Active, Not Active
2026/09/17 19:36:19.122, 73, 78.53 W, 96 %, 3820 MiB, 0x0000000000000004, Not Active, Not Active
2026/09/17 19:36:21.128, 73, 80.01 W, 96 %, 3820 MiB, 0x0000000000000004, Not Active, Not Active
2026/09/17 19:36:23.133, 70, 53.94 W, 95 %, 3820 MiB, 0x0000000000000000, Not Active, Not Active
2026/09/17 19:36:25.169, 70, 53.85 W, 100 %, 3820 MiB, 0x0000000000000000, Not Active, Not Active
2026/09/17 19:36:27.206, 70, 53.65 W, 100 %, 3820 MiB, 0x0000000000000000, Not Active, Not Active
2026/09/17 19:36:29.241, 72, 80.96 W, 96 %, 3820 MiB, 0x0000000000000004, Not Active, Not Active
2026/09/17 19:36:31.247, 72, 79.65 W, 96 %, 3820 MiB, 0x0000000000000004, Not Active, Not Active
2026/09/17 19:36:33.254, 72, 78.81 W, 96 %, 3820 MiB, 0x0000000000000004, Not Active, Not Active
2026/09/17 19:36:35.260, 73, 78.47 W, 96 %, 3820 MiB, 0x0000000000000004, Not Active, Not Active
2026/09/17 19:36:37.265, 73, 79.41 W, 97 %, 3820 MiB, 0x0000000000000004, Not Active, Not Active
2026/09/17 19:36:39.271, 73, 80.23 W, 96 %, 3820 MiB, 0x0000000000000004, Not Active, Not Active
2026/09/17 19:36:41.277, 73, 78.69 W, 96 %, 3820 MiB, 0x0000000000000004, Not Active, Not Active
2026/09/17 19:36:43.286, 73, 78.26 W, 96 %, 3820 MiB, 0x0000000000000004, Not Active, Not Active
2026/09/17 19:36:45.291, 73, 79.64 W, 96 %, 3820 MiB, 0x0000000000000004, Not Active, Not Active
2026/09/17 19:36:47.297, 71, 54.49 W, 95 %, 3820 MiB, 0x0000000000000000, Not Active, Not Active
2026/09/17 19:36:49.331, 70, 54.74 W, 100 %, 3820 MiB, 0x0000000000000000, Not Active, Not Active
2026/09/17 19:36:51.365, 70, 54.37 W, 100 %, 3820 MiB, 0x0000000000000000, Not Active, Not Active
2026/09/17 19:36:53.402, 70, 53.80 W, 100 %, 3820 MiB, 0x0000000000000000, Not Active, Not Active
2026/09/17 19:36:55.440, 72, 78.84 W, 98 %, 3820 MiB, 0x0000000000000004, Not Active, Not Active
2026/09/17 19:36:57.445, 73, 79.74 W, 96 %, 3820 MiB, 0x0000000000000004, Not Active, Not Active
2026/09/17 19:36:59.453, 73, 78.31 W, 96 %, 3820 MiB, 0x0000000000000004, Not Active, Not Active
2026/09/17 19:37:01.459, 73, 78.51 W, 96 %, 3820 MiB, 0x0000000000000004, Not Active, Not Active
2026/09/17 19:37:03.465, 73, 79.11 W, 95 %, 3820 MiB, 0x0000000000000004, Not Active, Not Active
2026/09/17 19:37:05.471, 73, 80.87 W, 97 %, 3820 MiB, 0x0000000000000004, Not Active, Not Active
2026/09/17 19:37:07.476, 73, 80.04 W, 97 %, 3820 MiB, 0x0000000000000004, Not Active, Not Active
2026/09/17 19:37:09.482, 73, 79.67 W, 96 %, 3820 MiB, 0x0000000000000004, Not Active, Not Active
2026/09/17 19:37:11.488, 74, 81.29 W, 97 %, 3820 MiB, 0x0000000000000004, Not Active, Not Active
2026/09/17 19:37:13.494, 71, 54.89 W, 100 %, 3820 MiB, 0x0000000000000000, Not Active, Not Active
2026/09/17 19:37:15.528, 70, 54.65 W, 100 %, 3820 MiB, 0x0000000000000000, Not Active, Not Active
2026/09/17 19:37:17.567, 70, 53.88 W, 100 %, 3820 MiB, 0x0000000000000000, Not Active, Not Active
2026/09/17 19:37:19.602, 70, 53.92 W, 100 %, 3820 MiB, 0x0000000000000000, Not Active, Not Active
2026/09/17 19:37:21.643, 73, 77.96 W, 96 %, 3820 MiB, 0x0000000000000004, Not Active, Not Active
2026/09/17 19:37:23.650, 73, 79.58 W, 97 %, 3820 MiB, 0x0000000000000004, Not Active, Not Active
2026/09/17 19:37:25.655, 73, 79.89 W, 95 %, 3820 MiB, 0x0000000000000004, Not Active, Not Active
2026/09/17 19:37:27.663, 73, 80.20 W, 97 %, 3820 MiB, 0x0000000000000004, Not Active, Not Active
2026/09/17 19:37:29.668, 73, 80.89 W, 96 %, 3820 MiB, 0x0000000000000004, Not Active, Not Active
2026/09/17 19:37:31.674, 74, 78.75 W, 95 %, 3820 MiB, 0x0000000000000004, Not Active, Not Active
2026/09/17 19:37:33.680, 73, 80.04 W, 96 %, 3820 MiB, 0x0000000000000004, Not Active, Not Active
2026/09/17 19:37:35.685, 73, 79.50 W, 96 %, 3820 MiB, 0x0000000000000004, Not Active, Not Active
2026/09/17 19:37:37.696, 74, 79.28 W, 96 %, 3820 MiB, 0x0000000000000004, Not Active, Not Active
2026/09/17 19:37:39.701, 71, 54.54 W, 93 %, 3820 MiB, 0x0000000000000000, Not Active, Not Active
2026/09/17 19:37:41.736, 71, 54.58 W, 100 %, 3820 MiB, 0x0000000000000000, Not Active, Not Active
2026/09/17 19:37:43.772, 71, 54.75 W, 100 %, 3820 MiB, 0x0000000000000000, Not Active, Not Active
2026/09/17 19:37:45.808, 70, 53.99 W, 100 %, 3820 MiB, 0x0000000000000000, Not Active, Not Active
2026/09/17 19:37:47.846, 72, 79.64 W, 100 %, 3820 MiB, 0x0000000000000004, Not Active, Not Active
2026/09/17 19:37:49.855, 73, 79.57 W, 96 %, 3820 MiB, 0x0000000000000004, Not Active, Not Active
2026/09/17 19:37:51.861, 73, 80.28 W, 97 %, 3820 MiB, 0x0000000000000004, Not Active, Not Active
2026/09/17 19:37:53.866, 73, 79.71 W, 96 %, 3820 MiB, 0x0000000000000004, Not Active, Not Active
2026/09/17 19:37:55.874, 73, 79.44 W, 96 %, 3820 MiB, 0x0000000000000004, Not Active, Not Active
2026/09/17 19:37:57.879, 74, 79.59 W, 96 %, 3820 MiB, 0x0000000000000004, Not Active, Not Active
2026/09/17 19:37:59.887, 73, 79.03 W, 95 %, 3820 MiB, 0x0000000000000004, Not Active, Not Active
2026/09/17 19:38:01.893, 74, 80.23 W, 96 %, 3820 MiB, 0x0000000000000004, Not Active, Not Active
2026/09/17 19:38:03.899, 74, 79.48 W, 96 %, 3820 MiB, 0x0000000000000004, Not Active, Not Active
2026/09/17 19:38:05.904, 74, 79.47 W, 96 %, 3820 MiB, 0x0000000000000004, Not Active, Not Active
2026/09/17 19:38:07.910, 72, 54.96 W, 94 %, 3820 MiB, 0x0000000000000000, Not Active, Not Active
2026/09/17 19:38:09.947, 71, 54.61 W, 100 %, 3820 MiB, 0x0000000000000000, Not Active, Not Active
2026/09/17 19:38:11.982, 71, 54.67 W, 100 %, 3820 MiB, 0x0000000000000000, Not Active, Not Active
2026/09/17 19:38:14.019, 71, 54.13 W, 100 %, 3820 MiB, 0x0000000000000000, Not Active, Not Active
2026/09/17 19:38:16.054, 70, 54.09 W, 100 %, 3820 MiB, 0x0000000000000000, Not Active, Not Active
2026/09/17 19:38:18.091, 70, 54.10 W, 100 %, 3820 MiB, 0x0000000000000000, Not Active, Not Active
2026/09/17 19:38:20.126, 70, 53.33 W, 100 %, 3820 MiB, 0x0000000000000000, Not Active, Not Active
2026/09/17 19:38:22.163, 70, 53.46 W, 100 %, 3820 MiB, 0x0000000000000000, Not Active, Not Active
2026/09/17 19:38:24.199, 72, 78.92 W, 100 %, 3820 MiB, 0x0000000000000004, Not Active, Not Active
2026/09/17 19:38:26.204, 73, 80.31 W, 97 %, 3820 MiB, 0x0000000000000004, Not Active, Not Active
2026/09/17 19:38:28.210, 73, 79.86 W, 96 %, 3820 MiB, 0x0000000000000004, Not Active, Not Active
2026/09/17 19:38:30.216, 73, 79.46 W, 96 %, 3820 MiB, 0x0000000000000004, Not Active, Not Active
2026/09/17 19:38:32.222, 73, 79.41 W, 97 %, 3820 MiB, 0x0000000000000004, Not Active, Not Active
2026/09/17 19:38:34.230, 73, 79.73 W, 96 %, 3820 MiB, 0x0000000000000004, Not Active, Not Active
2026/09/17 19:38:36.237, 73, 78.53 W, 97 %, 3820 MiB, 0x0000000000000004, Not Active, Not Active
2026/09/17 19:38:38.243, 73, 79.47 W, 97 %, 3820 MiB, 0x0000000000000004, Not Active, Not Active
2026/09/17 19:38:40.248, 74, 80.27 W, 96 %, 3820 MiB, 0x0000000000000004, Not Active, Not Active
2026/09/17 19:38:42.255, 68, 34.76 W, 7 %, 176 MiB, 0x0000000000000000, Not Active, Not Active
2026/09/17 19:38:44.290, 67, 44.49 W, 18 %, 3174 MiB, 0x0000000000000004, Not Active, Not Active
2026/09/17 19:38:46.299, 67, 31.30 W, 0 %, 3174 MiB, 0x0000000000000000, Not Active, Not Active
2026/09/17 19:38:48.338, 69, 55.01 W, 54 %, 3180 MiB, 0x0000000000000000, Not Active, Not Active
2026/09/17 19:38:50.372, 69, 55.22 W, 100 %, 3180 MiB, 0x0000000000000000, Not Active, Not Active
2026/09/17 19:38:52.406, 72, 79.67 W, 96 %, 3180 MiB, 0x0000000000000004, Not Active, Not Active
2026/09/17 19:38:54.413, 72, 80.09 W, 96 %, 3180 MiB, 0x0000000000000004, Not Active, Not Active
2026/09/17 19:38:56.418, 72, 50.60 W, 96 %, 3180 MiB, 0x0000000000000004, Not Active, Not Active
2026/09/17 19:38:58.430, 72, 78.45 W, 93 %, 3180 MiB, 0x0000000000000004, Not Active, Not Active
2026/09/17 19:39:00.437, 72, 79.56 W, 96 %, 3180 MiB, 0x0000000000000004, Not Active, Not Active
2026/09/17 19:39:02.442, 73, 78.91 W, 94 %, 3180 MiB, 0x0000000000000004, Not Active, Not Active
2026/09/17 19:39:04.448, 73, 79.44 W, 96 %, 3180 MiB, 0x0000000000000004, Not Active, Not Active
2026/09/17 19:39:06.454, 71, 54.93 W, 97 %, 3180 MiB, 0x0000000000000000, Not Active, Not Active
2026/09/17 19:39:08.489, 73, 78.65 W, 95 %, 3180 MiB, 0x0000000000000004, Not Active, Not Active
2026/09/17 19:39:10.494, 73, 79.27 W, 95 %, 3180 MiB, 0x0000000000000004, Not Active, Not Active
2026/09/17 19:39:12.500, 73, 78.38 W, 95 %, 3180 MiB, 0x0000000000000004, Not Active, Not Active
2026/09/17 19:39:14.506, 73, 79.37 W, 94 %, 3180 MiB, 0x0000000000000004, Not Active, Not Active
2026/09/17 19:39:16.512, 71, 55.32 W, 95 %, 3182 MiB, 0x0000000000000000, Not Active, Not Active
2026/09/17 19:39:18.547, 71, 54.88 W, 92 %, 3182 MiB, 0x0000000000000000, Not Active, Not Active
2026/09/17 19:39:20.582, 73, 79.70 W, 98 %, 3182 MiB, 0x0000000000000004, Not Active, Not Active
2026/09/17 19:39:22.587, 72, 79.61 W, 100 %, 3182 MiB, 0x0000000000000004, Not Active, Not Active
2026/09/17 19:39:24.593, 71, 55.44 W, 96 %, 3182 MiB, 0x0000000000000000, Not Active, Not Active
2026/09/17 19:39:26.629, 73, 79.71 W, 96 %, 3182 MiB, 0x0000000000000004, Not Active, Not Active
2026/09/17 19:39:28.637, 73, 78.69 W, 95 %, 3182 MiB, 0x0000000000000004, Not Active, Not Active
2026/09/17 19:39:30.648, 73, 79.91 W, 96 %, 3182 MiB, 0x0000000000000004, Not Active, Not Active
2026/09/17 19:39:32.655, 73, 78.98 W, 95 %, 3182 MiB, 0x0000000000000004, Not Active, Not Active
2026/09/17 19:39:34.661, 72, 79.18 W, 94 %, 3182 MiB, 0x0000000000000004, Not Active, Not Active
2026/09/17 19:39:36.667, 71, 54.87 W, 92 %, 3182 MiB, 0x0000000000000000, Not Active, Not Active
2026/09/17 19:39:38.702, 71, 55.79 W, 95 %, 3182 MiB, 0x0000000000000004, Not Active, Not Active
2026/09/17 19:39:40.731, 73, 79.53 W, 93 %, 3182 MiB, 0x0000000000000004, Not Active, Not Active
2026/09/17 19:39:42.739, 73, 77.70 W, 94 %, 3182 MiB, 0x0000000000000004, Not Active, Not Active
2026/09/17 19:39:44.745, 73, 79.38 W, 95 %, 3182 MiB, 0x0000000000000004, Not Active, Not Active
2026/09/17 19:39:46.751, 73, 76.21 W, 95 %, 3182 MiB, 0x0000000000000004, Not Active, Not Active
2026/09/17 19:39:48.756, 71, 54.85 W, 97 %, 3182 MiB, 0x0000000000000000, Not Active, Not Active
2026/09/17 19:39:50.789, 73, 78.82 W, 99 %, 3182 MiB, 0x0000000000000004, Not Active, Not Active
2026/09/17 19:39:52.794, 71, 79.43 W, 100 %, 3182 MiB, 0x0000000000000004, Not Active, Not Active
2026/09/17 19:39:54.800, 71, 55.12 W, 93 %, 3182 MiB, 0x0000000000000000, Not Active, Not Active
2026/09/17 19:39:56.837, 73, 79.82 W, 97 %, 3182 MiB, 0x0000000000000004, Not Active, Not Active
2026/09/17 19:39:58.841, 73, 55.53 W, 98 %, 3182 MiB, 0x0000000000000004, Not Active, Not Active
2026/09/17 19:40:00.850, 71, 79.57 W, 93 %, 3182 MiB, 0x0000000000000004, Not Active, Not Active
2026/09/17 19:40:02.856, 71, 55.48 W, 95 %, 3182 MiB, 0x0000000000000000, Not Active, Not Active
2026/09/17 19:40:04.892, 73, 79.14 W, 96 %, 3182 MiB, 0x0000000000000004, Not Active, Not Active
2026/09/17 19:40:06.901, 73, 79.43 W, 95 %, 3182 MiB, 0x0000000000000004, Not Active, Not Active
2026/09/17 19:40:08.907, 73, 80.10 W, 96 %, 3182 MiB, 0x0000000000000004, Not Active, Not Active
2026/09/17 19:40:10.912, 73, 79.59 W, 83 %, 3182 MiB, 0x0000000000000004, Not Active, Not Active
2026/09/17 19:40:12.918, 71, 55.78 W, 87 %, 3182 MiB, 0x0000000000000000, Not Active, Not Active
2026/09/17 19:40:14.957, 71, 55.29 W, 100 %, 3182 MiB, 0x0000000000000000, Not Active, Not Active
2026/09/17 19:40:16.991, 73, 79.09 W, 95 %, 3182 MiB, 0x0000000000000004, Not Active, Not Active
2026/09/17 19:40:18.997, 71, 55.35 W, 83 %, 3182 MiB, 0x0000000000000000, Not Active, Not Active
2026/09/17 19:40:21.032, 73, 77.90 W, 95 %, 3182 MiB, 0x0000000000000004, Not Active, Not Active
2026/09/17 19:40:23.037, 71, 55.31 W, 95 %, 3182 MiB, 0x0000000000000000, Not Active, Not Active
2026/09/17 19:40:25.072, 73, 79.18 W, 100 %, 3182 MiB, 0x0000000000000004, Not Active, Not Active
2026/09/17 19:40:27.078, 73, 78.57 W, 84 %, 3182 MiB, 0x0000000000000004, Not Active, Not Active
2026/09/17 19:40:29.089, 72, 79.53 W, 95 %, 3182 MiB, 0x0000000000000004, Not Active, Not Active
2026/09/17 19:40:31.095, 73, 79.38 W, 96 %, 3182 MiB, 0x0000000000000004, Not Active, Not Active
2026/09/17 19:40:33.101, 74, 78.36 W, 95 %, 3182 MiB, 0x0000000000000004, Not Active, Not Active
2026/09/17 19:40:35.107, 71, 55.67 W, 100 %, 3182 MiB, 0x0000000000000000, Not Active, Not Active
2026/09/17 19:40:37.142, 71, 55.72 W, 100 %, 3182 MiB, 0x0000000000000000, Not Active, Not Active
2026/09/17 19:40:39.178, 71, 55.24 W, 100 %, 3182 MiB, 0x0000000000000000, Not Active, Not Active
2026/09/17 19:40:41.214, 72, 79.73 W, 100 %, 3182 MiB, 0x0000000000000004, Not Active, Not Active
2026/09/17 19:40:43.220, 71, 55.27 W, 96 %, 3182 MiB, 0x0000000000000000, Not Active, Not Active
2026/09/17 19:40:45.257, 70, 55.28 W, 100 %, 3182 MiB, 0x0000000000000000, Not Active, Not Active
2026/09/17 19:40:47.292, 70, 70.45 W, 99 %, 3182 MiB, 0x0000000000000004, Not Active, Not Active
2026/09/17 19:40:49.298, 73, 79.11 W, 95 %, 3182 MiB, 0x0000000000000004, Not Active, Not Active
2026/09/17 19:40:51.304, 73, 79.40 W, 96 %, 3182 MiB, 0x0000000000000004, Not Active, Not Active
2026/09/17 19:40:53.314, 73, 79.72 W, 96 %, 3182 MiB, 0x0000000000000004, Not Active, Not Active
2026/09/17 19:40:55.320, 71, 55.51 W, 74 %, 3182 MiB, 0x0000000000000000, Not Active, Not Active
2026/09/17 19:40:57.353, 71, 55.61 W, 100 %, 3182 MiB, 0x0000000000000000, Not Active, Not Active
2026/09/17 19:40:59.391, 70, 78.39 W, 99 %, 3182 MiB, 0x0000000000000004, Not Active, Not Active
2026/09/17 19:41:01.396, 73, 79.38 W, 96 %, 3182 MiB, 0x0000000000000004, Not Active, Not Active
2026/09/17 19:41:03.402, 73, 79.18 W, 96 %, 3182 MiB, 0x0000000000000004, Not Active, Not Active
2026/09/17 19:41:05.408, 73, 79.36 W, 96 %, 3182 MiB, 0x0000000000000004, Not Active, Not Active
2026/09/17 19:41:07.415, 69, 54.85 W, 72 %, 3182 MiB, 0x0000000000000000, Not Active, Not Active
2026/09/17 19:41:09.453, 71, 54.53 W, 100 %, 3182 MiB, 0x0000000000000000, Not Active, Not Active
2026/09/17 19:41:11.489, 70, 55.35 W, 100 %, 3182 MiB, 0x0000000000000004, Not Active, Not Active
2026/09/17 19:41:13.495, 73, 79.73 W, 95 %, 3182 MiB, 0x0000000000000004, Not Active, Not Active
2026/09/17 19:41:15.501, 73, 78.28 W, 96 %, 3182 MiB, 0x0000000000000004, Not Active, Not Active
2026/09/17 19:41:17.508, 71, 55.02 W, 100 %, 3182 MiB, 0x0000000000000000, Not Active, Not Active
2026/09/17 19:41:19.544, 70, 54.67 W, 100 %, 3182 MiB, 0x0000000000000000, Not Active, Not Active
2026/09/17 19:41:21.581, 70, 55.03 W, 100 %, 3182 MiB, 0x0000000000000000, Not Active, Not Active
2026/09/17 19:41:23.619, 70, 55.09 W, 100 %, 3182 MiB, 0x0000000000000000, Not Active, Not Active
2026/09/17 19:41:25.656, 72, 79.91 W, 98 %, 3182 MiB, 0x0000000000000004, Not Active, Not Active
2026/09/17 19:41:27.662, 70, 55.47 W, 81 %, 3182 MiB, 0x0000000000000000, Not Active, Not Active
2026/09/17 19:41:29.695, 70, 55.22 W, 100 %, 3182 MiB, 0x0000000000000000, Not Active, Not Active
2026/09/17 19:41:31.733, 72, 79.26 W, 95 %, 3182 MiB, 0x0000000000000004, Not Active, Not Active
2026/09/17 19:41:33.742, 73, 79.35 W, 96 %, 3182 MiB, 0x0000000000000004, Not Active, Not Active
2026/09/17 19:41:35.748, 73, 79.99 W, 96 %, 3182 MiB, 0x0000000000000004, Not Active, Not Active
2026/09/17 19:41:37.754, 70, 55.02 W, 97 %, 3182 MiB, 0x0000000000000000, Not Active, Not Active
2026/09/17 19:41:39.789, 70, 54.84 W, 100 %, 3182 MiB, 0x0000000000000000, Not Active, Not Active
2026/09/17 19:41:41.824, 72, 79.33 W, 98 %, 3182 MiB, 0x0000000000000004, Not Active, Not Active
2026/09/17 19:41:43.830, 73, 79.20 W, 96 %, 3182 MiB, 0x0000000000000004, Not Active, Not Active
2026/09/17 19:41:45.836, 73, 79.48 W, 96 %, 3182 MiB, 0x0000000000000004, Not Active, Not Active
2026/09/17 19:41:47.845, 73, 79.66 W, 95 %, 3182 MiB, 0x0000000000000004, Not Active, Not Active
2026/09/17 19:41:49.851, 70, 55.23 W, 100 %, 3182 MiB, 0x0000000000000000, Not Active, Not Active
2026/09/17 19:41:51.886, 70, 55.13 W, 100 %, 3182 MiB, 0x0000000000000000, Not Active, Not Active
2026/09/17 19:41:53.921, 72, 80.52 W, 95 %, 3182 MiB, 0x0000000000000004, Not Active, Not Active
2026/09/17 19:41:55.927, 73, 79.34 W, 96 %, 3182 MiB, 0x0000000000000004, Not Active, Not Active
2026/09/17 19:41:57.932, 73, 78.99 W, 96 %, 3182 MiB, 0x0000000000000004, Not Active, Not Active
2026/09/17 19:41:59.938, 73, 78.52 W, 96 %, 3182 MiB, 0x0000000000000004, Not Active, Not Active
2026/09/17 19:42:01.948, 70, 55.05 W, 100 %, 3182 MiB, 0x0000000000000000, Not Active, Not Active
2026/09/17 19:42:03.983, 70, 54.69 W, 100 %, 3182 MiB, 0x0000000000000000, Not Active, Not Active
2026/09/17 19:42:06.018, 72, 77.93 W, 97 %, 3182 MiB, 0x0000000000000004, Not Active, Not Active
2026/09/17 19:42:08.024, 73, 79.17 W, 96 %, 3182 MiB, 0x0000000000000004, Not Active, Not Active
2026/09/17 19:42:10.029, 73, 78.59 W, 96 %, 3182 MiB, 0x0000000000000004, Not Active, Not Active
2026/09/17 19:42:12.035, 71, 55.02 W, 77 %, 3182 MiB, 0x0000000000000000, Not Active, Not Active
2026/09/17 19:42:14.070, 71, 55.03 W, 100 %, 3182 MiB, 0x0000000000000000, Not Active, Not Active
2026/09/17 19:42:16.108, 70, 55.20 W, 100 %, 3182 MiB, 0x0000000000000000, Not Active, Not Active
2026/09/17 19:42:18.142, 70, 54.43 W, 100 %, 3182 MiB, 0x0000000000000000, Not Active, Not Active
2026/09/17 19:42:20.178, 70, 55.29 W, 100 %, 3182 MiB, 0x0000000000000000, Not Active, Not Active
2026/09/17 19:42:22.212, 73, 78.99 W, 95 %, 3182 MiB, 0x0000000000000004, Not Active, Not Active
2026/09/17 19:42:24.217, 73, 80.06 W, 96 %, 3182 MiB, 0x0000000000000004, Not Active, Not Active
2026/09/17 19:42:26.224, 73, 79.50 W, 96 %, 3182 MiB, 0x0000000000000004, Not Active, Not Active
2026/09/17 19:42:28.230, 73, 80.04 W, 96 %, 3182 MiB, 0x0000000000000004, Not Active, Not Active
2026/09/17 19:42:30.237, 69, 40.23 W, 78 %, 103 MiB, 0x0000000000000000, Not Active, Not Active
2026/09/17 19:42:32.275, 66, 27.97 W, 0 %, 3120 MiB, 0x0000000000000000, Not Active, Not Active
2026/09/17 19:42:34.313, 70, 56.91 W, 47 %, 3144 MiB, 0x0000000000000000, Not Active, Not Active
2026/09/17 19:42:36.352, 67, 34.66 W, 0 %, 3144 MiB, 0x0000000000000000, Not Active, Not Active
2026/09/17 19:42:38.385, 68, 54.84 W, 45 %, 3144 MiB, 0x0000000000000000, Not Active, Not Active
2026/09/17 19:42:40.422, 69, 54.77 W, 100 %, 3144 MiB, 0x0000000000000000, Not Active, Not Active
2026/09/17 19:42:42.460, 72, 80.55 W, 94 %, 3144 MiB, 0x0000000000000004, Not Active, Not Active
2026/09/17 19:42:44.466, 72, 80.07 W, 94 %, 3144 MiB, 0x0000000000000004, Not Active, Not Active
2026/09/17 19:42:46.472, 70, 75.20 W, 96 %, 3146 MiB, 0x0000000000000004, Not Active, Not Active
2026/09/17 19:42:48.479, 70, 54.58 W, 96 %, 3146 MiB, 0x0000000000000000, Not Active, Not Active
2026/09/17 19:42:50.515, 70, 54.24 W, 95 %, 3146 MiB, 0x0000000000000000, Not Active, Not Active
2026/09/17 19:42:52.551, 70, 53.55 W, 93 %, 3146 MiB, 0x0000000000000000, Not Active, Not Active
2026/09/17 19:42:54.586, 70, 53.35 W, 98 %, 3146 MiB, 0x0000000000000000, Not Active, Not Active
2026/09/17 19:42:56.623, 72, 79.77 W, 100 %, 3146 MiB, 0x0000000000000004, Not Active, Not Active
2026/09/17 19:42:58.630, 72, 80.73 W, 96 %, 3146 MiB, 0x0000000000000004, Not Active, Not Active
2026/09/17 19:43:00.636, 70, 54.63 W, 95 %, 3146 MiB, 0x0000000000000000, Not Active, Not Active
2026/09/17 19:43:02.671, 70, 54.17 W, 94 %, 3146 MiB, 0x0000000000000000, Not Active, Not Active
2026/09/17 19:43:04.707, 70, 54.25 W, 96 %, 3146 MiB, 0x0000000000000000, Not Active, Not Active
2026/09/17 19:43:06.742, 70, 77.25 W, 95 %, 3146 MiB, 0x0000000000000004, Not Active, Not Active
2026/09/17 19:43:08.750, 72, 52.24 W, 93 %, 3146 MiB, 0x0000000000000000, Not Active, Not Active
2026/09/17 19:43:10.785, 70, 80.56 W, 94 %, 3146 MiB, 0x0000000000000004, Not Active, Not Active
2026/09/17 19:43:12.791, 72, 78.64 W, 96 %, 3146 MiB, 0x0000000000000004, Not Active, Not Active
2026/09/17 19:43:14.797, 72, 52.99 W, 96 %, 3146 MiB, 0x0000000000000000, Not Active, Not Active
2026/09/17 19:43:16.832, 72, 80.30 W, 100 %, 3146 MiB, 0x0000000000000004, Not Active, Not Active
2026/09/17 19:43:18.838, 70, 80.27 W, 100 %, 3146 MiB, 0x0000000000000004, Not Active, Not Active
2026/09/17 19:43:20.844, 70, 53.69 W, 95 %, 3146 MiB, 0x0000000000000000, Not Active, Not Active
2026/09/17 19:43:22.877, 70, 54.20 W, 97 %, 3146 MiB, 0x0000000000000000, Not Active, Not Active
2026/09/17 19:43:24.916, 72, 80.10 W, 95 %, 3146 MiB, 0x0000000000000004, Not Active, Not Active
2026/09/17 19:43:26.922, 72, 47.23 W, 96 %, 3146 MiB, 0x0000000000000000, Not Active, Not Active
2026/09/17 19:43:28.959, 72, 79.34 W, 100 %, 3146 MiB, 0x0000000000000004, Not Active, Not Active
2026/09/17 19:43:30.967, 72, 77.34 W, 96 %, 3146 MiB, 0x0000000000000004, Not Active, Not Active
2026/09/17 19:43:32.972, 70, 53.97 W, 95 %, 3146 MiB, 0x0000000000000000, Not Active, Not Active
2026/09/17 19:43:35.009, 72, 80.79 W, 100 %, 3146 MiB, 0x0000000000000004, Not Active, Not Active
2026/09/17 19:43:37.015, 73, 80.00 W, 95 %, 3146 MiB, 0x0000000000000004, Not Active, Not Active
2026/09/17 19:43:39.020, 73, 80.46 W, 96 %, 3146 MiB, 0x0000000000000004, Not Active, Not Active
2026/09/17 19:43:41.026, 73, 79.64 W, 95 %, 3146 MiB, 0x0000000000000004, Not Active, Not Active
2026/09/17 19:43:43.032, 72, 80.84 W, 69 %, 3146 MiB, 0x0000000000000004, Not Active, Not Active
2026/09/17 19:43:45.037, 73, 80.27 W, 96 %, 3146 MiB, 0x0000000000000004, Not Active, Not Active
2026/09/17 19:43:47.043, 70, 54.09 W, 92 %, 3146 MiB, 0x0000000000000000, Not Active, Not Active
2026/09/17 19:43:49.080, 73, 79.60 W, 98 %, 3146 MiB, 0x0000000000000004, Not Active, Not Active
2026/09/17 19:43:51.085, 73, 79.80 W, 96 %, 3146 MiB, 0x0000000000000004, Not Active, Not Active
2026/09/17 19:43:53.091, 69, 35.36 W, 95 %, 3146 MiB, 0x0000000000000000, Not Active, Not Active
2026/09/17 19:43:55.126, 70, 54.85 W, 100 %, 3156 MiB, 0x0000000000000000, Not Active, Not Active
2026/09/17 19:43:57.162, 73, 78.76 W, 96 %, 3156 MiB, 0x0000000000000004, Not Active, Not Active
2026/09/17 19:43:59.167, 73, 79.87 W, 95 %, 3156 MiB, 0x0000000000000004, Not Active, Not Active
2026/09/17 19:44:01.173, 73, 79.98 W, 96 %, 3156 MiB, 0x0000000000000004, Not Active, Not Active
2026/09/17 19:44:03.179, 73, 80.60 W, 95 %, 3156 MiB, 0x0000000000000004, Not Active, Not Active
2026/09/17 19:44:05.186, 70, 38.85 W, 94 %, 3156 MiB, 0x0000000000000000, Not Active, Not Active
2026/09/17 19:44:07.222, 73, 78.32 W, 99 %, 3156 MiB, 0x0000000000000004, Not Active, Not Active
2026/09/17 19:44:09.228, 74, 80.19 W, 96 %, 3156 MiB, 0x0000000000000004, Not Active, Not Active
2026/09/17 19:44:11.234, 74, 52.70 W, 94 %, 3156 MiB, 0x0000000000000000, Not Active, Not Active
2026/09/17 19:44:13.269, 72, 79.48 W, 100 %, 3156 MiB, 0x0000000000000004, Not Active, Not Active
2026/09/17 19:44:15.275, 73, 79.61 W, 96 %, 3156 MiB, 0x0000000000000004, Not Active, Not Active
2026/09/17 19:44:17.281, 73, 79.48 W, 95 %, 3156 MiB, 0x0000000000000004, Not Active, Not Active
2026/09/17 19:44:19.286, 71, 54.62 W, 76 %, 3156 MiB, 0x0000000000000000, Not Active, Not Active
2026/09/17 19:44:21.323, 70, 54.21 W, 100 %, 3156 MiB, 0x0000000000000000, Not Active, Not Active
2026/09/17 19:44:23.358, 70, 54.02 W, 100 %, 3156 MiB, 0x0000000000000000, Not Active, Not Active
2026/09/17 19:44:25.393, 70, 53.55 W, 100 %, 3156 MiB, 0x0000000000000000, Not Active, Not Active
2026/09/17 19:44:27.427, 73, 79.88 W, 95 %, 3156 MiB, 0x0000000000000004, Not Active, Not Active
2026/09/17 19:44:29.435, 73, 80.31 W, 96 %, 3156 MiB, 0x0000000000000004, Not Active, Not Active
2026/09/17 19:44:31.441, 73, 80.15 W, 96 %, 3156 MiB, 0x0000000000000004, Not Active, Not Active
2026/09/17 19:44:33.446, 74, 79.90 W, 95 %, 3156 MiB, 0x0000000000000004, Not Active, Not Active
2026/09/17 19:44:35.454, 74, 35.87 W, 87 %, 3156 MiB, 0x0000000000000000, Not Active, Not Active
2026/09/17 19:44:37.493, 71, 53.94 W, 100 %, 3156 MiB, 0x0000000000000000, Not Active, Not Active
2026/09/17 19:44:39.529, 70, 53.83 W, 100 %, 3156 MiB, 0x0000000000000000, Not Active, Not Active
2026/09/17 19:44:41.567, 73, 79.75 W, 96 %, 3156 MiB, 0x0000000000000004, Not Active, Not Active
2026/09/17 19:44:43.574, 73, 80.96 W, 96 %, 3156 MiB, 0x0000000000000004, Not Active, Not Active
2026/09/17 19:44:45.580, 74, 78.93 W, 96 %, 3156 MiB, 0x0000000000000004, Not Active, Not Active
2026/09/17 19:44:47.585, 74, 79.20 W, 96 %, 3156 MiB, 0x0000000000000004, Not Active, Not Active
2026/09/17 19:44:49.590, 71, 54.42 W, 93 %, 3156 MiB, 0x0000000000000000, Not Active, Not Active
2026/09/17 19:44:51.625, 71, 53.83 W, 100 %, 3156 MiB, 0x0000000000000000, Not Active, Not Active
2026/09/17 19:44:53.660, 70, 53.79 W, 100 %, 3156 MiB, 0x0000000000000004, Not Active, Not Active
2026/09/17 19:44:55.665, 73, 80.58 W, 94 %, 3156 MiB, 0x0000000000000004, Not Active, Not Active
2026/09/17 19:44:57.674, 73, 79.03 W, 96 %, 3156 MiB, 0x0000000000000004, Not Active, Not Active
2026/09/17 19:44:59.679, 74, 79.33 W, 96 %, 3156 MiB, 0x0000000000000004, Not Active, Not Active
2026/09/17 19:45:01.687, 74, 79.85 W, 95 %, 3156 MiB, 0x0000000000000004, Not Active, Not Active
2026/09/17 19:45:03.693, 74, 79.59 W, 96 %, 3156 MiB, 0x0000000000000004, Not Active, Not Active
2026/09/17 19:45:05.698, 71, 54.58 W, 91 %, 3156 MiB, 0x0000000000000000, Not Active, Not Active
2026/09/17 19:45:07.732, 71, 54.51 W, 100 %, 3156 MiB, 0x0000000000000000, Not Active, Not Active
2026/09/17 19:45:09.769, 71, 80.48 W, 99 %, 3156 MiB, 0x0000000000000004, Not Active, Not Active
2026/09/17 19:45:11.775, 74, 79.65 W, 96 %, 3156 MiB, 0x0000000000000004, Not Active, Not Active
2026/09/17 19:45:13.780, 74, 79.97 W, 96 %, 3156 MiB, 0x0000000000000004, Not Active, Not Active
2026/09/17 19:45:15.786, 74, 79.64 W, 96 %, 3156 MiB, 0x0000000000000004, Not Active, Not Active
2026/09/17 19:45:17.795, 74, 80.80 W, 96 %, 3156 MiB, 0x0000000000000004, Not Active, Not Active
2026/09/17 19:45:19.803, 73, 53.85 W, 89 %, 3156 MiB, 0x0000000000000000, Not Active, Not Active
2026/09/17 19:45:21.841, 71, 54.69 W, 100 %, 3156 MiB, 0x0000000000000000, Not Active, Not Active
2026/09/17 19:45:23.878, 71, 54.30 W, 100 %, 3156 MiB, 0x0000000000000000, Not Active, Not Active
2026/09/17 19:45:25.915, 71, 54.17 W, 100 %, 3156 MiB, 0x0000000000000000, Not Active, Not Active
2026/09/17 19:45:27.950, 71, 54.02 W, 100 %, 3156 MiB, 0x0000000000000000, Not Active, Not Active
2026/09/17 19:45:29.986, 73, 79.36 W, 97 %, 3156 MiB, 0x0000000000000004, Not Active, Not Active
2026/09/17 19:45:31.993, 73, 79.66 W, 96 %, 3156 MiB, 0x0000000000000004, Not Active, Not Active
2026/09/17 19:45:33.998, 73, 79.49 W, 97 %, 3156 MiB, 0x0000000000000004, Not Active, Not Active
2026/09/17 19:45:36.004, 74, 78.57 W, 96 %, 3156 MiB, 0x0000000000000004, Not Active, Not Active
2026/09/17 19:45:38.009, 74, 79.65 W, 97 %, 3156 MiB, 0x0000000000000004, Not Active, Not Active
2026/09/17 19:45:40.014, 71, 54.04 W, 90 %, 3156 MiB, 0x0000000000000000, Not Active, Not Active
2026/09/17 19:45:42.049, 71, 54.56 W, 100 %, 3156 MiB, 0x0000000000000000, Not Active, Not Active
2026/09/17 19:45:44.085, 73, 80.00 W, 97 %, 3156 MiB, 0x0000000000000004, Not Active, Not Active
2026/09/17 19:45:46.094, 74, 80.60 W, 96 %, 3156 MiB, 0x0000000000000004, Not Active, Not Active
2026/09/17 19:45:48.102, 74, 79.75 W, 96 %, 3156 MiB, 0x0000000000000004, Not Active, Not Active
2026/09/17 19:45:50.107, 74, 78.94 W, 96 %, 3156 MiB, 0x0000000000000004, Not Active, Not Active
2026/09/17 19:45:52.113, 74, 44.09 W, 96 %, 3156 MiB, 0x0000000000000000, Not Active, Not Active
2026/09/17 19:45:54.149, 71, 53.80 W, 100 %, 3156 MiB, 0x0000000000000000, Not Active, Not Active
2026/09/17 19:45:56.185, 71, 53.86 W, 100 %, 3156 MiB, 0x0000000000000000, Not Active, Not Active
2026/09/17 19:45:58.222, 73, 78.88 W, 96 %, 3156 MiB, 0x0000000000000004, Not Active, Not Active
2026/09/17 19:46:00.228, 74, 79.45 W, 95 %, 3156 MiB, 0x0000000000000004, Not Active, Not Active
2026/09/17 19:46:02.233, 74, 79.78 W, 96 %, 3156 MiB, 0x0000000000000004, Not Active, Not Active
2026/09/17 19:46:04.239, 74, 50.90 W, 95 %, 3156 MiB, 0x0000000000000004, Not Active, Not Active
2026/09/17 19:46:06.244, 71, 54.39 W, 100 %, 3156 MiB, 0x0000000000000000, Not Active, Not Active
2026/09/17 19:46:08.284, 71, 53.67 W, 100 %, 3156 MiB, 0x0000000000000000, Not Active, Not Active
2026/09/17 19:46:10.318, 73, 79.13 W, 96 %, 3156 MiB, 0x0000000000000004, Not Active, Not Active
2026/09/17 19:46:12.324, 74, 79.43 W, 96 %, 3156 MiB, 0x0000000000000004, Not Active, Not Active
2026/09/17 19:46:14.330, 74, 79.59 W, 96 %, 3156 MiB, 0x0000000000000004, Not Active, Not Active
2026/09/17 19:46:16.335, 74, 79.54 W, 96 %, 3156 MiB, 0x0000000000000004, Not Active, Not Active
2026/09/17 19:46:18.341, 74, 80.66 W, 96 %, 3156 MiB, 0x0000000000000004, Not Active, Not Active
2026/09/17 19:46:20.346, 72, 54.46 W, 91 %, 3156 MiB, 0x0000000000000000, Not Active, Not Active
2026/09/17 19:46:22.380, 71, 54.04 W, 100 %, 3156 MiB, 0x0000000000000000, Not Active, Not Active
2026/09/17 19:46:24.417, 71, 81.16 W, 100 %, 3156 MiB, 0x0000000000000004, Not Active, Not Active
2026/09/17 19:46:26.424, 74, 80.25 W, 96 %, 3156 MiB, 0x0000000000000004, Not Active, Not Active
2026/09/17 19:46:28.431, 74, 79.32 W, 96 %, 3156 MiB, 0x0000000000000004, Not Active, Not Active
2026/09/17 19:46:30.436, 74, 79.92 W, 96 %, 3156 MiB, 0x0000000000000004, Not Active, Not Active
2026/09/17 19:46:32.442, 74, 79.53 W, 95 %, 3156 MiB, 0x0000000000000004, Not Active, Not Active
2026/09/17 19:46:34.448, 74, 41.72 W, 96 %, 3156 MiB, 0x0000000000000000, Not Active, Not Active
2026/09/17 19:46:36.481, 71, 54.34 W, 100 %, 3156 MiB, 0x0000000000000000, Not Active, Not Active
2026/09/17 19:46:38.518, 71, 53.77 W, 100 %, 3156 MiB, 0x0000000000000000, Not Active, Not Active
2026/09/17 19:46:40.552, 71, 53.63 W, 100 %, 3156 MiB, 0x0000000000000000, Not Active, Not Active
2026/09/17 19:46:42.589, 70, 53.38 W, 100 %, 3156 MiB, 0x0000000000000000, Not Active, Not Active
2026/09/17 19:46:44.624, 73, 80.86 W, 100 %, 3156 MiB, 0x0000000000000004, Not Active, Not Active
2026/09/17 19:46:46.630, 73, 80.98 W, 96 %, 3156 MiB, 0x0000000000000004, Not Active, Not Active
2026/09/17 19:46:48.635, 73, 79.45 W, 96 %, 3156 MiB, 0x0000000000000004, Not Active, Not Active
2026/09/17 19:46:50.642, 74, 78.50 W, 95 %, 3156 MiB, 0x0000000000000004, Not Active, Not Active
2026/09/17 19:46:52.648, 74, 79.96 W, 96 %, 3156 MiB, 0x0000000000000004, Not Active, Not Active
2026/09/17 19:46:54.653, 74, 34.44 W, 95 %, 3156 MiB, 0x0000000000000000, Not Active, Not Active
2026/09/17 19:46:56.687, 67, 25.02 W, 5 %, 176 MiB, 0x0000000000000000, Not Active, Not Active
2026/09/17 19:46:58.726, 66, 24.71 W, 0 %, 176 MiB, 0x0000000000000000, Not Active, Not Active
2026/09/17 19:47:00.766, 66, 24.70 W, 13 %, 1778 MiB, 0x0000000000000000, Not Active, Not Active
2026/09/17 19:47:02.804, 65, 24.64 W, 0 %, 1778 MiB, 0x0000000000000000, Not Active, Not Active
2026/09/17 19:47:04.841, 65, 24.57 W, 0 %, 1778 MiB, 0x0000000000000000, Not Active, Not Active
2026/09/17 19:47:06.879, 64, 24.59 W, 0 %, 1778 MiB, 0x0000000000000000, Not Active, Not Active
2026/09/17 19:47:08.916, 64, 24.38 W, 0 %, 1778 MiB, 0x0000000000000000, Not Active, Not Active
2026/09/17 19:47:10.955, 63, 24.36 W, 0 %, 1778 MiB, 0x0000000000000000, Not Active, Not Active
2026/09/17 19:47:12.994, 63, 24.32 W, 0 %, 1778 MiB, 0x0000000000000000, Not Active, Not Active
2026/09/17 19:47:15.035, 63, 24.20 W, 0 %, 1778 MiB, 0x0000000000000000, Not Active, Not Active
2026/09/17 19:47:17.072, 62, 24.28 W, 0 %, 1778 MiB, 0x0000000000000000, Not Active, Not Active
2026/09/17 19:47:19.110, 62, 24.13 W, 0 %, 1778 MiB, 0x0000000000000000, Not Active, Not Active
2026/09/17 19:47:21.149, 62, 24.04 W, 0 %, 1778 MiB, 0x0000000000000000, Not Active, Not Active
2026/09/17 19:47:23.188, 61, 24.05 W, 0 %, 1778 MiB, 0x0000000000000000, Not Active, Not Active
2026/09/17 19:47:25.228, 61, 23.95 W, 0 %, 1778 MiB, 0x0000000000000000, Not Active, Not Active
2026/09/17 19:47:27.267, 61, 23.87 W, 0 %, 1778 MiB, 0x0000000000000000, Not Active, Not Active
2026/09/17 19:47:29.306, 61, 12.73 W, 0 %, 1778 MiB, 0x0000000000000001, Not Active, Not Active
2026/09/17 19:47:31.374, 59, 4.29 W, 0 %, 1778 MiB, 0x0000000000000001, Not Active, Not Active
2026/09/17 19:47:33.447, 58, 4.50 W, 0 %, 1778 MiB, 0x0000000000000001, Not Active, Not Active
2026/09/17 19:47:35.513, 58, 23.60 W, 0 %, 1778 MiB, 0x0000000000000000, Not Active, Not Active
2026/09/17 19:47:37.555, 59, 23.62 W, 0 %, 1778 MiB, 0x0000000000000000, Not Active, Not Active
2026/09/17 19:47:39.594, 59, 23.65 W, 0 %, 1778 MiB, 0x0000000000000000, Not Active, Not Active
2026/09/17 19:47:41.632, 59, 23.59 W, 0 %, 1778 MiB, 0x0000000000000000, Not Active, Not Active
2026/09/17 19:47:43.670, 59, 23.55 W, 0 %, 1778 MiB, 0x0000000000000000, Not Active, Not Active
2026/09/17 19:47:45.709, 59, 23.64 W, 0 %, 1778 MiB, 0x0000000000000000, Not Active, Not Active
2026/09/17 19:47:47.748, 59, 23.51 W, 2 %, 1778 MiB, 0x0000000000000000, Not Active, Not Active
2026/09/17 19:47:49.788, 59, 23.52 W, 0 %, 1778 MiB, 0x0000000000000000, Not Active, Not Active
2026/09/17 19:47:51.825, 58, 23.48 W, 0 %, 1778 MiB, 0x0000000000000000, Not Active, Not Active
2026/09/17 19:47:53.864, 58, 23.48 W, 0 %, 1778 MiB, 0x0000000000000000, Not Active, Not Active
2026/09/17 19:47:55.905, 58, 23.48 W, 0 %, 1778 MiB, 0x0000000000000000, Not Active, Not Active
2026/09/17 19:47:57.943, 58, 23.46 W, 0 %, 1778 MiB, 0x0000000000000000, Not Active, Not Active
2026/09/17 19:47:59.982, 58, 23.45 W, 0 %, 1778 MiB, 0x0000000000000000, Not Active, Not Active
2026/09/17 19:48:02.020, 58, 23.42 W, 0 %, 1778 MiB, 0x0000000000000000, Not Active, Not Active
2026/09/17 19:48:04.066, 59, 33.05 W, 0 %, 1844 MiB, 0x0000000000000000, Not Active, Not Active
2026/09/17 19:48:06.099, 58, 23.53 W, 0 %, 1844 MiB, 0x0000000000000000, Not Active, Not Active
2026/09/17 19:48:08.139, 58, 23.39 W, 0 %, 1844 MiB, 0x0000000000000000, Not Active, Not Active
2026/09/17 19:48:10.178, 58, 23.35 W, 0 %, 1844 MiB, 0x0000000000000000, Not Active, Not Active
2026/09/17 19:48:12.216, 58, 23.34 W, 0 %, 1844 MiB, 0x0000000000000000, Not Active, Not Active
2026/09/17 19:48:14.256, 58, 23.36 W, 0 %, 1844 MiB, 0x0000000000000000, Not Active, Not Active
2026/09/17 19:48:16.295, 59, 32.71 W, 0 %, 1852 MiB, 0x0000000000000000, Not Active, Not Active
2026/09/17 19:48:18.328, 58, 23.49 W, 0 %, 1852 MiB, 0x0000000000000000, Not Active, Not Active
2026/09/17 19:48:20.367, 62, 54.83 W, 100 %, 1854 MiB, 0x0000000000000000, Not Active, Not Active
2026/09/17 19:48:22.403, 64, 80.21 W, 93 %, 1854 MiB, 0x0000000000000004, Not Active, Not Active
2026/09/17 19:48:24.409, 65, 81.25 W, 88 %, 1854 MiB, 0x0000000000000004, Not Active, Not Active
2026/09/17 19:48:26.415, 64, 59.69 W, 92 %, 1854 MiB, 0x0000000000000004, Not Active, Not Active
2026/09/17 19:48:28.420, 66, 80.20 W, 92 %, 1854 MiB, 0x0000000000000004, Not Active, Not Active
2026/09/17 19:48:30.426, 67, 52.45 W, 89 %, 1854 MiB, 0x0000000000000000, Not Active, Not Active
2026/09/17 19:48:32.460, 67, 53.34 W, 89 %, 1854 MiB, 0x0000000000000000, Not Active, Not Active
2026/09/17 19:48:34.495, 67, 80.14 W, 92 %, 1854 MiB, 0x0000000000000004, Not Active, Not Active
2026/09/17 19:48:36.501, 67, 80.42 W, 94 %, 1854 MiB, 0x0000000000000004, Not Active, Not Active
2026/09/17 19:48:38.506, 67, 80.24 W, 91 %, 1854 MiB, 0x0000000000000004, Not Active, Not Active
2026/09/17 19:48:40.512, 66, 79.71 W, 94 %, 1854 MiB, 0x0000000000000004, Not Active, Not Active
2026/09/17 19:48:42.517, 66, 54.71 W, 99 %, 1854 MiB, 0x0000000000000000, Not Active, Not Active
2026/09/17 19:48:44.554, 68, 80.43 W, 93 %, 1854 MiB, 0x0000000000000004, Not Active, Not Active
2026/09/17 19:48:46.559, 68, 79.60 W, 95 %, 1854 MiB, 0x0000000000000004, Not Active, Not Active
2026/09/17 19:48:48.565, 68, 81.19 W, 92 %, 1854 MiB, 0x0000000000000004, Not Active, Not Active
2026/09/17 19:48:50.572, 69, 81.11 W, 90 %, 1854 MiB, 0x0000000000000004, Not Active, Not Active
2026/09/17 19:48:52.577, 67, 54.72 W, 92 %, 1854 MiB, 0x0000000000000000, Not Active, Not Active
2026/09/17 19:48:54.612, 67, 62.99 W, 100 %, 1854 MiB, 0x0000000000000004, Not Active, Not Active
2026/09/17 19:48:56.617, 67, 54.53 W, 99 %, 1854 MiB, 0x0000000000000000, Not Active, Not Active
2026/09/17 19:48:58.651, 67, 54.07 W, 95 %, 1854 MiB, 0x0000000000000000, Not Active, Not Active
2026/09/17 19:49:00.687, 67, 54.78 W, 93 %, 1854 MiB, 0x0000000000000000, Not Active, Not Active
2026/09/17 19:49:02.723, 70, 80.37 W, 88 %, 1854 MiB, 0x0000000000000004, Not Active, Not Active
2026/09/17 19:49:04.729, 68, 54.34 W, 90 %, 1854 MiB, 0x0000000000000000, Not Active, Not Active
2026/09/17 19:49:06.766, 70, 66.09 W, 88 %, 1854 MiB, 0x0000000000000004, Not Active, Not Active
2026/09/17 19:49:08.771, 68, 55.05 W, 91 %, 1854 MiB, 0x0000000000000000, Not Active, Not Active
2026/09/17 19:49:10.806, 67, 54.70 W, 99 %, 1854 MiB, 0x0000000000000000, Not Active, Not Active
2026/09/17 19:49:12.842, 70, 82.21 W, 89 %, 1854 MiB, 0x0000000000000004, Not Active, Not Active
2026/09/17 19:49:14.850, 70, 80.50 W, 91 %, 1854 MiB, 0x0000000000000004, Not Active, Not Active
2026/09/17 19:49:16.856, 71, 80.55 W, 91 %, 1854 MiB, 0x0000000000000004, Not Active, Not Active
2026/09/17 19:49:18.861, 71, 68.95 W, 89 %, 1854 MiB, 0x0000000000000004, Not Active, Not Active
2026/09/17 19:49:20.868, 71, 79.87 W, 91 %, 1854 MiB, 0x0000000000000004, Not Active, Not Active
2026/09/17 19:49:22.874, 71, 80.81 W, 91 %, 1854 MiB, 0x0000000000000004, Not Active, Not Active
2026/09/17 19:49:24.879, 69, 55.44 W, 88 %, 1854 MiB, 0x0000000000000000, Not Active, Not Active
2026/09/17 19:49:26.915, 71, 79.52 W, 90 %, 1854 MiB, 0x0000000000000004, Not Active, Not Active
2026/09/17 19:49:28.922, 71, 79.98 W, 90 %, 1854 MiB, 0x0000000000000004, Not Active, Not Active
2026/09/17 19:49:30.931, 71, 80.37 W, 85 %, 1854 MiB, 0x0000000000000004, Not Active, Not Active
2026/09/17 19:49:32.937, 71, 80.56 W, 90 %, 1854 MiB, 0x0000000000000004, Not Active, Not Active
2026/09/17 19:49:34.942, 71, 76.76 W, 89 %, 1854 MiB, 0x0000000000000004, Not Active, Not Active
2026/09/17 19:49:36.948, 72, 79.06 W, 85 %, 1854 MiB, 0x0000000000000004, Not Active, Not Active
2026/09/17 19:49:38.953, 72, 79.19 W, 91 %, 1854 MiB, 0x0000000000000004, Not Active, Not Active
2026/09/17 19:49:40.959, 72, 79.56 W, 89 %, 1854 MiB, 0x0000000000000004, Not Active, Not Active
2026/09/17 19:49:42.965, 72, 79.88 W, 91 %, 1854 MiB, 0x0000000000000004, Not Active, Not Active
2026/09/17 19:49:44.970, 72, 79.17 W, 90 %, 1854 MiB, 0x0000000000000004, Not Active, Not Active
2026/09/17 19:49:46.976, 72, 55.57 W, 85 %, 1854 MiB, 0x0000000000000000, Not Active, Not Active
2026/09/17 19:49:49.012, 70, 56.28 W, 99 %, 1854 MiB, 0x0000000000000000, Not Active, Not Active
2026/09/17 19:49:51.051, 70, 54.90 W, 100 %, 1854 MiB, 0x0000000000000000, Not Active, Not Active
2026/09/17 19:49:53.087, 71, 79.37 W, 100 %, 1854 MiB, 0x0000000000000004, Not Active, Not Active
2026/09/17 19:49:55.093, 72, 80.29 W, 91 %, 1854 MiB, 0x0000000000000004, Not Active, Not Active
2026/09/17 19:49:57.100, 72, 79.07 W, 89 %, 1854 MiB, 0x0000000000000004, Not Active, Not Active
2026/09/17 19:49:59.106, 72, 79.17 W, 90 %, 1854 MiB, 0x0000000000000004, Not Active, Not Active
2026/09/17 19:50:01.112, 72, 79.58 W, 91 %, 1854 MiB, 0x0000000000000004, Not Active, Not Active
2026/09/17 19:50:03.119, 70, 55.08 W, 100 %, 1854 MiB, 0x0000000000000000, Not Active, Not Active
2026/09/17 19:50:05.154, 69, 55.88 W, 99 %, 1854 MiB, 0x0000000000000004, Not Active, Not Active
2026/09/17 19:50:07.160, 72, 79.52 W, 89 %, 1854 MiB, 0x0000000000000004, Not Active, Not Active
2026/09/17 19:50:09.167, 72, 78.86 W, 90 %, 1854 MiB, 0x0000000000000004, Not Active, Not Active
2026/09/17 19:50:11.172, 72, 79.57 W, 91 %, 1854 MiB, 0x0000000000000004, Not Active, Not Active
2026/09/17 19:50:13.178, 73, 78.59 W, 91 %, 1854 MiB, 0x0000000000000004, Not Active, Not Active
2026/09/17 19:50:15.183, 70, 55.07 W, 94 %, 1854 MiB, 0x0000000000000000, Not Active, Not Active
2026/09/17 19:50:17.218, 70, 55.53 W, 99 %, 1854 MiB, 0x0000000000000000, Not Active, Not Active
2026/09/17 19:50:19.252, 72, 78.68 W, 91 %, 1854 MiB, 0x0000000000000004, Not Active, Not Active
2026/09/17 19:50:21.262, 73, 80.35 W, 89 %, 1854 MiB, 0x0000000000000004, Not Active, Not Active
2026/09/17 19:50:23.268, 73, 78.91 W, 91 %, 1854 MiB, 0x0000000000000004, Not Active, Not Active
2026/09/17 19:50:25.274, 73, 79.78 W, 91 %, 1854 MiB, 0x0000000000000004, Not Active, Not Active
2026/09/17 19:50:27.280, 70, 54.51 W, 80 %, 1854 MiB, 0x0000000000000000, Not Active, Not Active
2026/09/17 19:50:29.317, 70, 55.54 W, 100 %, 1854 MiB, 0x0000000000000000, Not Active, Not Active
2026/09/17 19:50:31.351, 72, 80.02 W, 95 %, 1854 MiB, 0x0000000000000004, Not Active, Not Active
2026/09/17 19:50:33.357, 73, 78.64 W, 89 %, 1854 MiB, 0x0000000000000004, Not Active, Not Active
2026/09/17 19:50:35.362, 73, 79.81 W, 91 %, 1854 MiB, 0x0000000000000004, Not Active, Not Active
2026/09/17 19:50:37.368, 73, 79.69 W, 91 %, 1854 MiB, 0x0000000000000004, Not Active, Not Active
2026/09/17 19:50:39.375, 73, 80.04 W, 90 %, 1854 MiB, 0x0000000000000004, Not Active, Not Active
2026/09/17 19:50:41.380, 73, 79.43 W, 91 %, 1854 MiB, 0x0000000000000004, Not Active, Not Active
2026/09/17 19:50:43.391, 71, 55.49 W, 93 %, 1854 MiB, 0x0000000000000000, Not Active, Not Active
2026/09/17 19:50:45.427, 70, 55.62 W, 100 %, 1854 MiB, 0x0000000000000000, Not Active, Not Active
2026/09/17 19:50:47.461, 70, 55.53 W, 100 %, 1854 MiB, 0x0000000000000000, Not Active, Not Active
2026/09/17 19:50:49.498, 71, 79.91 W, 97 %, 1854 MiB, 0x0000000000000004, Not Active, Not Active
2026/09/17 19:50:51.506, 73, 79.21 W, 91 %, 1854 MiB, 0x0000000000000004, Not Active, Not Active
2026/09/17 19:50:53.512, 73, 80.53 W, 91 %, 1854 MiB, 0x0000000000000004, Not Active, Not Active
2026/09/17 19:50:55.518, 73, 77.96 W, 89 %, 1854 MiB, 0x0000000000000004, Not Active, Not Active
2026/09/17 19:50:57.523, 73, 79.11 W, 90 %, 1854 MiB, 0x0000000000000004, Not Active, Not Active
2026/09/17 19:50:59.529, 71, 54.52 W, 86 %, 1854 MiB, 0x0000000000000000, Not Active, Not Active
2026/09/17 19:51:01.565, 70, 56.11 W, 100 %, 1854 MiB, 0x0000000000000000, Not Active, Not Active
2026/09/17 19:51:03.600, 73, 79.97 W, 96 %, 1854 MiB, 0x0000000000000004, Not Active, Not Active
2026/09/17 19:51:05.606, 73, 80.96 W, 91 %, 1854 MiB, 0x0000000000000004, Not Active, Not Active
2026/09/17 19:51:07.612, 73, 79.25 W, 90 %, 1854 MiB, 0x0000000000000004, Not Active, Not Active
2026/09/17 19:51:09.617, 73, 79.37 W, 91 %, 1854 MiB, 0x0000000000000004, Not Active, Not Active
2026/09/17 19:51:11.623, 72, 81.87 W, 89 %, 1854 MiB, 0x0000000000000004, Not Active, Not Active
2026/09/17 19:51:13.629, 74, 79.82 W, 90 %, 1854 MiB, 0x0000000000000004, Not Active, Not Active
2026/09/17 19:51:15.635, 73, 79.18 W, 91 %, 1854 MiB, 0x0000000000000004, Not Active, Not Active
2026/09/17 19:51:17.643, 74, 79.37 W, 91 %, 1854 MiB, 0x0000000000000004, Not Active, Not Active
2026/09/17 19:51:19.649, 74, 79.30 W, 91 %, 1854 MiB, 0x0000000000000004, Not Active, Not Active
2026/09/17 19:51:21.654, 74, 79.50 W, 86 %, 1860 MiB, 0x0000000000000004, Not Active, Not Active
2026/09/17 19:51:23.665, 74, 79.67 W, 90 %, 1860 MiB, 0x0000000000000004, Not Active, Not Active
2026/09/17 19:51:25.671, 74, 79.24 W, 91 %, 1860 MiB, 0x0000000000000004, Not Active, Not Active
2026/09/17 19:51:27.677, 74, 79.06 W, 90 %, 1860 MiB, 0x0000000000000004, Not Active, Not Active
2026/09/17 19:51:29.682, 74, 72.76 W, 90 %, 1860 MiB, 0x0000000000000004, Not Active, Not Active
2026/09/17 19:51:31.687, 74, 79.94 W, 91 %, 1860 MiB, 0x0000000000000004, Not Active, Not Active
2026/09/17 19:51:33.693, 74, 79.57 W, 90 %, 1860 MiB, 0x0000000000000004, Not Active, Not Active
2026/09/17 19:51:35.699, 74, 79.46 W, 90 %, 1860 MiB, 0x0000000000000004, Not Active, Not Active
2026/09/17 19:51:37.706, 74, 79.26 W, 90 %, 1860 MiB, 0x0000000000000004, Not Active, Not Active
2026/09/17 19:51:39.711, 74, 80.32 W, 81 %, 1860 MiB, 0x0000000000000004, Not Active, Not Active
2026/09/17 19:51:41.718, 74, 78.70 W, 91 %, 1860 MiB, 0x0000000000000004, Not Active, Not Active
2026/09/17 19:51:43.723, 74, 80.18 W, 89 %, 1860 MiB, 0x0000000000000004, Not Active, Not Active
2026/09/17 19:51:45.731, 74, 78.93 W, 91 %, 1860 MiB, 0x0000000000000004, Not Active, Not Active
2026/09/17 19:51:47.736, 75, 79.34 W, 91 %, 1860 MiB, 0x0000000000000004, Not Active, Not Active
2026/09/17 19:51:49.745, 75, 79.43 W, 91 %, 1860 MiB, 0x0000000000000004, Not Active, Not Active
2026/09/17 19:51:51.751, 70, 35.29 W, 3 %, 103 MiB, 0x0000000000000000, Not Active, Not Active
2026/09/17 19:51:53.785, 67, 25.08 W, 0 %, 176 MiB, 0x0000000000000000, Not Active, Not Active
2026/09/17 19:51:55.826, 67, 24.75 W, 0 %, 176 MiB, 0x0000000000000000, Not Active, Not Active
2026/09/17 19:51:57.864, 66, 24.80 W, 0 %, 176 MiB, 0x0000000000000000, Not Active, Not Active
2026/09/17 19:51:59.904, 67, 34.70 W, 14 %, 3350 MiB, 0x0000000000000000, Not Active, Not Active
2026/09/17 19:52:01.938, 65, 24.64 W, 0 %, 3350 MiB, 0x0000000000000000, Not Active, Not Active
2026/09/17 19:52:03.977, 65, 24.44 W, 0 %, 3350 MiB, 0x0000000000000000, Not Active, Not Active
2026/09/17 19:52:06.015, 64, 24.43 W, 4 %, 3360 MiB, 0x0000000000000000, Not Active, Not Active
2026/09/17 19:52:08.056, 70, 79.79 W, 17 %, 3478 MiB, 0x0000000000000004, Not Active, Not Active
2026/09/17 19:52:10.062, 65, 34.15 W, 0 %, 3478 MiB, 0x0000000000000000, Not Active, Not Active
2026/09/17 19:52:12.105, 68, 55.92 W, 71 %, 3480 MiB, 0x0000000000000000, Not Active, Not Active
2026/09/17 19:52:14.139, 68, 55.20 W, 100 %, 3480 MiB, 0x0000000000000000, Not Active, Not Active
2026/09/17 19:52:16.174, 68, 54.81 W, 98 %, 3480 MiB, 0x0000000000000000, Not Active, Not Active
2026/09/17 19:52:18.211, 70, 79.66 W, 97 %, 3480 MiB, 0x0000000000000004, Not Active, Not Active
2026/09/17 19:52:20.217, 71, 79.29 W, 91 %, 3480 MiB, 0x0000000000000004, Not Active, Not Active
2026/09/17 19:52:22.224, 71, 79.75 W, 91 %, 3480 MiB, 0x0000000000000004, Not Active, Not Active
2026/09/17 19:52:24.230, 71, 79.53 W, 95 %, 3480 MiB, 0x0000000000000004, Not Active, Not Active
2026/09/17 19:52:26.238, 71, 79.26 W, 96 %, 3480 MiB, 0x0000000000000004, Not Active, Not Active
2026/09/17 19:52:28.244, 69, 55.10 W, 94 %, 3480 MiB, 0x0000000000000000, Not Active, Not Active
2026/09/17 19:52:30.280, 69, 52.97 W, 94 %, 3480 MiB, 0x0000000000000000, Not Active, Not Active
2026/09/17 19:52:32.315, 71, 79.28 W, 95 %, 3480 MiB, 0x0000000000000004, Not Active, Not Active
2026/09/17 19:52:34.323, 69, 54.77 W, 100 %, 3480 MiB, 0x0000000000000000, Not Active, Not Active
2026/09/17 19:52:36.358, 72, 79.44 W, 90 %, 3480 MiB, 0x0000000000000004, Not Active, Not Active
2026/09/17 19:52:38.366, 69, 55.58 W, 98 %, 3480 MiB, 0x0000000000000000, Not Active, Not Active
2026/09/17 19:52:40.402, 72, 79.13 W, 96 %, 3480 MiB, 0x0000000000000004, Not Active, Not Active
2026/09/17 19:52:42.408, 69, 54.89 W, 94 %, 3480 MiB, 0x0000000000000000, Not Active, Not Active
2026/09/17 19:52:44.443, 71, 77.98 W, 98 %, 3480 MiB, 0x0000000000000004, Not Active, Not Active
2026/09/17 19:52:46.449, 69, 55.45 W, 92 %, 3480 MiB, 0x0000000000000000, Not Active, Not Active
2026/09/17 19:52:48.484, 72, 48.92 W, 94 %, 3480 MiB, 0x0000000000000000, Not Active, Not Active
2026/09/17 19:52:50.522, 72, 54.91 W, 93 %, 3480 MiB, 0x0000000000000000, Not Active, Not Active
2026/09/17 19:52:52.559, 72, 78.24 W, 96 %, 3480 MiB, 0x0000000000000004, Not Active, Not Active
2026/09/17 19:52:54.565, 69, 54.92 W, 95 %, 3480 MiB, 0x0000000000000000, Not Active, Not Active
2026/09/17 19:52:56.601, 72, 79.01 W, 97 %, 3480 MiB, 0x0000000000000004, Not Active, Not Active
2026/09/17 19:52:58.606, 70, 56.36 W, 91 %, 3480 MiB, 0x0000000000000000, Not Active, Not Active
2026/09/17 19:53:00.643, 72, 77.34 W, 92 %, 3480 MiB, 0x0000000000000004, Not Active, Not Active
2026/09/17 19:53:02.648, 71, 80.35 W, 100 %, 3480 MiB, 0x0000000000000004, Not Active, Not Active
2026/09/17 19:53:04.654, 70, 55.81 W, 94 %, 3480 MiB, 0x0000000000000004, Not Active, Not Active
2026/09/17 19:53:06.674, 70, 54.84 W, 94 %, 3480 MiB, 0x0000000000000000, Not Active, Not Active
2026/09/17 19:53:08.709, 72, 79.34 W, 93 %, 3480 MiB, 0x0000000000000004, Not Active, Not Active
2026/09/17 19:53:10.715, 72, 80.43 W, 97 %, 3480 MiB, 0x0000000000000004, Not Active, Not Active
2026/09/17 19:53:12.721, 72, 79.45 W, 96 %, 3480 MiB, 0x0000000000000004, Not Active, Not Active
2026/09/17 19:53:14.727, 70, 55.51 W, 93 %, 3480 MiB, 0x0000000000000000, Not Active, Not Active
2026/09/17 19:53:16.761, 71, 55.29 W, 93 %, 3480 MiB, 0x0000000000000000, Not Active, Not Active
2026/09/17 19:53:18.796, 70, 79.67 W, 100 %, 3480 MiB, 0x0000000000000004, Not Active, Not Active
2026/09/17 19:53:20.801, 70, 55.40 W, 94 %, 3480 MiB, 0x0000000000000000, Not Active, Not Active
2026/09/17 19:53:22.837, 70, 55.03 W, 99 %, 3480 MiB, 0x0000000000000000, Not Active, Not Active
2026/09/17 19:53:24.874, 72, 79.48 W, 94 %, 3480 MiB, 0x0000000000000004, Not Active, Not Active
2026/09/17 19:53:26.884, 70, 55.50 W, 97 %, 3480 MiB, 0x0000000000000000, Not Active, Not Active
2026/09/17 19:53:28.919, 72, 79.19 W, 97 %, 3480 MiB, 0x0000000000000004, Not Active, Not Active
2026/09/17 19:53:30.925, 70, 69.84 W, 95 %, 3480 MiB, 0x0000000000000004, Not Active, Not Active
2026/09/17 19:53:32.933, 70, 80.14 W, 94 %, 3480 MiB, 0x0000000000000004, Not Active, Not Active
2026/09/17 19:53:34.941, 70, 56.04 W, 94 %, 3480 MiB, 0x0000000000000000, Not Active, Not Active
2026/09/17 19:53:36.978, 73, 79.35 W, 96 %, 3480 MiB, 0x0000000000000004, Not Active, Not Active
2026/09/17 19:53:38.985, 70, 55.37 W, 99 %, 3480 MiB, 0x0000000000000000, Not Active, Not Active
2026/09/17 19:53:41.021, 73, 80.00 W, 96 %, 3480 MiB, 0x0000000000000004, Not Active, Not Active
2026/09/17 19:53:43.028, 70, 56.55 W, 90 %, 3480 MiB, 0x0000000000000000, Not Active, Not Active
2026/09/17 19:53:45.067, 69, 32.15 W, 95 %, 3480 MiB, 0x0000000000000004, Not Active, Not Active
2026/09/17 19:53:47.073, 72, 56.15 W, 100 %, 3480 MiB, 0x0000000000000004, Not Active, Not Active
2026/09/17 19:53:49.084, 70, 54.58 W, 100 %, 3480 MiB, 0x0000000000000000, Not Active, Not Active
2026/09/17 19:53:51.120, 72, 78.97 W, 100 %, 3480 MiB, 0x0000000000000004, Not Active, Not Active
2026/09/17 19:53:53.126, 72, 79.02 W, 90 %, 3480 MiB, 0x0000000000000004, Not Active, Not Active
2026/09/17 19:53:55.132, 73, 79.09 W, 93 %, 3480 MiB, 0x0000000000000004, Not Active, Not Active
2026/09/17 19:53:57.138, 73, 79.66 W, 94 %, 3480 MiB, 0x0000000000000004, Not Active, Not Active
2026/09/17 19:53:59.144, 73, 79.41 W, 92 %, 3480 MiB, 0x0000000000000004, Not Active, Not Active
2026/09/17 19:54:01.150, 73, 75.17 W, 94 %, 3480 MiB, 0x0000000000000004, Not Active, Not Active
2026/09/17 19:54:03.155, 71, 55.08 W, 83 %, 3480 MiB, 0x0000000000000000, Not Active, Not Active
2026/09/17 19:54:05.191, 73, 80.35 W, 96 %, 3480 MiB, 0x0000000000000004, Not Active, Not Active
2026/09/17 19:54:07.197, 73, 80.26 W, 94 %, 3480 MiB, 0x0000000000000004, Not Active, Not Active
2026/09/17 19:54:09.205, 73, 79.78 W, 92 %, 3480 MiB, 0x0000000000000004, Not Active, Not Active
2026/09/17 19:54:11.211, 73, 79.91 W, 91 %, 3480 MiB, 0x0000000000000004, Not Active, Not Active
2026/09/17 19:54:13.221, 72, 55.72 W, 93 %, 3480 MiB, 0x0000000000000000, Not Active, Not Active
2026/09/17 19:54:15.258, 71, 55.56 W, 98 %, 3480 MiB, 0x0000000000000000, Not Active, Not Active
2026/09/17 19:54:17.294, 73, 79.45 W, 100 %, 3480 MiB, 0x0000000000000004, Not Active, Not Active
2026/09/17 19:54:19.299, 74, 78.70 W, 91 %, 3480 MiB, 0x0000000000000004, Not Active, Not Active
2026/09/17 19:54:21.308, 74, 80.19 W, 93 %, 3480 MiB, 0x0000000000000004, Not Active, Not Active
2026/09/17 19:54:23.316, 74, 77.54 W, 93 %, 3480 MiB, 0x0000000000000004, Not Active, Not Active
2026/09/17 19:54:25.322, 74, 78.80 W, 94 %, 3480 MiB, 0x0000000000000004, Not Active, Not Active
2026/09/17 19:54:27.331, 74, 79.63 W, 91 %, 3480 MiB, 0x0000000000000004, Not Active, Not Active
2026/09/17 19:54:29.338, 74, 79.74 W, 94 %, 3480 MiB, 0x0000000000000004, Not Active, Not Active
2026/09/17 19:54:31.344, 74, 79.47 W, 93 %, 3480 MiB, 0x0000000000000004, Not Active, Not Active
2026/09/17 19:54:33.352, 74, 78.67 W, 92 %, 3480 MiB, 0x0000000000000004, Not Active, Not Active
2026/09/17 19:54:35.359, 74, 78.94 W, 91 %, 3480 MiB, 0x0000000000000004, Not Active, Not Active
2026/09/17 19:54:37.364, 74, 79.48 W, 93 %, 3480 MiB, 0x0000000000000004, Not Active, Not Active
2026/09/17 19:54:39.373, 74, 78.77 W, 91 %, 3480 MiB, 0x0000000000000004, Not Active, Not Active
2026/09/17 19:54:41.379, 74, 74.37 W, 94 %, 3480 MiB, 0x0000000000000004, Not Active, Not Active
2026/09/17 19:54:43.385, 74, 79.00 W, 94 %, 3480 MiB, 0x0000000000000004, Not Active, Not Active
2026/09/17 19:54:45.391, 75, 79.33 W, 86 %, 3480 MiB, 0x0000000000000004, Not Active, Not Active
2026/09/17 19:54:47.397, 75, 79.37 W, 92 %, 3480 MiB, 0x0000000000000004, Not Active, Not Active
2026/09/17 19:54:49.408, 75, 78.32 W, 93 %, 3480 MiB, 0x0000000000000004, Not Active, Not Active
2026/09/17 19:54:51.414, 75, 77.54 W, 92 %, 3480 MiB, 0x0000000000000004, Not Active, Not Active
2026/09/17 19:54:53.421, 75, 79.21 W, 94 %, 3480 MiB, 0x0000000000000004, Not Active, Not Active
2026/09/17 19:54:55.427, 73, 56.95 W, 86 %, 3480 MiB, 0x0000000000000000, Not Active, Not Active
2026/09/17 19:54:57.464, 72, 56.44 W, 100 %, 3480 MiB, 0x0000000000000000, Not Active, Not Active
2026/09/17 19:54:59.500, 72, 56.37 W, 97 %, 3480 MiB, 0x0000000000000000, Not Active, Not Active
2026/09/17 19:55:01.537, 72, 56.63 W, 100 %, 3480 MiB, 0x0000000000000000, Not Active, Not Active
2026/09/17 19:55:03.573, 72, 57.17 W, 100 %, 3480 MiB, 0x0000000000000000, Not Active, Not Active
2026/09/17 19:55:05.609, 72, 56.26 W, 100 %, 3480 MiB, 0x0000000000000000, Not Active, Not Active
2026/09/17 19:55:07.644, 74, 80.10 W, 94 %, 3480 MiB, 0x0000000000000004, Not Active, Not Active
2026/09/17 19:55:09.650, 74, 79.58 W, 94 %, 3480 MiB, 0x0000000000000004, Not Active, Not Active
2026/09/17 19:55:11.656, 74, 79.03 W, 94 %, 3480 MiB, 0x0000000000000004, Not Active, Not Active
2026/09/17 19:55:13.662, 74, 79.49 W, 93 %, 3480 MiB, 0x0000000000000004, Not Active, Not Active
2026/09/17 19:55:15.668, 75, 79.28 W, 93 %, 3480 MiB, 0x0000000000000004, Not Active, Not Active
2026/09/17 19:55:17.674, 75, 79.34 W, 93 %, 3480 MiB, 0x0000000000000004, Not Active, Not Active
2026/09/17 19:55:19.685, 75, 80.24 W, 91 %, 3480 MiB, 0x0000000000000004, Not Active, Not Active
2026/09/17 19:55:21.691, 75, 79.52 W, 94 %, 3480 MiB, 0x0000000000000004, Not Active, Not Active
2026/09/17 19:55:23.697, 72, 56.01 W, 90 %, 3480 MiB, 0x0000000000000000, Not Active, Not Active
2026/09/17 19:55:25.734, 72, 56.19 W, 100 %, 3480 MiB, 0x0000000000000000, Not Active, Not Active
2026/09/17 19:55:27.772, 72, 55.93 W, 100 %, 3480 MiB, 0x0000000000000000, Not Active, Not Active
2026/09/17 19:55:29.809, 73, 78.92 W, 89 %, 3480 MiB, 0x0000000000000004, Not Active, Not Active
2026/09/17 19:55:31.814, 74, 78.60 W, 93 %, 3480 MiB, 0x0000000000000004, Not Active, Not Active
2026/09/17 19:55:33.820, 74, 80.20 W, 94 %, 3480 MiB, 0x0000000000000004, Not Active, Not Active
2026/09/17 19:55:35.828, 75, 79.96 W, 94 %, 3480 MiB, 0x0000000000000004, Not Active, Not Active
2026/09/17 19:55:37.834, 75, 79.12 W, 95 %, 3480 MiB, 0x0000000000000004, Not Active, Not Active
2026/09/17 19:55:39.840, 75, 78.97 W, 94 %, 3480 MiB, 0x0000000000000004, Not Active, Not Active
2026/09/17 19:55:41.845, 74, 80.15 W, 91 %, 3480 MiB, 0x0000000000000004, Not Active, Not Active
2026/09/17 19:55:43.851, 75, 79.08 W, 94 %, 3480 MiB, 0x0000000000000004, Not Active, Not Active
2026/09/17 19:55:45.857, 72, 56.47 W, 100 %, 3480 MiB, 0x0000000000000000, Not Active, Not Active
2026/09/17 19:55:47.891, 72, 56.30 W, 100 %, 3480 MiB, 0x0000000000000000, Not Active, Not Active
2026/09/17 19:55:49.926, 72, 56.06 W, 99 %, 3480 MiB, 0x0000000000000000, Not Active, Not Active
2026/09/17 19:55:51.962, 72, 79.56 W, 97 %, 3480 MiB, 0x0000000000000004, Not Active, Not Active
2026/09/17 19:55:53.967, 74, 79.54 W, 95 %, 3480 MiB, 0x0000000000000004, Not Active, Not Active
2026/09/17 19:55:55.973, 74, 80.54 W, 91 %, 3480 MiB, 0x0000000000000004, Not Active, Not Active
2026/09/17 19:55:57.979, 75, 78.45 W, 93 %, 3480 MiB, 0x0000000000000004, Not Active, Not Active
2026/09/17 19:55:59.985, 75, 79.38 W, 94 %, 3480 MiB, 0x0000000000000004, Not Active, Not Active
2026/09/17 19:56:01.992, 75, 80.47 W, 93 %, 3480 MiB, 0x0000000000000004, Not Active, Not Active
2026/09/17 19:56:03.998, 75, 78.97 W, 93 %, 3480 MiB, 0x0000000000000004, Not Active, Not Active
2026/09/17 19:56:06.004, 75, 79.25 W, 95 %, 3480 MiB, 0x0000000000000004, Not Active, Not Active
2026/09/17 19:56:08.009, 75, 79.59 W, 94 %, 3480 MiB, 0x0000000000000004, Not Active, Not Active
2026/09/17 19:56:10.015, 75, 78.81 W, 93 %, 3480 MiB, 0x0000000000000004, Not Active, Not Active
2026/09/17 19:56:12.021, 75, 79.99 W, 94 %, 3480 MiB, 0x0000000000000004, Not Active, Not Active
2026/09/17 19:56:14.027, 75, 72.94 W, 87 %, 3480 MiB, 0x0000000000000004, Not Active, Not Active
2026/09/17 19:56:16.035, 73, 56.85 W, 100 %, 3480 MiB, 0x0000000000000000, Not Active, Not Active
2026/09/17 19:56:18.070, 72, 55.80 W, 100 %, 3480 MiB, 0x0000000000000000, Not Active, Not Active
2026/09/17 19:56:20.107, 72, 56.35 W, 100 %, 3480 MiB, 0x0000000000000000, Not Active, Not Active
2026/09/17 19:56:22.143, 75, 77.93 W, 94 %, 3480 MiB, 0x0000000000000004, Not Active, Not Active
2026/09/17 19:56:24.149, 75, 78.11 W, 94 %, 3480 MiB, 0x0000000000000004, Not Active, Not Active
2026/09/17 19:56:26.155, 75, 80.48 W, 94 %, 3480 MiB, 0x0000000000000004, Not Active, Not Active
2026/09/17 19:56:28.161, 75, 80.12 W, 95 %, 3480 MiB, 0x0000000000000004, Not Active, Not Active
2026/09/17 19:56:30.168, 75, 80.08 W, 92 %, 3480 MiB, 0x0000000000000004, Not Active, Not Active
2026/09/17 19:56:32.174, 75, 79.27 W, 92 %, 3480 MiB, 0x0000000000000004, Not Active, Not Active
2026/09/17 19:56:34.182, 75, 79.38 W, 93 %, 3480 MiB, 0x0000000000000004, Not Active, Not Active
2026/09/17 19:56:36.189, 75, 79.67 W, 91 %, 3480 MiB, 0x0000000000000004, Not Active, Not Active
2026/09/17 19:56:38.195, 75, 79.43 W, 93 %, 3480 MiB, 0x0000000000000004, Not Active, Not Active
2026/09/17 19:56:40.203, 75, 78.92 W, 91 %, 3480 MiB, 0x0000000000000004, Not Active, Not Active
2026/09/17 19:56:42.209, 73, 56.64 W, 100 %, 3480 MiB, 0x0000000000000000, Not Active, Not Active
2026/09/17 19:56:44.244, 73, 56.48 W, 100 %, 3480 MiB, 0x0000000000000000, Not Active, Not Active
2026/09/17 19:56:46.280, 72, 56.68 W, 100 %, 3480 MiB, 0x0000000000000000, Not Active, Not Active
2026/09/17 19:56:48.315, 72, 55.18 W, 100 %, 3480 MiB, 0x0000000000000000, Not Active, Not Active
2026/09/17 19:56:50.351, 72, 57.04 W, 100 %, 3480 MiB, 0x0000000000000000, Not Active, Not Active
2026/09/17 19:56:52.387, 72, 55.95 W, 100 %, 3480 MiB, 0x0000000000000000, Not Active, Not Active
2026/09/17 19:56:54.424, 74, 79.57 W, 94 %, 3480 MiB, 0x0000000000000004, Not Active, Not Active
2026/09/17 19:56:56.431, 74, 79.20 W, 94 %, 3480 MiB, 0x0000000000000004, Not Active, Not Active
2026/09/17 19:56:58.436, 75, 79.89 W, 94 %, 3480 MiB, 0x0000000000000004, Not Active, Not Active
2026/09/17 19:57:00.443, 75, 79.98 W, 91 %, 3480 MiB, 0x0000000000000004, Not Active, Not Active
2026/09/17 19:57:02.450, 75, 80.11 W, 94 %, 3480 MiB, 0x0000000000000004, Not Active, Not Active
2026/09/17 19:57:04.455, 75, 79.54 W, 94 %, 3480 MiB, 0x0000000000000004, Not Active, Not Active
2026/09/17 19:57:06.461, 75, 80.49 W, 92 %, 3480 MiB, 0x0000000000000004, Not Active, Not Active
2026/09/17 19:57:08.469, 75, 80.30 W, 93 %, 3480 MiB, 0x0000000000000004, Not Active, Not Active
2026/09/17 19:57:10.474, 75, 79.42 W, 93 %, 3480 MiB, 0x0000000000000004, Not Active, Not Active
2026/09/17 19:57:12.481, 73, 56.60 W, 100 %, 3480 MiB, 0x0000000000000000, Not Active, Not Active
2026/09/17 19:57:14.516, 72, 55.08 W, 100 %, 3480 MiB, 0x0000000000000000, Not Active, Not Active
2026/09/17 19:57:16.553, 72, 54.63 W, 99 %, 3480 MiB, 0x0000000000000000, Not Active, Not Active
2026/09/17 19:57:18.588, 74, 74.34 W, 100 %, 3480 MiB, 0x0000000000000004, Not Active, Not Active
2026/09/17 19:57:20.594, 74, 79.10 W, 94 %, 3480 MiB, 0x0000000000000004, Not Active, Not Active
2026/09/17 19:57:22.600, 74, 79.24 W, 94 %, 3480 MiB, 0x0000000000000004, Not Active, Not Active
2026/09/17 19:57:24.606, 75, 79.71 W, 91 %, 3480 MiB, 0x0000000000000004, Not Active, Not Active
2026/09/17 19:57:26.614, 75, 79.27 W, 95 %, 3480 MiB, 0x0000000000000004, Not Active, Not Active
2026/09/17 19:57:28.620, 75, 78.97 W, 94 %, 3480 MiB, 0x0000000000000004, Not Active, Not Active
2026/09/17 19:57:30.626, 75, 79.00 W, 94 %, 3480 MiB, 0x0000000000000004, Not Active, Not Active
2026/09/17 19:57:32.632, 75, 78.43 W, 91 %, 3480 MiB, 0x0000000000000004, Not Active, Not Active
2026/09/17 19:57:34.639, 73, 54.07 W, 89 %, 3480 MiB, 0x0000000000000000, Not Active, Not Active
2026/09/17 19:57:36.674, 73, 61.86 W, 100 %, 3480 MiB, 0x0000000000000004, Not Active, Not Active
2026/09/17 19:57:38.679, 72, 56.72 W, 100 %, 3480 MiB, 0x0000000000000000, Not Active, Not Active
2026/09/17 19:57:40.717, 72, 56.22 W, 100 %, 3480 MiB, 0x0000000000000000, Not Active, Not Active
2026/09/17 19:57:42.753, 74, 78.39 W, 95 %, 3480 MiB, 0x0000000000000004, Not Active, Not Active
2026/09/17 19:57:44.759, 75, 79.80 W, 94 %, 3480 MiB, 0x0000000000000004, Not Active, Not Active
2026/09/17 19:57:46.765, 75, 80.69 W, 94 %, 3480 MiB, 0x0000000000000004, Not Active, Not Active
2026/09/17 19:57:48.771, 75, 78.70 W, 94 %, 3480 MiB, 0x0000000000000004, Not Active, Not Active
2026/09/17 19:57:50.778, 75, 79.25 W, 94 %, 3480 MiB, 0x0000000000000004, Not Active, Not Active
2026/09/17 19:57:52.785, 75, 79.02 W, 94 %, 3480 MiB, 0x0000000000000004, Not Active, Not Active
2026/09/17 19:57:54.791, 75, 78.93 W, 94 %, 3480 MiB, 0x0000000000000004, Not Active, Not Active
2026/09/17 19:57:56.797, 75, 78.97 W, 91 %, 3480 MiB, 0x0000000000000004, Not Active, Not Active
2026/09/17 19:57:58.803, 73, 56.40 W, 100 %, 3480 MiB, 0x0000000000000000, Not Active, Not Active
2026/09/17 19:58:00.840, 73, 56.20 W, 100 %, 3480 MiB, 0x0000000000000000, Not Active, Not Active
2026/09/17 19:58:02.875, 72, 55.88 W, 99 %, 3480 MiB, 0x0000000000000000, Not Active, Not Active
2026/09/17 19:58:04.909, 74, 79.49 W, 97 %, 3480 MiB, 0x0000000000000004, Not Active, Not Active
2026/09/17 19:58:06.915, 74, 78.98 W, 95 %, 3480 MiB, 0x0000000000000004, Not Active, Not Active
2026/09/17 19:58:08.920, 75, 80.35 W, 94 %, 3480 MiB, 0x0000000000000004, Not Active, Not Active
2026/09/17 19:58:10.927, 75, 79.60 W, 93 %, 3480 MiB, 0x0000000000000004, Not Active, Not Active
2026/09/17 19:58:12.933, 75, 79.88 W, 94 %, 3480 MiB, 0x0000000000000004, Not Active, Not Active
2026/09/17 19:58:14.941, 75, 78.89 W, 93 %, 3480 MiB, 0x0000000000000004, Not Active, Not Active
2026/09/17 19:58:16.946, 75, 79.76 W, 94 %, 3480 MiB, 0x0000000000000004, Not Active, Not Active
2026/09/17 19:58:18.952, 75, 79.77 W, 93 %, 3480 MiB, 0x0000000000000004, Not Active, Not Active
2026/09/17 19:58:20.960, 75, 79.65 W, 89 %, 3480 MiB, 0x0000000000000004, Not Active, Not Active
2026/09/17 19:58:22.965, 74, 55.34 W, 85 %, 3480 MiB, 0x0000000000000000, Not Active, Not Active
2026/09/17 19:58:25.002, 73, 59.50 W, 100 %, 3480 MiB, 0x0000000000000004, Not Active, Not Active
2026/09/17 19:58:27.007, 73, 56.03 W, 100 %, 3480 MiB, 0x0000000000000000, Not Active, Not Active
2026/09/17 19:58:29.041, 72, 57.16 W, 100 %, 3480 MiB, 0x0000000000000000, Not Active, Not Active
2026/09/17 19:58:31.076, 75, 79.83 W, 94 %, 3480 MiB, 0x0000000000000004, Not Active, Not Active
2026/09/17 19:58:33.090, 75, 79.42 W, 94 %, 3480 MiB, 0x0000000000000004, Not Active, Not Active
2026/09/17 19:58:35.097, 75, 79.33 W, 93 %, 3480 MiB, 0x0000000000000004, Not Active, Not Active
2026/09/17 19:58:37.103, 75, 79.04 W, 94 %, 3480 MiB, 0x0000000000000004, Not Active, Not Active
2026/09/17 19:58:39.109, 75, 78.41 W, 94 %, 3480 MiB, 0x0000000000000004, Not Active, Not Active
2026/09/17 19:58:41.120, 75, 78.67 W, 94 %, 3480 MiB, 0x0000000000000004, Not Active, Not Active
2026/09/17 19:58:43.126, 75, 79.32 W, 92 %, 3480 MiB, 0x0000000000000004, Not Active, Not Active
2026/09/17 19:58:45.131, 75, 79.32 W, 95 %, 3480 MiB, 0x0000000000000004, Not Active, Not Active
2026/09/17 19:58:47.137, 75, 78.50 W, 95 %, 3480 MiB, 0x0000000000000004, Not Active, Not Active
2026/09/17 19:58:49.143, 73, 56.17 W, 100 %, 3480 MiB, 0x0000000000000000, Not Active, Not Active
2026/09/17 19:58:51.180, 73, 56.45 W, 100 %, 3480 MiB, 0x0000000000000000, Not Active, Not Active
2026/09/17 19:58:53.217, 72, 56.11 W, 100 %, 3480 MiB, 0x0000000000000000, Not Active, Not Active
2026/09/17 19:58:55.254, 72, 55.63 W, 100 %, 3480 MiB, 0x0000000000000000, Not Active, Not Active
2026/09/17 19:58:57.292, 72, 56.06 W, 100 %, 3480 MiB, 0x0000000000000000, Not Active, Not Active
2026/09/17 19:58:59.328, 72, 55.87 W, 99 %, 3480 MiB, 0x0000000000000000, Not Active, Not Active
2026/09/17 19:59:01.363, 74, 78.53 W, 96 %, 3480 MiB, 0x0000000000000004, Not Active, Not Active
2026/09/17 19:59:03.369, 74, 80.47 W, 94 %, 3480 MiB, 0x0000000000000004, Not Active, Not Active
2026/09/17 19:59:05.374, 75, 78.99 W, 94 %, 3480 MiB, 0x0000000000000004, Not Active, Not Active
2026/09/17 19:59:07.382, 75, 80.13 W, 94 %, 3480 MiB, 0x0000000000000004, Not Active, Not Active
2026/09/17 19:59:09.388, 75, 79.84 W, 94 %, 3480 MiB, 0x0000000000000004, Not Active, Not Active
2026/09/17 19:59:11.394, 75, 63.52 W, 94 %, 3480 MiB, 0x0000000000000004, Not Active, Not Active
2026/09/17 19:59:13.405, 75, 78.88 W, 94 %, 3480 MiB, 0x0000000000000004, Not Active, Not Active
2026/09/17 19:59:15.413, 75, 79.87 W, 93 %, 3480 MiB, 0x0000000000000004, Not Active, Not Active
2026/09/17 19:59:17.418, 75, 34.67 W, 90 %, 3480 MiB, 0x0000000000000000, Not Active, Not Active
2026/09/17 19:59:19.453, 69, 20.58 W, 0 %, 103 MiB, 0x0000000000000001, Not Active, Not Active
2026/09/17 19:59:21.514, 66, 8.78 W, 0 %, 103 MiB, 0x0000000000000001, Not Active, Not Active
2026/09/17 19:59:23.581, 64, 4.54 W, 0 %, 103 MiB, 0x0000000000000001, Not Active, Not Active
2026/09/17 19:59:25.653, 64, 4.50 W, 0 %, 103 MiB, 0x0000000000000001, Not Active, Not Active
2026/09/17 19:59:27.722, 63, 4.69 W, 0 %, 103 MiB, 0x0000000000000001, Not Active, Not Active
2026/09/17 19:59:29.790, 62, 4.47 W, 0 %, 103 MiB, 0x0000000000000001, Not Active, Not Active
2026/09/17 19:59:31.857, 62, 4.37 W, 0 %, 103 MiB, 0x0000000000000001, Not Active, Not Active
2026/09/17 19:59:33.923, 61, 4.37 W, 0 %, 103 MiB, 0x0000000000000001, Not Active, Not Active
2026/09/17 19:59:35.990, 61, 4.34 W, 0 %, 103 MiB, 0x0000000000000001, Not Active, Not Active
2026/09/17 19:59:38.058, 60, 4.40 W, 0 %, 103 MiB, 0x0000000000000001, Not Active, Not Active
2026/09/17 19:59:40.128, 60, 4.35 W, 0 %, 103 MiB, 0x0000000000000001, Not Active, Not Active
2026/09/17 19:59:42.195, 59, 4.50 W, 0 %, 103 MiB, 0x0000000000000001, Not Active, Not Active
2026/09/17 19:59:44.262, 59, 4.53 W, 0 %, 103 MiB, 0x0000000000000001, Not Active, Not Active
2026/09/17 19:59:46.331, 58, 4.27 W, 0 %, 103 MiB, 0x0000000000000001, Not Active, Not Active
2026/09/17 19:59:48.399, 58, 4.30 W, 0 %, 103 MiB, 0x0000000000000001, Not Active, Not Active
2026/09/17 19:59:50.466, 57, 4.26 W, 0 %, 103 MiB, 0x0000000000000001, Not Active, Not Active
2026/09/17 19:59:52.534, 57, 4.24 W, 0 %, 103 MiB, 0x0000000000000001, Not Active, Not Active
2026/09/17 19:59:54.601, 57, 4.10 W, 0 %, 103 MiB, 0x0000000000000001, Not Active, Not Active
2026/09/17 19:59:56.672, 56, 4.07 W, 0 %, 103 MiB, 0x0000000000000001, Not Active, Not Active
2026/09/17 19:59:58.739, 56, 4.27 W, 0 %, 103 MiB, 0x0000000000000001, Not Active, Not Active
2026/09/17 20:00:00.805, 56, 4.21 W, 0 %, 103 MiB, 0x0000000000000001, Not Active, Not Active
2026/09/17 20:00:02.878, 56, 4.07 W, 0 %, 103 MiB, 0x0000000000000001, Not Active, Not Active
2026/09/17 20:00:04.957, 55, 4.12 W, 0 %, 103 MiB, 0x0000000000000001, Not Active, Not Active
2026/09/17 20:00:07.025, 55, 4.14 W, 0 %, 103 MiB, 0x0000000000000001, Not Active, Not Active
2026/09/17 20:00:09.095, 55, 4.03 W, 0 %, 103 MiB, 0x0000000000000001, Not Active, Not Active
2026/09/17 20:00:11.167, 55, 4.19 W, 0 %, 103 MiB, 0x0000000000000001, Not Active, Not Active
2026/09/17 20:00:13.235, 55, 3.85 W, 0 %, 103 MiB, 0x0000000000000001, Not Active, Not Active
2026/09/17 20:00:15.303, 54, 4.26 W, 0 %, 103 MiB, 0x0000000000000001, Not Active, Not Active
2026/09/17 20:00:17.371, 54, 4.08 W, 0 %, 103 MiB, 0x0000000000000001, Not Active, Not Active
2026/09/17 20:00:19.439, 54, 3.95 W, 0 %, 103 MiB, 0x0000000000000001, Not Active, Not Active
2026/09/17 20:00:21.507, 54, 4.03 W, 0 %, 103 MiB, 0x0000000000000001, Not Active, Not Active
2026/09/17 20:00:23.575, 54, 3.87 W, 0 %, 103 MiB, 0x0000000000000001, Not Active, Not Active
2026/09/17 20:00:25.643, 54, 4.12 W, 0 %, 103 MiB, 0x0000000000000001, Not Active, Not Active
2026/09/17 20:00:27.717, 53, 4.09 W, 0 %, 103 MiB, 0x0000000000000001, Not Active, Not Active
2026/09/17 20:00:29.785, 53, 3.81 W, 0 %, 103 MiB, 0x0000000000000001, Not Active, Not Active
2026/09/17 20:00:31.852, 53, 3.91 W, 0 %, 103 MiB, 0x0000000000000001, Not Active, Not Active
2026/09/17 20:00:33.920, 53, 4.78 W, 0 %, 103 MiB, 0x0000000000000001, Not Active, Not Active
2026/09/17 20:00:36.003, 53, 4.84 W, 0 %, 104 MiB, 0x0000000000000001, Not Active, Not Active
2026/09/17 20:00:38.098, 53, 3.89 W, 0 %, 103 MiB, 0x0000000000000001, Not Active, Not Active
2026/09/17 20:00:40.186, 54, 23.14 W, 0 %, 176 MiB, 0x0000000000000000, Not Active, Not Active
2026/09/17 20:00:42.225, 55, 22.81 W, 0 %, 176 MiB, 0x0000000000000000, Not Active, Not Active
2026/09/17 20:00:44.265, 55, 22.71 W, 0 %, 176 MiB, 0x0000000000000000, Not Active, Not Active
2026/09/17 20:00:46.304, 55, 22.75 W, 0 %, 176 MiB, 0x0000000000000000, Not Active, Not Active
2026/09/17 20:00:48.343, 55, 22.80 W, 0 %, 176 MiB, 0x0000000000000000, Not Active, Not Active
2026/09/17 20:00:50.383, 55, 22.90 W, 1 %, 3940 MiB, 0x0000000000000000, Not Active, Not Active
2026/09/17 20:00:52.421, 57, 32.36 W, 15 %, 5316 MiB, 0x0000000000000000, Not Active, Not Active
2026/09/17 20:00:54.455, 56, 22.93 W, 0 %, 5316 MiB, 0x0000000000000000, Not Active, Not Active
2026/09/17 20:00:56.493, 56, 22.92 W, 0 %, 5316 MiB, 0x0000000000000000, Not Active, Not Active
2026/09/17 20:00:58.531, 56, 22.90 W, 0 %, 5316 MiB, 0x0000000000000000, Not Active, Not Active
2026/09/17 20:01:00.570, 56, 22.93 W, 0 %, 5316 MiB, 0x0000000000000000, Not Active, Not Active
2026/09/17 20:01:02.608, 56, 28.51 W, 0 %, 5316 MiB, 0x0000000000000000, Not Active, Not Active
2026/09/17 20:01:04.648, 56, 22.98 W, 0 %, 5328 MiB, 0x0000000000000000, Not Active, Not Active
2026/09/17 20:01:06.689, 56, 23.04 W, 0 %, 5328 MiB, 0x0000000000000000, Not Active, Not Active
2026/09/17 20:01:08.727, 56, 22.94 W, 0 %, 5328 MiB, 0x0000000000000000, Not Active, Not Active
2026/09/17 20:01:10.766, 56, 22.93 W, 0 %, 5328 MiB, 0x0000000000000000, Not Active, Not Active
2026/09/17 20:01:12.805, 56, 22.93 W, 0 %, 5328 MiB, 0x0000000000000000, Not Active, Not Active
2026/09/17 20:01:14.844, 56, 22.94 W, 0 %, 5328 MiB, 0x0000000000000000, Not Active, Not Active
2026/09/17 20:01:16.883, 56, 22.95 W, 0 %, 5328 MiB, 0x0000000000000000, Not Active, Not Active
2026/09/17 20:01:18.921, 56, 22.97 W, 0 %, 5342 MiB, 0x0000000000000000, Not Active, Not Active
2026/09/17 20:01:20.959, 56, 22.98 W, 0 %, 5342 MiB, 0x0000000000000000, Not Active, Not Active
2026/09/17 20:01:22.999, 56, 23.06 W, 0 %, 5342 MiB, 0x0000000000000000, Not Active, Not Active
2026/09/17 20:01:25.039, 56, 22.94 W, 0 %, 5342 MiB, 0x0000000000000000, Not Active, Not Active
2026/09/17 20:01:27.078, 56, 22.97 W, 0 %, 5342 MiB, 0x0000000000000000, Not Active, Not Active
2026/09/17 20:01:29.117, 56, 23.19 W, 0 %, 5342 MiB, 0x0000000000000000, Not Active, Not Active
2026/09/17 20:01:31.157, 56, 23.05 W, 0 %, 5342 MiB, 0x0000000000000000, Not Active, Not Active
2026/09/17 20:01:33.199, 56, 23.03 W, 0 %, 5342 MiB, 0x0000000000000000, Not Active, Not Active
2026/09/17 20:01:35.239, 56, 23.03 W, 0 %, 5342 MiB, 0x0000000000000000, Not Active, Not Active
2026/09/17 20:01:37.278, 56, 22.98 W, 0 %, 5342 MiB, 0x0000000000000000, Not Active, Not Active
2026/09/17 20:01:39.318, 56, 22.98 W, 0 %, 5342 MiB, 0x0000000000000000, Not Active, Not Active
2026/09/17 20:01:41.357, 56, 24.01 W, 2 %, 5342 MiB, 0x0000000000000000, Not Active, Not Active
2026/09/17 20:01:43.396, 56, 22.96 W, 0 %, 5342 MiB, 0x0000000000000000, Not Active, Not Active
2026/09/17 20:01:45.436, 56, 22.97 W, 0 %, 5342 MiB, 0x0000000000000000, Not Active, Not Active
2026/09/17 20:01:47.474, 56, 22.96 W, 0 %, 5342 MiB, 0x0000000000000000, Not Active, Not Active
2026/09/17 20:01:49.511, 56, 22.92 W, 0 %, 5342 MiB, 0x0000000000000000, Not Active, Not Active
2026/09/17 20:01:51.549, 56, 22.96 W, 0 %, 5342 MiB, 0x0000000000000000, Not Active, Not Active
2026/09/17 20:01:53.589, 56, 22.94 W, 0 %, 5342 MiB, 0x0000000000000000, Not Active, Not Active
2026/09/17 20:01:55.630, 56, 22.92 W, 0 %, 5342 MiB, 0x0000000000000000, Not Active, Not Active
2026/09/17 20:01:57.668, 56, 22.84 W, 0 %, 5342 MiB, 0x0000000000000000, Not Active, Not Active
2026/09/17 20:01:59.712, 56, 22.90 W, 0 %, 5342 MiB, 0x0000000000000000, Not Active, Not Active
2026/09/17 20:02:01.751, 56, 22.95 W, 0 %, 5342 MiB, 0x0000000000000000, Not Active, Not Active
2026/09/17 20:02:03.792, 56, 22.84 W, 0 %, 5342 MiB, 0x0000000000000000, Not Active, Not Active
2026/09/17 20:02:05.829, 56, 22.84 W, 0 %, 5342 MiB, 0x0000000000000000, Not Active, Not Active
2026/09/17 20:02:07.867, 56, 22.95 W, 0 %, 5342 MiB, 0x0000000000000000, Not Active, Not Active
2026/09/17 20:02:09.906, 56, 22.83 W, 3 %, 5342 MiB, 0x0000000000000000, Not Active, Not Active
2026/09/17 20:02:11.946, 56, 22.95 W, 0 %, 5342 MiB, 0x0000000000000000, Not Active, Not Active
2026/09/17 20:02:13.987, 56, 22.93 W, 0 %, 5342 MiB, 0x0000000000000000, Not Active, Not Active
2026/09/17 20:02:16.026, 56, 23.09 W, 0 %, 5342 MiB, 0x0000000000000000, Not Active, Not Active
2026/09/17 20:02:18.065, 56, 22.90 W, 0 %, 5342 MiB, 0x0000000000000000, Not Active, Not Active
2026/09/17 20:02:20.105, 56, 22.87 W, 0 %, 5342 MiB, 0x0000000000000000, Not Active, Not Active
2026/09/17 20:02:22.143, 56, 23.63 W, 1 %, 5342 MiB, 0x0000000000000000, Not Active, Not Active
2026/09/17 20:02:24.181, 57, 34.40 W, 23 %, 5344 MiB, 0x0000000000000000, Not Active, Not Active
2026/09/17 20:02:26.225, 56, 23.08 W, 0 %, 5344 MiB, 0x0000000000000000, Not Active, Not Active
2026/09/17 20:02:28.265, 56, 23.01 W, 0 %, 5344 MiB, 0x0000000000000000, Not Active, Not Active
2026/09/17 20:02:30.304, 56, 23.00 W, 0 %, 5344 MiB, 0x0000000000000000, Not Active, Not Active
2026/09/17 20:02:32.342, 56, 23.03 W, 0 %, 5344 MiB, 0x0000000000000000, Not Active, Not Active
2026/09/17 20:02:34.381, 56, 23.08 W, 0 %, 5344 MiB, 0x0000000000000000, Not Active, Not Active
2026/09/17 20:02:36.420, 58, 40.56 W, 1 %, 5350 MiB, 0x0000000000000000, Not Active, Not Active
2026/09/17 20:02:38.458, 59, 41.05 W, 55 %, 5350 MiB, 0x0000000000000000, Not Active, Not Active
2026/09/17 20:02:40.494, 60, 53.38 W, 89 %, 5400 MiB, 0x0000000000000000, Not Active, Not Active
2026/09/17 20:02:42.530, 60, 53.85 W, 89 %, 5400 MiB, 0x0000000000000000, Not Active, Not Active
2026/09/17 20:02:44.564, 61, 51.46 W, 84 %, 5400 MiB, 0x0000000000000000, Not Active, Not Active
2026/09/17 20:02:46.600, 61, 54.23 W, 84 %, 5400 MiB, 0x0000000000000000, Not Active, Not Active
2026/09/17 20:02:48.637, 62, 51.82 W, 96 %, 5400 MiB, 0x0000000000000000, Not Active, Not Active
2026/09/17 20:02:50.673, 62, 49.08 W, 92 %, 5400 MiB, 0x0000000000000000, Not Active, Not Active
2026/09/17 20:02:52.713, 61, 38.89 W, 30 %, 5400 MiB, 0x0000000000000000, Not Active, Not Active
2026/09/17 20:02:54.753, 60, 34.70 W, 27 %, 5400 MiB, 0x0000000000000000, Not Active, Not Active
2026/09/17 20:02:56.793, 60, 33.54 W, 34 %, 5400 MiB, 0x0000000000000000, Not Active, Not Active
2026/09/17 20:02:58.834, 62, 50.97 W, 89 %, 5400 MiB, 0x0000000000000000, Not Active, Not Active
2026/09/17 20:03:00.870, 63, 54.97 W, 91 %, 5400 MiB, 0x0000000000000000, Not Active, Not Active
2026/09/17 20:03:02.906, 63, 54.57 W, 97 %, 5400 MiB, 0x0000000000000000, Not Active, Not Active
2026/09/17 20:03:04.940, 63, 57.38 W, 98 %, 5400 MiB, 0x0000000000000000, Not Active, Not Active
2026/09/17 20:03:06.974, 64, 52.14 W, 96 %, 5400 MiB, 0x0000000000000000, Not Active, Not Active
2026/09/17 20:03:09.011, 64, 58.23 W, 99 %, 5400 MiB, 0x0000000000000000, Not Active, Not Active
2026/09/17 20:03:11.047, 64, 54.23 W, 31 %, 5400 MiB, 0x0000000000000000, Not Active, Not Active
2026/09/17 20:03:13.084, 61, 35.86 W, 25 %, 5400 MiB, 0x0000000000000000, Not Active, Not Active
2026/09/17 20:03:15.124, 61, 35.82 W, 34 %, 5400 MiB, 0x0000000000000000, Not Active, Not Active
2026/09/17 20:03:17.164, 60, 23.65 W, 28 %, 5400 MiB, 0x0000000000000000, Not Active, Not Active
2026/09/17 20:03:19.204, 59, 23.53 W, 0 %, 5400 MiB, 0x0000000000000000, Not Active, Not Active
2026/09/17 20:03:21.243, 63, 51.48 W, 93 %, 5400 MiB, 0x0000000000000000, Not Active, Not Active
2026/09/17 20:03:23.279, 63, 53.42 W, 92 %, 5400 MiB, 0x0000000000000000, Not Active, Not Active
2026/09/17 20:03:25.314, 64, 56.62 W, 93 %, 5400 MiB, 0x0000000000000000, Not Active, Not Active
2026/09/17 20:03:27.348, 64, 49.29 W, 93 %, 5400 MiB, 0x0000000000000000, Not Active, Not Active
2026/09/17 20:03:29.385, 63, 38.52 W, 92 %, 5400 MiB, 0x0000000000000000, Not Active, Not Active
2026/09/17 20:03:31.420, 62, 35.00 W, 24 %, 5400 MiB, 0x0000000000000000, Not Active, Not Active
2026/09/17 20:03:33.462, 61, 31.31 W, 33 %, 5400 MiB, 0x0000000000000000, Not Active, Not Active
2026/09/17 20:03:35.503, 61, 31.57 W, 27 %, 5400 MiB, 0x0000000000000000, Not Active, Not Active
2026/09/17 20:03:37.544, 61, 35.79 W, 32 %, 5400 MiB, 0x0000000000000000, Not Active, Not Active
2026/09/17 20:03:39.587, 61, 34.22 W, 35 %, 5400 MiB, 0x0000000000000000, Not Active, Not Active
2026/09/17 20:03:41.628, 62, 48.06 W, 34 %, 5400 MiB, 0x0000000000000000, Not Active, Not Active
2026/09/17 20:03:43.663, 64, 52.03 W, 56 %, 5400 MiB, 0x0000000000000000, Not Active, Not Active
2026/09/17 20:03:45.700, 61, 34.38 W, 25 %, 5400 MiB, 0x0000000000000000, Not Active, Not Active
2026/09/17 20:03:47.745, 61, 30.08 W, 41 %, 5400 MiB, 0x0000000000000000, Not Active, Not Active
2026/09/17 20:03:49.780, 64, 50.53 W, 92 %, 5400 MiB, 0x0000000000000000, Not Active, Not Active
2026/09/17 20:03:51.815, 64, 57.81 W, 29 %, 5400 MiB, 0x0000000000000000, Not Active, Not Active
2026/09/17 20:03:53.852, 62, 27.59 W, 27 %, 5400 MiB, 0x0000000000000000, Not Active, Not Active
2026/09/17 20:03:55.892, 64, 50.24 W, 92 %, 5400 MiB, 0x0000000000000000, Not Active, Not Active
2026/09/17 20:03:57.929, 65, 56.18 W, 28 %, 5400 MiB, 0x0000000000000000, Not Active, Not Active
2026/09/17 20:03:59.965, 62, 31.22 W, 25 %, 5400 MiB, 0x0000000000000000, Not Active, Not Active
2026/09/17 20:04:02.006, 62, 33.49 W, 36 %, 5400 MiB, 0x0000000000000000, Not Active, Not Active
2026/09/17 20:04:04.046, 64, 50.91 W, 92 %, 5400 MiB, 0x0000000000000000, Not Active, Not Active
2026/09/17 20:04:06.081, 64, 57.77 W, 90 %, 5400 MiB, 0x0000000000000000, Not Active, Not Active
2026/09/17 20:04:08.116, 63, 34.87 W, 24 %, 5400 MiB, 0x0000000000000000, Not Active, Not Active
2026/09/17 20:04:10.157, 63, 33.87 W, 33 %, 5400 MiB, 0x0000000000000000, Not Active, Not Active
2026/09/17 20:04:12.198, 62, 27.88 W, 26 %, 5400 MiB, 0x0000000000000000, Not Active, Not Active
2026/09/17 20:04:14.240, 65, 49.65 W, 93 %, 5400 MiB, 0x0000000000000000, Not Active, Not Active
2026/09/17 20:04:16.276, 65, 58.11 W, 37 %, 5400 MiB, 0x0000000000000000, Not Active, Not Active
2026/09/17 20:04:18.313, 63, 31.12 W, 28 %, 5400 MiB, 0x0000000000000000, Not Active, Not Active
2026/09/17 20:04:20.353, 65, 52.93 W, 37 %, 5400 MiB, 0x0000000000000000, Not Active, Not Active
2026/09/17 20:04:22.390, 65, 50.67 W, 92 %, 5400 MiB, 0x0000000000000000, Not Active, Not Active
2026/09/17 20:04:24.427, 65, 53.94 W, 98 %, 5400 MiB, 0x0000000000000000, Not Active, Not Active
2026/09/17 20:04:26.464, 63, 36.47 W, 32 %, 5400 MiB, 0x0000000000000000, Not Active, Not Active
2026/09/17 20:04:28.504, 63, 32.86 W, 36 %, 5400 MiB, 0x0000000000000000, Not Active, Not Active
2026/09/17 20:04:30.543, 65, 52.75 W, 55 %, 5400 MiB, 0x0000000000000000, Not Active, Not Active
2026/09/17 20:04:32.578, 65, 51.19 W, 95 %, 5400 MiB, 0x0000000000000000, Not Active, Not Active
2026/09/17 20:04:34.614, 65, 52.07 W, 98 %, 5400 MiB, 0x0000000000000000, Not Active, Not Active
2026/09/17 20:04:36.652, 64, 34.57 W, 29 %, 5400 MiB, 0x0000000000000000, Not Active, Not Active
2026/09/17 20:04:38.693, 63, 36.10 W, 37 %, 5400 MiB, 0x0000000000000000, Not Active, Not Active
2026/09/17 20:04:40.737, 65, 48.32 W, 54 %, 5400 MiB, 0x0000000000000000, Not Active, Not Active
2026/09/17 20:04:42.773, 66, 50.60 W, 94 %, 5400 MiB, 0x0000000000000000, Not Active, Not Active
2026/09/17 20:04:44.810, 66, 57.72 W, 97 %, 5400 MiB, 0x0000000000000000, Not Active, Not Active
2026/09/17 20:04:46.847, 64, 33.28 W, 31 %, 5400 MiB, 0x0000000000000000, Not Active, Not Active
2026/09/17 20:04:48.888, 63, 34.59 W, 31 %, 5400 MiB, 0x0000000000000000, Not Active, Not Active
2026/09/17 20:04:50.930, 65, 51.87 W, 93 %, 5400 MiB, 0x0000000000000000, Not Active, Not Active
2026/09/17 20:04:52.967, 66, 57.67 W, 69 %, 5400 MiB, 0x0000000000000000, Not Active, Not Active
2026/09/17 20:04:55.003, 64, 35.78 W, 28 %, 5400 MiB, 0x0000000000000000, Not Active, Not Active
2026/09/17 20:04:57.045, 63, 48.83 W, 45 %, 5400 MiB, 0x0000000000000000, Not Active, Not Active
2026/09/17 20:04:59.080, 66, 57.14 W, 50 %, 5400 MiB, 0x0000000000000000, Not Active, Not Active
2026/09/17 20:05:01.117, 63, 33.85 W, 25 %, 5400 MiB, 0x0000000000000000, Not Active, Not Active
2026/09/17 20:05:03.159, 63, 34.45 W, 26 %, 5400 MiB, 0x0000000000000000, Not Active, Not Active
2026/09/17 20:05:05.202, 65, 50.52 W, 80 %, 5400 MiB, 0x0000000000000000, Not Active, Not Active
2026/09/17 20:05:07.241, 66, 52.97 W, 93 %, 5400 MiB, 0x0000000000000000, Not Active, Not Active
2026/09/17 20:05:09.276, 64, 36.93 W, 31 %, 5400 MiB, 0x0000000000000000, Not Active, Not Active
2026/09/17 20:05:11.315, 64, 35.81 W, 34 %, 5400 MiB, 0x0000000000000000, Not Active, Not Active
2026/09/17 20:05:13.355, 66, 52.01 W, 94 %, 5400 MiB, 0x0000000000000000, Not Active, Not Active
2026/09/17 20:05:15.390, 66, 53.20 W, 95 %, 5400 MiB, 0x0000000000000000, Not Active, Not Active
2026/09/17 20:05:17.426, 67, 49.12 W, 60 %, 5400 MiB, 0x0000000000000000, Not Active, Not Active
2026/09/17 20:05:19.460, 64, 36.27 W, 30 %, 5400 MiB, 0x0000000000000000, Not Active, Not Active
2026/09/17 20:05:21.501, 64, 36.24 W, 35 %, 5400 MiB, 0x0000000000000000, Not Active, Not Active
2026/09/17 20:05:23.543, 66, 50.76 W, 81 %, 5400 MiB, 0x0000000000000000, Not Active, Not Active
2026/09/17 20:05:25.578, 67, 57.94 W, 89 %, 5400 MiB, 0x0000000000000000, Not Active, Not Active
2026/09/17 20:05:27.615, 65, 33.94 W, 28 %, 5400 MiB, 0x0000000000000000, Not Active, Not Active
2026/09/17 20:05:29.656, 64, 31.24 W, 36 %, 5400 MiB, 0x0000000000000000, Not Active, Not Active
2026/09/17 20:05:31.702, 66, 50.78 W, 92 %, 5400 MiB, 0x0000000000000000, Not Active, Not Active
2026/09/17 20:05:33.741, 67, 52.50 W, 89 %, 5400 MiB, 0x0000000000000000, Not Active, Not Active
2026/09/17 20:05:35.777, 67, 50.62 W, 95 %, 5400 MiB, 0x0000000000000000, Not Active, Not Active
2026/09/17 20:05:37.815, 67, 52.20 W, 95 %, 5400 MiB, 0x0000000000000000, Not Active, Not Active
2026/09/17 20:05:39.850, 67, 58.26 W, 99 %, 5400 MiB, 0x0000000000000000, Not Active, Not Active
2026/09/17 20:05:41.887, 64, 31.27 W, 28 %, 5400 MiB, 0x0000000000000000, Not Active, Not Active
2026/09/17 20:05:43.930, 64, 36.20 W, 31 %, 5400 MiB, 0x0000000000000000, Not Active, Not Active
2026/09/17 20:05:45.972, 64, 34.41 W, 34 %, 5400 MiB, 0x0000000000000000, Not Active, Not Active
2026/09/17 20:05:48.012, 63, 33.08 W, 30 %, 5400 MiB, 0x0000000000000000, Not Active, Not Active
2026/09/17 20:05:50.055, 64, 36.17 W, 32 %, 5400 MiB, 0x0000000000000000, Not Active, Not Active
2026/09/17 20:05:52.096, 64, 36.21 W, 35 %, 5400 MiB, 0x0000000000000000, Not Active, Not Active
2026/09/17 20:05:54.137, 63, 34.22 W, 29 %, 5400 MiB, 0x0000000000000000, Not Active, Not Active
2026/09/17 20:05:56.180, 63, 36.09 W, 36 %, 5400 MiB, 0x0000000000000000, Not Active, Not Active
2026/09/17 20:05:58.222, 63, 36.20 W, 27 %, 5400 MiB, 0x0000000000000000, Not Active, Not Active
2026/09/17 20:06:00.267, 63, 32.89 W, 30 %, 5400 MiB, 0x0000000000000000, Not Active, Not Active
2026/09/17 20:06:02.309, 63, 33.97 W, 35 %, 5400 MiB, 0x0000000000000000, Not Active, Not Active
2026/09/17 20:06:04.349, 63, 34.69 W, 32 %, 5400 MiB, 0x0000000000000000, Not Active, Not Active
2026/09/17 20:06:06.392, 62, 31.92 W, 31 %, 5400 MiB, 0x0000000000000000, Not Active, Not Active
2026/09/17 20:06:08.431, 62, 31.54 W, 32 %, 5400 MiB, 0x0000000000000000, Not Active, Not Active
2026/09/17 20:06:10.472, 64, 52.16 W, 60 %, 5400 MiB, 0x0000000000000000, Not Active, Not Active
2026/09/17 20:06:12.508, 65, 51.25 W, 90 %, 5400 MiB, 0x0000000000000000, Not Active, Not Active
2026/09/17 20:06:14.545, 65, 56.05 W, 33 %, 5400 MiB, 0x0000000000000000, Not Active, Not Active
2026/09/17 20:06:16.581, 63, 34.44 W, 34 %, 5400 MiB, 0x0000000000000000, Not Active, Not Active
2026/09/17 20:06:18.622, 62, 31.39 W, 27 %, 5400 MiB, 0x0000000000000000, Not Active, Not Active
2026/09/17 20:06:20.664, 62, 35.21 W, 24 %, 5400 MiB, 0x0000000000000000, Not Active, Not Active
2026/09/17 20:06:22.704, 62, 35.83 W, 32 %, 5400 MiB, 0x0000000000000000, Not Active, Not Active
2026/09/17 20:06:24.746, 62, 33.12 W, 27 %, 5400 MiB, 0x0000000000000000, Not Active, Not Active
2026/09/17 20:06:26.786, 62, 35.69 W, 34 %, 5400 MiB, 0x0000000000000000, Not Active, Not Active
2026/09/17 20:06:28.825, 62, 35.80 W, 34 %, 5400 MiB, 0x0000000000000000, Not Active, Not Active
2026/09/17 20:06:30.868, 61, 31.87 W, 28 %, 5400 MiB, 0x0000000000000000, Not Active, Not Active
2026/09/17 20:06:32.909, 62, 34.94 W, 27 %, 5400 MiB, 0x0000000000000000, Not Active, Not Active
2026/09/17 20:06:34.949, 61, 34.38 W, 30 %, 5400 MiB, 0x0000000000000000, Not Active, Not Active
2026/09/17 20:06:36.991, 64, 50.62 W, 52 %, 5400 MiB, 0x0000000000000000, Not Active, Not Active
2026/09/17 20:06:39.026, 64, 51.65 W, 95 %, 5400 MiB, 0x0000000000000000, Not Active, Not Active
2026/09/17 20:06:41.062, 64, 40.58 W, 97 %, 5400 MiB, 0x0000000000000000, Not Active, Not Active
2026/09/17 20:06:43.100, 63, 31.69 W, 28 %, 5400 MiB, 0x0000000000000000, Not Active, Not Active
2026/09/17 20:06:45.141, 62, 35.72 W, 22 %, 5400 MiB, 0x0000000000000000, Not Active, Not Active
2026/09/17 20:06:47.184, 62, 35.61 W, 35 %, 5400 MiB, 0x0000000000000000, Not Active, Not Active
2026/09/17 20:06:49.224, 61, 35.61 W, 34 %, 5400 MiB, 0x0000000000000000, Not Active, Not Active
2026/09/17 20:06:51.267, 62, 35.60 W, 27 %, 5400 MiB, 0x0000000000000000, Not Active, Not Active
2026/09/17 20:06:53.309, 61, 35.62 W, 34 %, 5400 MiB, 0x0000000000000000, Not Active, Not Active
2026/09/17 20:06:55.351, 61, 31.23 W, 26 %, 5400 MiB, 0x0000000000000000, Not Active, Not Active
2026/09/17 20:06:57.390, 61, 35.49 W, 31 %, 5400 MiB, 0x0000000000000000, Not Active, Not Active
2026/09/17 20:06:59.430, 61, 34.06 W, 36 %, 5400 MiB, 0x0000000000000000, Not Active, Not Active
2026/09/17 20:07:01.473, 61, 33.51 W, 36 %, 5400 MiB, 0x0000000000000000, Not Active, Not Active
2026/09/17 20:07:03.513, 61, 35.73 W, 28 %, 5400 MiB, 0x0000000000000000, Not Active, Not Active
2026/09/17 20:07:05.553, 61, 33.63 W, 34 %, 5400 MiB, 0x0000000000000000, Not Active, Not Active
2026/09/17 20:07:07.596, 61, 33.14 W, 28 %, 5400 MiB, 0x0000000000000000, Not Active, Not Active
2026/09/17 20:07:09.638, 61, 34.39 W, 31 %, 5400 MiB, 0x0000000000000000, Not Active, Not Active
2026/09/17 20:07:11.678, 61, 34.12 W, 36 %, 5400 MiB, 0x0000000000000000, Not Active, Not Active
2026/09/17 20:07:13.719, 63, 50.78 W, 96 %, 5400 MiB, 0x0000000000000000, Not Active, Not Active
2026/09/17 20:07:15.756, 64, 54.20 W, 95 %, 5400 MiB, 0x0000000000000000, Not Active, Not Active
2026/09/17 20:07:17.793, 64, 49.62 W, 99 %, 5400 MiB, 0x0000000000000000, Not Active, Not Active
2026/09/17 20:07:19.830, 64, 50.73 W, 92 %, 5400 MiB, 0x0000000000000000, Not Active, Not Active
2026/09/17 20:07:21.867, 64, 57.71 W, 89 %, 5400 MiB, 0x0000000000000000, Not Active, Not Active
2026/09/17 20:07:23.904, 64, 57.65 W, 95 %, 5400 MiB, 0x0000000000000000, Not Active, Not Active
2026/09/17 20:07:25.942, 65, 54.60 W, 97 %, 5400 MiB, 0x0000000000000000, Not Active, Not Active
2026/09/17 20:07:27.978, 64, 54.81 W, 98 %, 5400 MiB, 0x0000000000000000, Not Active, Not Active
2026/09/17 20:07:30.016, 65, 53.19 W, 100 %, 5400 MiB, 0x0000000000000000, Not Active, Not Active
2026/09/17 20:07:32.053, 65, 51.23 W, 31 %, 5400 MiB, 0x0000000000000000, Not Active, Not Active
2026/09/17 20:07:34.093, 62, 37.44 W, 37 %, 5400 MiB, 0x0000000000000000, Not Active, Not Active
2026/09/17 20:07:36.132, 62, 34.94 W, 36 %, 5400 MiB, 0x0000000000000000, Not Active, Not Active
2026/09/17 20:07:38.174, 62, 32.46 W, 37 %, 5400 MiB, 0x0000000000000000, Not Active, Not Active
2026/09/17 20:07:40.214, 62, 36.23 W, 28 %, 5400 MiB, 0x0000000000000000, Not Active, Not Active
2026/09/17 20:07:42.253, 62, 38.44 W, 39 %, 5400 MiB, 0x0000000000000000, Not Active, Not Active
2026/09/17 20:07:44.298, 62, 31.72 W, 34 %, 5400 MiB, 0x0000000000000000, Not Active, Not Active
2026/09/17 20:07:46.343, 62, 37.90 W, 33 %, 5400 MiB, 0x0000000000000000, Not Active, Not Active
2026/09/17 20:07:48.383, 62, 37.69 W, 37 %, 5400 MiB, 0x0000000000000000, Not Active, Not Active
2026/09/17 20:07:50.423, 62, 32.58 W, 38 %, 5400 MiB, 0x0000000000000000, Not Active, Not Active
2026/09/17 20:07:52.465, 62, 34.85 W, 28 %, 5400 MiB, 0x0000000000000000, Not Active, Not Active
2026/09/17 20:07:54.506, 62, 38.27 W, 37 %, 5400 MiB, 0x0000000000000000, Not Active, Not Active
2026/09/17 20:07:56.546, 62, 35.46 W, 39 %, 5400 MiB, 0x0000000000000000, Not Active, Not Active
2026/09/17 20:07:58.586, 62, 36.86 W, 35 %, 5400 MiB, 0x0000000000000000, Not Active, Not Active
2026/09/17 20:08:00.624, 62, 38.82 W, 38 %, 5400 MiB, 0x0000000000000000, Not Active, Not Active
2026/09/17 20:08:02.662, 62, 32.21 W, 30 %, 5400 MiB, 0x0000000000000000, Not Active, Not Active
2026/09/17 20:08:04.703, 62, 34.74 W, 33 %, 5400 MiB, 0x0000000000000000, Not Active, Not Active
2026/09/17 20:08:06.744, 62, 35.31 W, 37 %, 5400 MiB, 0x0000000000000000, Not Active, Not Active
2026/09/17 20:08:08.786, 62, 36.24 W, 37 %, 5400 MiB, 0x0000000000000000, Not Active, Not Active
2026/09/17 20:08:10.828, 62, 36.22 W, 32 %, 5400 MiB, 0x0000000000000000, Not Active, Not Active
2026/09/17 20:08:12.866, 62, 35.72 W, 38 %, 5400 MiB, 0x0000000000000000, Not Active, Not Active
2026/09/17 20:08:14.905, 62, 34.05 W, 31 %, 5400 MiB, 0x0000000000000000, Not Active, Not Active
2026/09/17 20:08:16.946, 62, 36.17 W, 30 %, 5400 MiB, 0x0000000000000000, Not Active, Not Active
2026/09/17 20:08:18.988, 62, 36.37 W, 35 %, 5400 MiB, 0x0000000000000000, Not Active, Not Active
2026/09/17 20:08:21.028, 61, 31.56 W, 33 %, 5400 MiB, 0x0000000000000000, Not Active, Not Active
2026/09/17 20:08:23.062, 65, 54.53 W, 96 %, 5400 MiB, 0x0000000000000000, Not Active, Not Active
2026/09/17 20:08:25.098, 65, 54.63 W, 94 %, 5400 MiB, 0x0000000000000000, Not Active, Not Active
2026/09/17 20:08:27.135, 65, 54.75 W, 98 %, 5400 MiB, 0x0000000000000000, Not Active, Not Active
2026/09/17 20:08:29.171, 65, 57.14 W, 99 %, 5400 MiB, 0x0000000000000000, Not Active, Not Active
2026/09/17 20:08:31.206, 66, 58.69 W, 32 %, 5400 MiB, 0x0000000000000000, Not Active, Not Active
2026/09/17 20:08:33.243, 64, 34.80 W, 37 %, 5400 MiB, 0x0000000000000000, Not Active, Not Active
2026/09/17 20:08:35.290, 63, 32.12 W, 30 %, 5400 MiB, 0x0000000000000000, Not Active, Not Active
2026/09/17 20:08:37.330, 63, 37.28 W, 34 %, 5400 MiB, 0x0000000000000000, Not Active, Not Active
2026/09/17 20:08:39.370, 63, 34.33 W, 34 %, 5400 MiB, 0x0000000000000000, Not Active, Not Active
2026/09/17 20:08:41.409, 63, 37.77 W, 31 %, 5400 MiB, 0x0000000000000000, Not Active, Not Active
2026/09/17 20:08:43.449, 63, 38.58 W, 39 %, 5400 MiB, 0x0000000000000000, Not Active, Not Active
2026/09/17 20:08:45.489, 63, 34.16 W, 35 %, 5400 MiB, 0x0000000000000000, Not Active, Not Active
2026/09/17 20:08:47.533, 62, 34.39 W, 27 %, 5400 MiB, 0x0000000000000000, Not Active, Not Active
2026/09/17 20:08:49.576, 63, 37.37 W, 38 %, 5400 MiB, 0x0000000000000000, Not Active, Not Active
2026/09/17 20:08:51.617, 63, 38.58 W, 39 %, 5400 MiB, 0x0000000000000000, Not Active, Not Active
2026/09/17 20:08:53.657, 62, 34.00 W, 32 %, 5400 MiB, 0x0000000000000000, Not Active, Not Active
2026/09/17 20:08:55.698, 63, 36.24 W, 37 %, 5400 MiB, 0x0000000000000000, Not Active, Not Active
2026/09/17 20:08:57.738, 63, 34.18 W, 38 %, 5400 MiB, 0x0000000000000000, Not Active, Not Active
2026/09/17 20:08:59.778, 62, 31.83 W, 27 %, 5400 MiB, 0x0000000000000000, Not Active, Not Active
2026/09/17 20:09:01.819, 63, 38.15 W, 38 %, 5400 MiB, 0x0000000000000000, Not Active, Not Active
2026/09/17 20:09:03.858, 63, 36.16 W, 38 %, 5400 MiB, 0x0000000000000000, Not Active, Not Active
2026/09/17 20:09:05.898, 62, 31.88 W, 29 %, 5400 MiB, 0x0000000000000000, Not Active, Not Active
2026/09/17 20:09:07.939, 63, 35.84 W, 39 %, 5400 MiB, 0x0000000000000000, Not Active, Not Active
2026/09/17 20:09:09.978, 63, 32.85 W, 35 %, 5400 MiB, 0x0000000000000000, Not Active, Not Active
2026/09/17 20:09:12.019, 63, 36.30 W, 33 %, 5400 MiB, 0x0000000000000000, Not Active, Not Active
2026/09/17 20:09:14.057, 63, 38.61 W, 39 %, 5400 MiB, 0x0000000000000000, Not Active, Not Active
2026/09/17 20:09:16.096, 63, 38.17 W, 36 %, 5400 MiB, 0x0000000000000000, Not Active, Not Active
2026/09/17 20:09:18.136, 65, 53.24 W, 97 %, 5400 MiB, 0x0000000000000000, Not Active, Not Active
2026/09/17 20:09:20.172, 65, 53.37 W, 97 %, 5400 MiB, 0x0000000000000000, Not Active, Not Active
2026/09/17 20:09:22.208, 66, 53.31 W, 96 %, 5400 MiB, 0x0000000000000000, Not Active, Not Active
2026/09/17 20:09:24.242, 66, 54.99 W, 96 %, 5400 MiB, 0x0000000000000000, Not Active, Not Active
2026/09/17 20:09:26.279, 66, 56.37 W, 74 %, 5400 MiB, 0x0000000000000000, Not Active, Not Active
2026/09/17 20:09:28.316, 65, 41.98 W, 35 %, 5400 MiB, 0x0000000000000000, Not Active, Not Active
2026/09/17 20:09:30.355, 64, 36.40 W, 28 %, 5400 MiB, 0x0000000000000000, Not Active, Not Active
2026/09/17 20:09:32.394, 63, 33.63 W, 35 %, 5400 MiB, 0x0000000000000000, Not Active, Not Active
2026/09/17 20:09:34.434, 63, 35.49 W, 38 %, 5400 MiB, 0x0000000000000000, Not Active, Not Active
2026/09/17 20:09:36.476, 63, 35.58 W, 28 %, 5400 MiB, 0x0000000000000000, Not Active, Not Active
2026/09/17 20:09:38.516, 63, 36.88 W, 39 %, 5400 MiB, 0x0000000000000000, Not Active, Not Active
2026/09/17 20:09:40.557, 63, 38.57 W, 33 %, 5400 MiB, 0x0000000000000000, Not Active, Not Active
2026/09/17 20:09:42.597, 63, 35.34 W, 32 %, 5400 MiB, 0x0000000000000000, Not Active, Not Active
2026/09/17 20:09:44.639, 63, 37.59 W, 31 %, 5400 MiB, 0x0000000000000000, Not Active, Not Active
2026/09/17 20:09:46.681, 63, 35.88 W, 33 %, 5400 MiB, 0x0000000000000000, Not Active, Not Active
2026/09/17 20:09:48.721, 63, 32.81 W, 33 %, 5400 MiB, 0x0000000000000000, Not Active, Not Active
2026/09/17 20:09:50.760, 63, 37.61 W, 38 %, 5400 MiB, 0x0000000000000000, Not Active, Not Active
2026/09/17 20:09:52.802, 63, 32.15 W, 38 %, 5400 MiB, 0x0000000000000000, Not Active, Not Active
2026/09/17 20:09:54.844, 63, 34.05 W, 36 %, 5400 MiB, 0x0000000000000000, Not Active, Not Active
2026/09/17 20:09:56.886, 63, 32.91 W, 36 %, 5400 MiB, 0x0000000000000000, Not Active, Not Active
2026/09/17 20:09:58.927, 63, 36.85 W, 38 %, 5400 MiB, 0x0000000000000000, Not Active, Not Active
2026/09/17 20:10:00.967, 63, 32.25 W, 35 %, 5400 MiB, 0x0000000000000000, Not Active, Not Active
2026/09/17 20:10:03.007, 63, 37.63 W, 39 %, 5400 MiB, 0x0000000000000000, Not Active, Not Active
2026/09/17 20:10:05.047, 63, 37.83 W, 39 %, 5400 MiB, 0x0000000000000000, Not Active, Not Active
2026/09/17 20:10:07.086, 63, 32.21 W, 31 %, 5400 MiB, 0x0000000000000000, Not Active, Not Active
2026/09/17 20:10:09.128, 63, 37.27 W, 35 %, 5400 MiB, 0x0000000000000000, Not Active, Not Active
2026/09/17 20:10:11.169, 63, 36.46 W, 33 %, 5400 MiB, 0x0000000000000000, Not Active, Not Active
2026/09/17 20:10:13.209, 63, 34.48 W, 39 %, 5400 MiB, 0x0000000000000000, Not Active, Not Active
2026/09/17 20:10:15.249, 63, 36.20 W, 35 %, 5400 MiB, 0x0000000000000000, Not Active, Not Active
2026/09/17 20:10:17.290, 63, 33.27 W, 38 %, 5400 MiB, 0x0000000000000000, Not Active, Not Active
2026/09/17 20:10:19.332, 63, 34.02 W, 28 %, 5400 MiB, 0x0000000000000000, Not Active, Not Active
2026/09/17 20:10:21.375, 62, 30.46 W, 27 %, 5400 MiB, 0x0000000000000000, Not Active, Not Active
2026/09/17 20:10:23.416, 66, 51.04 W, 97 %, 5400 MiB, 0x0000000000000000, Not Active, Not Active
2026/09/17 20:10:25.450, 66, 54.20 W, 97 %, 5400 MiB, 0x0000000000000000, Not Active, Not Active
2026/09/17 20:10:27.484, 66, 55.68 W, 97 %, 5400 MiB, 0x0000000000000000, Not Active, Not Active
2026/09/17 20:10:29.520, 66, 56.85 W, 99 %, 5400 MiB, 0x0000000000000000, Not Active, Not Active
2026/09/17 20:10:31.557, 66, 50.63 W, 30 %, 5400 MiB, 0x0000000000000000, Not Active, Not Active
2026/09/17 20:10:33.594, 64, 35.42 W, 35 %, 5400 MiB, 0x0000000000000000, Not Active, Not Active
2026/09/17 20:10:35.635, 64, 36.11 W, 39 %, 5400 MiB, 0x0000000000000000, Not Active, Not Active
2026/09/17 20:10:37.675, 63, 32.60 W, 35 %, 5400 MiB, 0x0000000000000000, Not Active, Not Active
2026/09/17 20:10:39.715, 63, 33.10 W, 34 %, 5400 MiB, 0x0000000000000000, Not Active, Not Active
2026/09/17 20:10:41.754, 63, 36.45 W, 30 %, 5400 MiB, 0x0000000000000000, Not Active, Not Active
2026/09/17 20:10:43.795, 63, 34.24 W, 38 %, 5400 MiB, 0x0000000000000000, Not Active, Not Active
2026/09/17 20:10:45.835, 63, 36.83 W, 33 %, 5400 MiB, 0x0000000000000000, Not Active, Not Active
2026/09/17 20:10:47.878, 64, 36.33 W, 36 %, 5400 MiB, 0x0000000000000000, Not Active, Not Active
2026/09/17 20:10:49.917, 63, 33.94 W, 38 %, 5400 MiB, 0x0000000000000000, Not Active, Not Active
2026/09/17 20:10:51.957, 63, 31.96 W, 27 %, 5400 MiB, 0x0000000000000000, Not Active, Not Active
2026/09/17 20:10:54.001, 63, 38.07 W, 38 %, 5400 MiB, 0x0000000000000000, Not Active, Not Active
2026/09/17 20:10:56.039, 63, 35.15 W, 39 %, 5400 MiB, 0x0000000000000000, Not Active, Not Active
2026/09/17 20:10:58.078, 63, 35.21 W, 34 %, 5400 MiB, 0x0000000000000000, Not Active, Not Active
2026/09/17 20:11:00.121, 63, 35.95 W, 39 %, 5400 MiB, 0x0000000000000000, Not Active, Not Active
2026/09/17 20:11:02.159, 63, 37.86 W, 37 %, 5400 MiB, 0x0000000000000000, Not Active, Not Active
2026/09/17 20:11:04.198, 63, 34.97 W, 26 %, 5400 MiB, 0x0000000000000000, Not Active, Not Active
2026/09/17 20:11:06.241, 63, 37.03 W, 37 %, 5400 MiB, 0x0000000000000000, Not Active, Not Active
2026/09/17 20:11:08.279, 63, 38.28 W, 39 %, 5400 MiB, 0x0000000000000000, Not Active, Not Active
2026/09/17 20:11:10.322, 63, 34.18 W, 31 %, 5400 MiB, 0x0000000000000000, Not Active, Not Active
2026/09/17 20:11:12.366, 63, 38.96 W, 35 %, 5400 MiB, 0x0000000000000000, Not Active, Not Active
2026/09/17 20:11:14.406, 63, 35.02 W, 38 %, 5400 MiB, 0x0000000000000000, Not Active, Not Active
2026/09/17 20:11:16.445, 63, 32.00 W, 30 %, 5400 MiB, 0x0000000000000000, Not Active, Not Active
2026/09/17 20:11:18.485, 63, 36.25 W, 37 %, 5400 MiB, 0x0000000000000000, Not Active, Not Active
2026/09/17 20:11:20.523, 64, 35.99 W, 39 %, 5400 MiB, 0x0000000000000000, Not Active, Not Active
2026/09/17 20:11:22.561, 63, 33.64 W, 32 %, 5400 MiB, 0x0000000000000000, Not Active, Not Active
2026/09/17 20:11:24.600, 63, 50.10 W, 33 %, 5400 MiB, 0x0000000000000000, Not Active, Not Active
2026/09/17 20:11:26.635, 66, 51.67 W, 95 %, 5402 MiB, 0x0000000000000000, Not Active, Not Active
2026/09/17 20:11:28.670, 66, 52.11 W, 96 %, 5402 MiB, 0x0000000000000000, Not Active, Not Active
2026/09/17 20:11:30.707, 66, 53.60 W, 100 %, 5402 MiB, 0x0000000000000000, Not Active, Not Active
2026/09/17 20:11:32.743, 66, 52.52 W, 98 %, 5402 MiB, 0x0000000000000000, Not Active, Not Active
2026/09/17 20:11:34.777, 66, 54.08 W, 98 %, 5402 MiB, 0x0000000000000000, Not Active, Not Active
2026/09/17 20:11:36.815, 67, 57.61 W, 94 %, 5402 MiB, 0x0000000000000000, Not Active, Not Active
2026/09/17 20:11:38.849, 67, 52.50 W, 98 %, 5402 MiB, 0x0000000000000000, Not Active, Not Active
2026/09/17 20:11:40.885, 67, 56.81 W, 98 %, 5402 MiB, 0x0000000000000000, Not Active, Not Active
2026/09/17 20:11:42.921, 67, 55.31 W, 59 %, 5402 MiB, 0x0000000000000000, Not Active, Not Active
2026/09/17 20:11:44.958, 65, 41.23 W, 36 %, 5402 MiB, 0x0000000000000000, Not Active, Not Active
2026/09/17 20:11:46.996, 64, 33.10 W, 28 %, 5402 MiB, 0x0000000000000000, Not Active, Not Active
2026/09/17 20:11:49.037, 64, 36.65 W, 30 %, 5402 MiB, 0x0000000000000000, Not Active, Not Active
2026/09/17 20:11:51.078, 64, 34.21 W, 39 %, 5402 MiB, 0x0000000000000000, Not Active, Not Active
2026/09/17 20:11:53.118, 64, 38.10 W, 28 %, 5402 MiB, 0x0000000000000000, Not Active, Not Active
2026/09/17 20:11:55.159, 64, 38.77 W, 38 %, 5402 MiB, 0x0000000000000000, Not Active, Not Active
2026/09/17 20:11:57.198, 63, 36.55 W, 37 %, 5402 MiB, 0x0000000000000000, Not Active, Not Active
2026/09/17 20:11:59.238, 63, 34.50 W, 28 %, 5402 MiB, 0x0000000000000000, Not Active, Not Active
2026/09/17 20:12:01.281, 63, 39.14 W, 38 %, 5402 MiB, 0x0000000000000000, Not Active, Not Active
2026/09/17 20:12:03.321, 63, 35.72 W, 37 %, 5402 MiB, 0x0000000000000000, Not Active, Not Active
2026/09/17 20:12:05.362, 63, 36.35 W, 36 %, 5402 MiB, 0x0000000000000000, Not Active, Not Active
2026/09/17 20:12:07.401, 63, 38.71 W, 37 %, 5402 MiB, 0x0000000000000000, Not Active, Not Active
2026/09/17 20:12:09.440, 63, 38.45 W, 38 %, 5402 MiB, 0x0000000000000000, Not Active, Not Active
2026/09/17 20:12:11.478, 62, 31.81 W, 27 %, 5402 MiB, 0x0000000000000000, Not Active, Not Active
2026/09/17 20:12:13.518, 63, 33.83 W, 37 %, 5402 MiB, 0x0000000000000000, Not Active, Not Active
2026/09/17 20:12:15.558, 63, 38.21 W, 39 %, 5402 MiB, 0x0000000000000000, Not Active, Not Active
2026/09/17 20:12:17.599, 62, 31.76 W, 30 %, 5402 MiB, 0x0000000000000000, Not Active, Not Active
2026/09/17 20:12:19.640, 63, 38.98 W, 37 %, 5402 MiB, 0x0000000000000000, Not Active, Not Active
2026/09/17 20:12:21.680, 63, 34.55 W, 39 %, 5402 MiB, 0x0000000000000000, Not Active, Not Active
2026/09/17 20:12:23.718, 62, 31.53 W, 27 %, 5402 MiB, 0x0000000000000000, Not Active, Not Active
2026/09/17 20:12:25.759, 62, 38.67 W, 38 %, 5402 MiB, 0x0000000000000000, Not Active, Not Active
2026/09/17 20:12:27.799, 62, 34.16 W, 37 %, 5402 MiB, 0x0000000000000000, Not Active, Not Active
2026/09/17 20:12:29.841, 62, 32.41 W, 32 %, 5402 MiB, 0x0000000000000000, Not Active, Not Active
2026/09/17 20:12:31.883, 62, 36.85 W, 39 %, 5402 MiB, 0x0000000000000000, Not Active, Not Active
2026/09/17 20:12:33.923, 62, 34.29 W, 32 %, 5402 MiB, 0x0000000000000000, Not Active, Not Active
2026/09/17 20:12:35.961, 62, 33.79 W, 38 %, 5402 MiB, 0x0000000000000000, Not Active, Not Active
2026/09/17 20:12:38.017, 62, 33.96 W, 32 %, 5402 MiB, 0x0000000000000000, Not Active, Not Active
2026/09/17 20:12:40.058, 61, 33.49 W, 2 %, 105 MiB, 0x0000000000000000, Not Active, Not Active
2026/09/17 20:12:42.095, 60, 23.88 W, 0 %, 178 MiB, 0x0000000000000000, Not Active, Not Active
2026/09/17 20:12:44.134, 60, 23.66 W, 0 %, 178 MiB, 0x0000000000000000, Not Active, Not Active
2026/09/17 20:12:46.174, 60, 23.68 W, 0 %, 178 MiB, 0x0000000000000000, Not Active, Not Active
2026/09/17 20:12:48.212, 59, 23.59 W, 0 %, 178 MiB, 0x0000000000000000, Not Active, Not Active
2026/09/17 20:12:50.251, 59, 23.55 W, 0 %, 178 MiB, 0x0000000000000000, Not Active, Not Active
2026/09/17 20:12:52.291, 59, 23.75 W, 0 %, 3106 MiB, 0x0000000000000000, Not Active, Not Active
2026/09/17 20:12:54.331, 60, 33.01 W, 22 %, 3856 MiB, 0x0000000000000000, Not Active, Not Active
2026/09/17 20:12:56.364, 59, 23.53 W, 0 %, 3872 MiB, 0x0000000000000000, Not Active, Not Active
2026/09/17 20:12:58.402, 59, 23.54 W, 0 %, 3872 MiB, 0x0000000000000000, Not Active, Not Active
2026/09/17 20:13:00.442, 58, 23.39 W, 0 %, 3872 MiB, 0x0000000000000000, Not Active, Not Active
2026/09/17 20:13:02.479, 58, 23.40 W, 0 %, 3872 MiB, 0x0000000000000000, Not Active, Not Active
2026/09/17 20:13:04.517, 58, 23.49 W, 0 %, 3872 MiB, 0x0000000000000000, Not Active, Not Active
2026/09/17 20:13:06.555, 58, 23.40 W, 0 %, 3872 MiB, 0x0000000000000000, Not Active, Not Active
2026/09/17 20:13:08.594, 58, 23.38 W, 0 %, 3872 MiB, 0x0000000000000000, Not Active, Not Active
2026/09/17 20:13:10.633, 58, 23.35 W, 0 %, 3872 MiB, 0x0000000000000000, Not Active, Not Active
2026/09/17 20:13:12.672, 58, 23.40 W, 0 %, 3886 MiB, 0x0000000000000000, Not Active, Not Active
2026/09/17 20:13:14.710, 58, 23.38 W, 3 %, 3886 MiB, 0x0000000000000000, Not Active, Not Active
2026/09/17 20:13:16.748, 57, 23.42 W, 0 %, 3886 MiB, 0x0000000000000000, Not Active, Not Active
2026/09/17 20:13:18.786, 57, 23.33 W, 0 %, 3886 MiB, 0x0000000000000000, Not Active, Not Active
2026/09/17 20:13:20.826, 57, 23.27 W, 0 %, 3886 MiB, 0x0000000000000000, Not Active, Not Active
2026/09/17 20:13:22.867, 57, 23.30 W, 0 %, 3886 MiB, 0x0000000000000000, Not Active, Not Active
2026/09/17 20:13:24.907, 57, 23.22 W, 0 %, 3886 MiB, 0x0000000000000000, Not Active, Not Active
2026/09/17 20:13:26.945, 57, 23.25 W, 0 %, 3886 MiB, 0x0000000000000000, Not Active, Not Active
2026/09/17 20:13:28.983, 57, 23.21 W, 0 %, 3886 MiB, 0x0000000000000000, Not Active, Not Active
2026/09/17 20:13:31.026, 57, 23.24 W, 0 %, 3886 MiB, 0x0000000000000000, Not Active, Not Active
2026/09/17 20:13:33.065, 57, 23.20 W, 0 %, 3886 MiB, 0x0000000000000000, Not Active, Not Active
2026/09/17 20:13:35.105, 57, 23.13 W, 0 %, 3886 MiB, 0x0000000000000000, Not Active, Not Active
2026/09/17 20:13:37.143, 57, 23.22 W, 0 %, 3886 MiB, 0x0000000000000000, Not Active, Not Active
2026/09/17 20:13:39.180, 56, 23.24 W, 0 %, 3886 MiB, 0x0000000000000000, Not Active, Not Active
2026/09/17 20:13:41.218, 56, 23.21 W, 0 %, 3886 MiB, 0x0000000000000000, Not Active, Not Active
2026/09/17 20:13:43.257, 56, 23.15 W, 0 %, 3886 MiB, 0x0000000000000000, Not Active, Not Active
2026/09/17 20:13:45.297, 56, 23.15 W, 0 %, 3886 MiB, 0x0000000000000000, Not Active, Not Active
2026/09/17 20:13:47.336, 56, 23.18 W, 0 %, 3886 MiB, 0x0000000000000000, Not Active, Not Active
2026/09/17 20:13:49.378, 56, 23.08 W, 0 %, 3886 MiB, 0x0000000000000000, Not Active, Not Active
2026/09/17 20:13:51.416, 56, 23.05 W, 0 %, 3886 MiB, 0x0000000000000000, Not Active, Not Active
2026/09/17 20:13:53.455, 56, 23.80 W, 0 %, 3886 MiB, 0x0000000000000000, Not Active, Not Active
2026/09/17 20:13:55.496, 57, 27.75 W, 3 %, 3888 MiB, 0x0000000000000000, Not Active, Not Active
2026/09/17 20:13:57.535, 57, 36.76 W, 13 %, 3890 MiB, 0x0000000000000000, Not Active, Not Active
2026/09/17 20:13:59.570, 58, 39.91 W, 47 %, 3890 MiB, 0x0000000000000000, Not Active, Not Active
2026/09/17 20:14:01.606, 60, 50.44 W, 32 %, 3890 MiB, 0x0000000000000000, Not Active, Not Active
2026/09/17 20:14:03.643, 61, 49.58 W, 87 %, 3926 MiB, 0x0000000000000004, Not Active, Not Active
2026/09/17 20:14:05.650, 61, 62.84 W, 76 %, 3926 MiB, 0x0000000000000004, Not Active, Not Active
2026/09/17 20:14:07.657, 62, 46.56 W, 73 %, 3926 MiB, 0x0000000000000000, Not Active, Not Active
2026/09/17 20:14:09.692, 61, 56.42 W, 66 %, 3926 MiB, 0x0000000000000000, Not Active, Not Active
2026/09/17 20:14:11.728, 61, 38.02 W, 55 %, 3926 MiB, 0x0000000000000000, Not Active, Not Active
2026/09/17 20:14:13.761, 63, 64.59 W, 98 %, 3926 MiB, 0x0000000000000000, Not Active, Not Active
2026/09/17 20:14:15.798, 62, 50.94 W, 23 %, 3926 MiB, 0x0000000000000000, Not Active, Not Active
2026/09/17 20:14:17.834, 60, 32.82 W, 27 %, 3926 MiB, 0x0000000000000000, Not Active, Not Active
2026/09/17 20:14:19.877, 62, 47.85 W, 53 %, 3926 MiB, 0x0000000000000000, Not Active, Not Active
2026/09/17 20:14:21.911, 63, 57.03 W, 88 %, 3926 MiB, 0x0000000000000000, Not Active, Not Active
2026/09/17 20:14:23.949, 63, 61.42 W, 94 %, 3926 MiB, 0x0000000000000004, Not Active, Not Active
2026/09/17 20:14:25.958, 63, 50.57 W, 92 %, 3926 MiB, 0x0000000000000000, Not Active, Not Active
2026/09/17 20:14:27.995, 63, 57.29 W, 91 %, 3926 MiB, 0x0000000000000004, Not Active, Not Active
2026/09/17 20:14:30.000, 64, 50.56 W, 90 %, 3926 MiB, 0x0000000000000004, Not Active, Not Active
2026/09/17 20:14:32.019, 63, 46.92 W, 52 %, 3926 MiB, 0x0000000000000000, Not Active, Not Active
2026/09/17 20:14:34.053, 61, 33.67 W, 25 %, 3926 MiB, 0x0000000000000000, Not Active, Not Active
2026/09/17 20:14:36.095, 61, 31.74 W, 29 %, 3926 MiB, 0x0000000000000000, Not Active, Not Active
2026/09/17 20:14:38.137, 59, 23.56 W, 0 %, 3926 MiB, 0x0000000000000000, Not Active, Not Active
2026/09/17 20:14:40.175, 63, 52.15 W, 56 %, 3926 MiB, 0x0000000000000000, Not Active, Not Active
2026/09/17 20:14:42.211, 64, 58.93 W, 93 %, 3926 MiB, 0x0000000000000000, Not Active, Not Active
2026/09/17 20:14:44.249, 65, 52.57 W, 92 %, 3926 MiB, 0x0000000000000000, Not Active, Not Active
2026/09/17 20:14:46.285, 64, 51.48 W, 94 %, 3926 MiB, 0x0000000000000000, Not Active, Not Active
2026/09/17 20:14:48.322, 64, 52.85 W, 89 %, 3926 MiB, 0x0000000000000000, Not Active, Not Active
2026/09/17 20:14:50.360, 64, 51.13 W, 58 %, 3926 MiB, 0x0000000000000000, Not Active, Not Active
2026/09/17 20:14:52.395, 61, 32.77 W, 28 %, 3926 MiB, 0x0000000000000000, Not Active, Not Active
2026/09/17 20:14:54.436, 61, 29.03 W, 26 %, 3926 MiB, 0x0000000000000000, Not Active, Not Active
2026/09/17 20:14:56.477, 61, 32.24 W, 25 %, 3926 MiB, 0x0000000000000000, Not Active, Not Active
2026/09/17 20:14:58.518, 63, 53.85 W, 87 %, 3926 MiB, 0x0000000000000000, Not Active, Not Active
2026/09/17 20:15:00.555, 63, 39.19 W, 90 %, 3926 MiB, 0x0000000000000000, Not Active, Not Active
2026/09/17 20:15:02.590, 62, 32.99 W, 25 %, 3926 MiB, 0x0000000000000000, Not Active, Not Active
2026/09/17 20:15:04.632, 63, 51.95 W, 27 %, 3926 MiB, 0x0000000000000000, Not Active, Not Active
2026/09/17 20:15:06.666, 64, 51.83 W, 88 %, 3926 MiB, 0x0000000000000000, Not Active, Not Active
2026/09/17 20:15:08.703, 64, 52.10 W, 26 %, 3926 MiB, 0x0000000000000000, Not Active, Not Active
2026/09/17 20:15:10.748, 62, 30.80 W, 29 %, 3926 MiB, 0x0000000000000000, Not Active, Not Active
2026/09/17 20:15:12.782, 64, 51.80 W, 89 %, 3926 MiB, 0x0000000000000000, Not Active, Not Active
2026/09/17 20:15:14.818, 64, 52.97 W, 71 %, 3926 MiB, 0x0000000000000000, Not Active, Not Active
2026/09/17 20:15:16.856, 62, 29.91 W, 26 %, 3926 MiB, 0x0000000000000000, Not Active, Not Active
2026/09/17 20:15:18.898, 64, 52.15 W, 64 %, 3926 MiB, 0x0000000000000000, Not Active, Not Active
2026/09/17 20:15:20.932, 64, 50.69 W, 81 %, 3926 MiB, 0x0000000000000000, Not Active, Not Active
2026/09/17 20:15:22.970, 63, 33.14 W, 26 %, 3926 MiB, 0x0000000000000000, Not Active, Not Active
2026/09/17 20:15:25.012, 63, 49.99 W, 45 %, 3926 MiB, 0x0000000000000000, Not Active, Not Active
2026/09/17 20:15:27.047, 65, 53.13 W, 89 %, 3926 MiB, 0x0000000000000000, Not Active, Not Active
2026/09/17 20:15:29.082, 65, 53.83 W, 20 %, 3926 MiB, 0x0000000000000000, Not Active, Not Active
2026/09/17 20:15:31.116, 62, 31.12 W, 24 %, 3926 MiB, 0x0000000000000000, Not Active, Not Active
2026/09/17 20:15:33.158, 65, 52.78 W, 94 %, 3926 MiB, 0x0000000000000000, Not Active, Not Active
2026/09/17 20:15:35.192, 65, 54.52 W, 91 %, 3926 MiB, 0x0000000000000000, Not Active, Not Active
2026/09/17 20:15:37.228, 65, 51.87 W, 25 %, 3926 MiB, 0x0000000000000000, Not Active, Not Active
2026/09/17 20:15:39.265, 63, 31.94 W, 28 %, 3926 MiB, 0x0000000000000000, Not Active, Not Active
2026/09/17 20:15:41.308, 66, 48.51 W, 94 %, 3926 MiB, 0x0000000000000000, Not Active, Not Active
2026/09/17 20:15:43.344, 66, 50.20 W, 94 %, 3926 MiB, 0x0000000000000000, Not Active, Not Active
2026/09/17 20:15:45.384, 66, 54.75 W, 72 %, 3926 MiB, 0x0000000000000000, Not Active, Not Active
2026/09/17 20:15:47.422, 63, 31.76 W, 27 %, 3926 MiB, 0x0000000000000000, Not Active, Not Active
2026/09/17 20:15:49.464, 62, 32.45 W, 25 %, 3926 MiB, 0x0000000000000000, Not Active, Not Active
2026/09/17 20:15:51.498, 65, 55.89 W, 91 %, 3926 MiB, 0x0000000000000000, Not Active, Not Active
2026/09/17 20:15:53.534, 65, 51.66 W, 92 %, 3926 MiB, 0x0000000000000000, Not Active, Not Active
2026/09/17 20:15:55.571, 65, 50.05 W, 38 %, 3926 MiB, 0x0000000000000000, Not Active, Not Active
2026/09/17 20:15:57.608, 63, 33.17 W, 29 %, 3926 MiB, 0x0000000000000000, Not Active, Not Active
2026/09/17 20:15:59.650, 66, 50.49 W, 92 %, 3926 MiB, 0x0000000000000000, Not Active, Not Active
2026/09/17 20:16:01.687, 65, 52.17 W, 93 %, 3926 MiB, 0x0000000000000000, Not Active, Not Active
2026/09/17 20:16:03.724, 63, 34.23 W, 26 %, 3926 MiB, 0x0000000000000000, Not Active, Not Active
2026/09/17 20:16:05.766, 65, 50.83 W, 58 %, 3926 MiB, 0x0000000000000000, Not Active, Not Active
2026/09/17 20:16:07.802, 66, 56.49 W, 92 %, 3926 MiB, 0x0000000000000000, Not Active, Not Active
2026/09/17 20:16:09.838, 66, 38.65 W, 26 %, 3926 MiB, 0x0000000000000000, Not Active, Not Active
2026/09/17 20:16:11.879, 65, 45.52 W, 22 %, 3926 MiB, 0x0000000000000000, Not Active, Not Active
2026/09/17 20:16:13.917, 66, 53.12 W, 92 %, 3926 MiB, 0x0000000000000000, Not Active, Not Active
2026/09/17 20:16:15.954, 66, 52.75 W, 56 %, 3926 MiB, 0x0000000000000000, Not Active, Not Active
2026/09/17 20:16:17.991, 63, 32.88 W, 25 %, 3926 MiB, 0x0000000000000000, Not Active, Not Active
2026/09/17 20:16:20.033, 67, 51.58 W, 84 %, 3926 MiB, 0x0000000000000000, Not Active, Not Active
2026/09/17 20:16:22.071, 66, 54.99 W, 91 %, 3926 MiB, 0x0000000000000000, Not Active, Not Active
2026/09/17 20:16:24.107, 66, 51.59 W, 21 %, 3926 MiB, 0x0000000000000000, Not Active, Not Active
2026/09/17 20:16:26.144, 64, 31.91 W, 28 %, 3926 MiB, 0x0000000000000000, Not Active, Not Active
2026/09/17 20:16:28.186, 66, 51.59 W, 91 %, 3926 MiB, 0x0000000000000000, Not Active, Not Active
2026/09/17 20:16:30.223, 67, 50.78 W, 79 %, 3926 MiB, 0x0000000000000000, Not Active, Not Active
2026/09/17 20:16:32.257, 64, 33.35 W, 25 %, 3926 MiB, 0x0000000000000000, Not Active, Not Active
2026/09/17 20:16:34.300, 65, 53.24 W, 58 %, 3926 MiB, 0x0000000000000000, Not Active, Not Active
2026/09/17 20:16:36.333, 66, 52.03 W, 91 %, 3926 MiB, 0x0000000000000000, Not Active, Not Active
2026/09/17 20:16:38.371, 66, 55.37 W, 94 %, 3926 MiB, 0x0000000000000000, Not Active, Not Active
2026/09/17 20:16:40.407, 66, 50.44 W, 93 %, 3926 MiB, 0x0000000000000000, Not Active, Not Active
2026/09/17 20:16:42.444, 67, 56.71 W, 93 %, 3926 MiB, 0x0000000000000000, Not Active, Not Active
2026/09/17 20:16:44.479, 66, 48.37 W, 69 %, 3926 MiB, 0x0000000000000000, Not Active, Not Active
2026/09/17 20:16:46.515, 64, 32.10 W, 25 %, 3926 MiB, 0x0000000000000000, Not Active, Not Active
2026/09/17 20:16:48.557, 64, 33.26 W, 26 %, 3926 MiB, 0x0000000000000000, Not Active, Not Active
2026/09/17 20:16:50.598, 63, 30.93 W, 29 %, 3926 MiB, 0x0000000000000000, Not Active, Not Active
2026/09/17 20:16:52.638, 63, 31.95 W, 29 %, 3926 MiB, 0x0000000000000000, Not Active, Not Active
2026/09/17 20:16:54.680, 63, 32.59 W, 25 %, 3926 MiB, 0x0000000000000000, Not Active, Not Active
2026/09/17 20:16:56.721, 63, 32.06 W, 24 %, 3926 MiB, 0x0000000000000000, Not Active, Not Active
2026/09/17 20:16:58.762, 63, 31.47 W, 29 %, 3926 MiB, 0x0000000000000000, Not Active, Not Active
2026/09/17 20:17:00.802, 63, 32.94 W, 25 %, 3926 MiB, 0x0000000000000000, Not Active, Not Active
2026/09/17 20:17:02.843, 63, 33.44 W, 29 %, 3926 MiB, 0x0000000000000000, Not Active, Not Active
2026/09/17 20:17:04.885, 62, 31.59 W, 30 %, 3926 MiB, 0x0000000000000000, Not Active, Not Active
2026/09/17 20:17:06.928, 62, 29.91 W, 24 %, 3926 MiB, 0x0000000000000000, Not Active, Not Active
2026/09/17 20:17:08.969, 62, 32.98 W, 27 %, 3926 MiB, 0x0000000000000000, Not Active, Not Active
2026/09/17 20:17:11.010, 62, 31.36 W, 30 %, 3926 MiB, 0x0000000000000000, Not Active, Not Active
2026/09/17 20:17:13.049, 62, 32.95 W, 25 %, 3926 MiB, 0x0000000000000000, Not Active, Not Active
2026/09/17 20:17:15.092, 62, 33.01 W, 27 %, 3926 MiB, 0x0000000000000000, Not Active, Not Active
2026/09/17 20:17:17.133, 62, 27.51 W, 30 %, 3926 MiB, 0x0000000000000000, Not Active, Not Active
2026/09/17 20:17:19.177, 64, 52.67 W, 90 %, 3926 MiB, 0x0000000000000000, Not Active, Not Active
2026/09/17 20:17:21.212, 65, 57.56 W, 91 %, 3926 MiB, 0x0000000000000000, Not Active, Not Active
2026/09/17 20:17:23.248, 64, 35.01 W, 25 %, 3926 MiB, 0x0000000000000000, Not Active, Not Active
2026/09/17 20:17:25.290, 62, 32.68 W, 25 %, 3926 MiB, 0x0000000000000000, Not Active, Not Active
2026/09/17 20:17:27.331, 62, 32.88 W, 29 %, 3926 MiB, 0x0000000000000000, Not Active, Not Active
2026/09/17 20:17:29.371, 61, 30.24 W, 21 %, 3926 MiB, 0x0000000000000000, Not Active, Not Active
2026/09/17 20:17:31.415, 62, 32.89 W, 25 %, 3926 MiB, 0x0000000000000000, Not Active, Not Active
2026/09/17 20:17:33.455, 61, 32.96 W, 30 %, 3926 MiB, 0x0000000000000000, Not Active, Not Active
2026/09/17 20:17:35.497, 61, 32.54 W, 29 %, 3926 MiB, 0x0000000000000000, Not Active, Not Active
2026/09/17 20:17:37.536, 61, 32.80 W, 26 %, 3926 MiB, 0x0000000000000000, Not Active, Not Active
2026/09/17 20:17:39.578, 61, 33.25 W, 29 %, 3926 MiB, 0x0000000000000000, Not Active, Not Active
2026/09/17 20:17:41.621, 61, 31.78 W, 22 %, 3926 MiB, 0x0000000000000000, Not Active, Not Active
2026/09/17 20:17:43.663, 61, 32.72 W, 27 %, 3926 MiB, 0x0000000000000000, Not Active, Not Active
2026/09/17 20:17:45.703, 61, 32.30 W, 29 %, 3926 MiB, 0x0000000000000000, Not Active, Not Active
2026/09/17 20:17:47.745, 61, 33.76 W, 28 %, 3926 MiB, 0x0000000000000000, Not Active, Not Active
2026/09/17 20:17:49.784, 61, 32.71 W, 21 %, 3926 MiB, 0x0000000000000000, Not Active, Not Active
2026/09/17 20:17:51.824, 64, 54.93 W, 92 %, 3926 MiB, 0x0000000000000000, Not Active, Not Active
2026/09/17 20:17:53.860, 64, 53.35 W, 93 %, 3926 MiB, 0x0000000000000000, Not Active, Not Active
2026/09/17 20:17:55.899, 64, 55.29 W, 92 %, 3926 MiB, 0x0000000000000000, Not Active, Not Active
2026/09/17 20:17:57.934, 62, 32.93 W, 26 %, 3926 MiB, 0x0000000000000000, Not Active, Not Active
2026/09/17 20:17:59.976, 61, 31.32 W, 29 %, 3926 MiB, 0x0000000000000000, Not Active, Not Active
2026/09/17 20:18:02.017, 61, 32.77 W, 25 %, 3926 MiB, 0x0000000000000000, Not Active, Not Active
2026/09/17 20:18:04.058, 61, 32.83 W, 25 %, 3926 MiB, 0x0000000000000000, Not Active, Not Active
2026/09/17 20:18:06.100, 61, 31.54 W, 29 %, 3926 MiB, 0x0000000000000000, Not Active, Not Active
2026/09/17 20:18:08.141, 61, 33.57 W, 27 %, 3926 MiB, 0x0000000000000000, Not Active, Not Active
2026/09/17 20:18:10.184, 61, 32.67 W, 29 %, 3926 MiB, 0x0000000000000000, Not Active, Not Active
2026/09/17 20:18:12.224, 61, 31.42 W, 30 %, 3926 MiB, 0x0000000000000000, Not Active, Not Active
2026/09/17 20:18:14.265, 60, 31.47 W, 21 %, 3926 MiB, 0x0000000000000000, Not Active, Not Active
2026/09/17 20:18:16.307, 60, 32.63 W, 28 %, 3926 MiB, 0x0000000000000000, Not Active, Not Active
2026/09/17 20:18:18.348, 63, 51.90 W, 34 %, 3926 MiB, 0x0000000000000000, Not Active, Not Active
2026/09/17 20:18:20.382, 64, 56.32 W, 92 %, 3926 MiB, 0x0000000000000000, Not Active, Not Active
2026/09/17 20:18:22.419, 64, 50.98 W, 94 %, 3926 MiB, 0x0000000000000000, Not Active, Not Active
2026/09/17 20:18:24.455, 64, 54.09 W, 92 %, 3926 MiB, 0x0000000000000000, Not Active, Not Active
2026/09/17 20:18:26.491, 64, 65.32 W, 94 %, 3926 MiB, 0x0000000000000004, Not Active, Not Active
2026/09/17 20:18:28.498, 65, 47.87 W, 95 %, 3926 MiB, 0x0000000000000000, Not Active, Not Active
2026/09/17 20:18:30.518, 64, 53.90 W, 95 %, 3926 MiB, 0x0000000000000000, Not Active, Not Active
2026/09/17 20:18:32.555, 64, 59.42 W, 93 %, 3926 MiB, 0x0000000000000004, Not Active, Not Active
2026/09/17 20:18:34.560, 65, 53.30 W, 55 %, 3926 MiB, 0x0000000000000000, Not Active, Not Active
2026/09/17 20:18:36.597, 62, 29.33 W, 19 %, 3926 MiB, 0x0000000000000000, Not Active, Not Active
2026/09/17 20:18:38.639, 62, 31.62 W, 28 %, 3926 MiB, 0x0000000000000000, Not Active, Not Active
2026/09/17 20:18:40.681, 62, 32.62 W, 29 %, 3926 MiB, 0x0000000000000000, Not Active, Not Active
2026/09/17 20:18:42.722, 61, 31.84 W, 28 %, 3926 MiB, 0x0000000000000000, Not Active, Not Active
2026/09/17 20:18:44.762, 61, 33.92 W, 30 %, 3926 MiB, 0x0000000000000000, Not Active, Not Active
2026/09/17 20:18:46.804, 62, 32.56 W, 30 %, 3926 MiB, 0x0000000000000000, Not Active, Not Active
2026/09/17 20:18:48.845, 61, 31.86 W, 25 %, 3926 MiB, 0x0000000000000000, Not Active, Not Active
2026/09/17 20:18:50.889, 61, 31.36 W, 28 %, 3926 MiB, 0x0000000000000000, Not Active, Not Active
2026/09/17 20:18:52.931, 61, 32.51 W, 30 %, 3926 MiB, 0x0000000000000000, Not Active, Not Active
2026/09/17 20:18:54.973, 61, 31.73 W, 28 %, 3926 MiB, 0x0000000000000000, Not Active, Not Active
2026/09/17 20:18:57.012, 61, 31.15 W, 30 %, 3926 MiB, 0x0000000000000000, Not Active, Not Active
2026/09/17 20:18:59.052, 61, 30.69 W, 30 %, 3926 MiB, 0x0000000000000000, Not Active, Not Active
2026/09/17 20:19:01.095, 61, 31.60 W, 29 %, 3926 MiB, 0x0000000000000000, Not Active, Not Active
2026/09/17 20:19:03.135, 61, 32.83 W, 27 %, 3926 MiB, 0x0000000000000000, Not Active, Not Active
2026/09/17 20:19:05.175, 61, 32.81 W, 31 %, 3926 MiB, 0x0000000000000000, Not Active, Not Active
2026/09/17 20:19:07.217, 61, 31.68 W, 29 %, 3926 MiB, 0x0000000000000000, Not Active, Not Active
2026/09/17 20:19:09.257, 61, 31.39 W, 25 %, 3926 MiB, 0x0000000000000000, Not Active, Not Active
2026/09/17 20:19:11.300, 61, 32.90 W, 23 %, 3926 MiB, 0x0000000000000000, Not Active, Not Active
2026/09/17 20:19:13.342, 61, 47.63 W, 30 %, 3926 MiB, 0x0000000000000000, Not Active, Not Active
2026/09/17 20:19:15.379, 64, 52.70 W, 96 %, 3926 MiB, 0x0000000000000004, Not Active, Not Active
2026/09/17 20:19:17.383, 65, 56.89 W, 95 %, 3926 MiB, 0x0000000000000004, Not Active, Not Active
2026/09/17 20:19:19.388, 65, 48.20 W, 92 %, 3926 MiB, 0x0000000000000000, Not Active, Not Active
2026/09/17 20:19:21.427, 65, 48.80 W, 93 %, 3926 MiB, 0x0000000000000000, Not Active, Not Active
2026/09/17 20:19:23.463, 62, 32.96 W, 24 %, 3926 MiB, 0x0000000000000000, Not Active, Not Active
2026/09/17 20:19:25.505, 62, 29.60 W, 29 %, 3926 MiB, 0x0000000000000000, Not Active, Not Active
2026/09/17 20:19:27.556, 62, 33.02 W, 28 %, 3926 MiB, 0x0000000000000000, Not Active, Not Active
2026/09/17 20:19:29.597, 62, 33.87 W, 29 %, 3926 MiB, 0x0000000000000000, Not Active, Not Active
2026/09/17 20:19:31.638, 62, 29.74 W, 30 %, 3926 MiB, 0x0000000000000000, Not Active, Not Active
2026/09/17 20:19:33.677, 61, 29.61 W, 22 %, 3926 MiB, 0x0000000000000000, Not Active, Not Active
2026/09/17 20:19:35.719, 62, 32.89 W, 29 %, 3926 MiB, 0x0000000000000000, Not Active, Not Active
2026/09/17 20:19:37.760, 61, 31.66 W, 27 %, 3926 MiB, 0x0000000000000000, Not Active, Not Active
2026/09/17 20:19:39.800, 62, 33.04 W, 30 %, 3926 MiB, 0x0000000000000000, Not Active, Not Active
2026/09/17 20:19:41.841, 62, 32.96 W, 30 %, 3926 MiB, 0x0000000000000000, Not Active, Not Active
2026/09/17 20:19:43.883, 61, 29.97 W, 25 %, 3926 MiB, 0x0000000000000000, Not Active, Not Active
2026/09/17 20:19:45.925, 62, 32.78 W, 25 %, 3926 MiB, 0x0000000000000000, Not Active, Not Active
2026/09/17 20:19:47.966, 61, 33.86 W, 30 %, 3926 MiB, 0x0000000000000000, Not Active, Not Active
2026/09/17 20:19:50.007, 62, 32.87 W, 30 %, 3926 MiB, 0x0000000000000000, Not Active, Not Active
2026/09/17 20:19:52.048, 62, 32.13 W, 26 %, 3926 MiB, 0x0000000000000000, Not Active, Not Active
2026/09/17 20:19:54.089, 61, 33.11 W, 27 %, 3926 MiB, 0x0000000000000000, Not Active, Not Active
2026/09/17 20:19:56.129, 61, 29.70 W, 28 %, 3926 MiB, 0x0000000000000000, Not Active, Not Active
2026/09/17 20:19:58.170, 64, 54.75 W, 34 %, 3926 MiB, 0x0000000000000000, Not Active, Not Active
2026/09/17 20:20:00.206, 64, 49.26 W, 96 %, 3926 MiB, 0x0000000000000000, Not Active, Not Active
2026/09/17 20:20:02.241, 65, 52.63 W, 96 %, 3926 MiB, 0x0000000000000000, Not Active, Not Active
2026/09/17 20:20:04.279, 65, 59.87 W, 93 %, 3926 MiB, 0x0000000000000000, Not Active, Not Active
2026/09/17 20:20:06.316, 66, 53.61 W, 58 %, 3926 MiB, 0x0000000000000000, Not Active, Not Active
2026/09/17 20:20:08.353, 63, 31.85 W, 25 %, 3926 MiB, 0x0000000000000000, Not Active, Not Active
2026/09/17 20:20:10.394, 62, 33.06 W, 23 %, 3926 MiB, 0x0000000000000000, Not Active, Not Active
2026/09/17 20:20:12.442, 62, 34.10 W, 27 %, 3926 MiB, 0x0000000000000000, Not Active, Not Active
2026/09/17 20:20:14.481, 62, 33.02 W, 30 %, 3926 MiB, 0x0000000000000000, Not Active, Not Active
2026/09/17 20:20:16.524, 62, 33.39 W, 24 %, 3926 MiB, 0x0000000000000000, Not Active, Not Active
2026/09/17 20:20:18.565, 62, 31.49 W, 30 %, 3926 MiB, 0x0000000000000000, Not Active, Not Active
2026/09/17 20:20:20.607, 62, 33.45 W, 25 %, 3926 MiB, 0x0000000000000000, Not Active, Not Active
2026/09/17 20:20:22.646, 62, 32.88 W, 24 %, 3926 MiB, 0x0000000000000000, Not Active, Not Active
2026/09/17 20:20:24.689, 62, 32.81 W, 30 %, 3926 MiB, 0x0000000000000000, Not Active, Not Active
2026/09/17 20:20:26.728, 62, 31.61 W, 30 %, 3926 MiB, 0x0000000000000000, Not Active, Not Active
2026/09/17 20:20:28.769, 62, 33.84 W, 22 %, 3926 MiB, 0x0000000000000000, Not Active, Not Active
2026/09/17 20:20:30.809, 62, 31.12 W, 29 %, 3926 MiB, 0x0000000000000000, Not Active, Not Active
2026/09/17 20:20:32.850, 62, 33.02 W, 30 %, 3926 MiB, 0x0000000000000000, Not Active, Not Active
2026/09/17 20:20:34.890, 62, 33.13 W, 23 %, 3926 MiB, 0x0000000000000000, Not Active, Not Active
2026/09/17 20:20:36.934, 62, 32.00 W, 30 %, 3926 MiB, 0x0000000000000000, Not Active, Not Active
2026/09/17 20:20:38.976, 62, 32.44 W, 30 %, 3926 MiB, 0x0000000000000000, Not Active, Not Active
2026/09/17 20:20:41.016, 65, 58.66 W, 96 %, 3926 MiB, 0x0000000000000000, Not Active, Not Active
2026/09/17 20:20:43.052, 65, 58.01 W, 96 %, 3926 MiB, 0x0000000000000000, Not Active, Not Active
2026/09/17 20:20:45.092, 66, 53.68 W, 96 %, 3926 MiB, 0x0000000000000000, Not Active, Not Active
2026/09/17 20:20:47.126, 65, 50.91 W, 72 %, 3926 MiB, 0x0000000000000000, Not Active, Not Active
2026/09/17 20:20:49.164, 63, 32.53 W, 28 %, 3926 MiB, 0x0000000000000000, Not Active, Not Active
2026/09/17 20:20:51.203, 63, 30.82 W, 28 %, 3926 MiB, 0x0000000000000000, Not Active, Not Active
2026/09/17 20:20:53.244, 62, 31.74 W, 22 %, 3926 MiB, 0x0000000000000000, Not Active, Not Active
2026/09/17 20:20:55.285, 62, 32.21 W, 30 %, 3926 MiB, 0x0000000000000000, Not Active, Not Active
2026/09/17 20:20:57.327, 62, 30.90 W, 29 %, 3926 MiB, 0x0000000000000000, Not Active, Not Active
2026/09/17 20:20:59.368, 62, 32.35 W, 31 %, 3926 MiB, 0x0000000000000000, Not Active, Not Active
2026/09/17 20:21:01.410, 62, 33.00 W, 29 %, 3924 MiB, 0x0000000000000000, Not Active, Not Active
2026/09/17 20:21:03.453, 62, 29.67 W, 29 %, 3924 MiB, 0x0000000000000000, Not Active, Not Active
2026/09/17 20:21:05.495, 62, 32.05 W, 21 %, 3924 MiB, 0x0000000000000000, Not Active, Not Active
2026/09/17 20:21:07.536, 62, 34.23 W, 30 %, 3924 MiB, 0x0000000000000000, Not Active, Not Active
2026/09/17 20:21:09.576, 62, 33.04 W, 31 %, 3924 MiB, 0x0000000000000000, Not Active, Not Active
2026/09/17 20:21:11.617, 62, 34.19 W, 25 %, 3924 MiB, 0x0000000000000000, Not Active, Not Active
2026/09/17 20:21:13.659, 62, 33.49 W, 28 %, 3924 MiB, 0x0000000000000000, Not Active, Not Active
2026/09/17 20:21:15.700, 62, 30.95 W, 29 %, 3924 MiB, 0x0000000000000000, Not Active, Not Active
2026/09/17 20:21:17.740, 62, 33.10 W, 21 %, 3924 MiB, 0x0000000000000000, Not Active, Not Active
2026/09/17 20:21:19.781, 62, 33.69 W, 30 %, 3924 MiB, 0x0000000000000000, Not Active, Not Active
2026/09/17 20:21:21.823, 62, 33.14 W, 29 %, 3924 MiB, 0x0000000000000000, Not Active, Not Active
2026/09/17 20:21:23.862, 62, 34.30 W, 26 %, 3924 MiB, 0x0000000000000000, Not Active, Not Active
2026/09/17 20:21:25.904, 62, 48.75 W, 30 %, 3924 MiB, 0x0000000000000000, Not Active, Not Active
2026/09/17 20:21:27.941, 65, 56.60 W, 94 %, 3924 MiB, 0x0000000000000000, Not Active, Not Active
2026/09/17 20:21:29.979, 65, 51.88 W, 93 %, 3924 MiB, 0x0000000000000000, Not Active, Not Active
2026/09/17 20:21:32.013, 65, 50.51 W, 95 %, 3924 MiB, 0x0000000000000000, Not Active, Not Active
2026/09/17 20:21:34.052, 66, 52.82 W, 97 %, 3924 MiB, 0x0000000000000004, Not Active, Not Active
2026/09/17 20:21:36.059, 66, 63.54 W, 93 %, 3924 MiB, 0x0000000000000004, Not Active, Not Active
2026/09/17 20:21:38.064, 66, 52.65 W, 97 %, 3924 MiB, 0x0000000000000004, Not Active, Not Active
2026/09/17 20:21:40.069, 66, 61.34 W, 93 %, 3924 MiB, 0x0000000000000004, Not Active, Not Active
2026/09/17 20:21:42.076, 66, 52.67 W, 45 %, 3924 MiB, 0x0000000000000000, Not Active, Not Active
2026/09/17 20:21:44.112, 63, 34.33 W, 30 %, 3924 MiB, 0x0000000000000000, Not Active, Not Active
2026/09/17 20:21:46.154, 63, 32.04 W, 31 %, 3924 MiB, 0x0000000000000000, Not Active, Not Active
2026/09/17 20:21:48.193, 63, 30.99 W, 28 %, 3924 MiB, 0x0000000000000000, Not Active, Not Active
2026/09/17 20:21:50.235, 63, 33.25 W, 30 %, 3924 MiB, 0x0000000000000000, Not Active, Not Active
2026/09/17 20:21:52.277, 63, 31.97 W, 27 %, 3924 MiB, 0x0000000000000000, Not Active, Not Active
2026/09/17 20:21:54.319, 63, 31.12 W, 29 %, 3924 MiB, 0x0000000000000000, Not Active, Not Active
2026/09/17 20:21:56.360, 63, 33.29 W, 30 %, 3924 MiB, 0x0000000000000000, Not Active, Not Active
2026/09/17 20:21:58.402, 63, 30.60 W, 27 %, 3924 MiB, 0x0000000000000000, Not Active, Not Active
2026/09/17 20:22:00.445, 62, 31.98 W, 21 %, 3924 MiB, 0x0000000000000000, Not Active, Not Active
2026/09/17 20:22:02.486, 62, 32.52 W, 30 %, 3924 MiB, 0x0000000000000000, Not Active, Not Active
2026/09/17 20:22:04.525, 62, 30.38 W, 29 %, 3924 MiB, 0x0000000000000000, Not Active, Not Active
2026/09/17 20:22:06.568, 62, 32.90 W, 31 %, 3924 MiB, 0x0000000000000000, Not Active, Not Active
2026/09/17 20:22:08.607, 63, 32.67 W, 29 %, 3924 MiB, 0x0000000000000000, Not Active, Not Active
2026/09/17 20:22:10.650, 62, 30.54 W, 28 %, 3924 MiB, 0x0000000000000000, Not Active, Not Active
2026/09/17 20:22:12.691, 62, 33.21 W, 22 %, 3924 MiB, 0x0000000000000000, Not Active, Not Active
2026/09/17 20:22:14.733, 62, 31.46 W, 28 %, 3924 MiB, 0x0000000000000000, Not Active, Not Active
2026/09/17 20:22:16.777, 62, 33.10 W, 31 %, 3924 MiB, 0x0000000000000000, Not Active, Not Active
2026/09/17 20:22:18.820, 62, 33.26 W, 22 %, 3924 MiB, 0x0000000000000000, Not Active, Not Active
2026/09/17 20:22:20.862, 62, 33.01 W, 31 %, 3924 MiB, 0x0000000000000000, Not Active, Not Active
2026/09/17 20:22:22.902, 62, 29.51 W, 10 %, 103 MiB, 0x0000000000000000, Not Active, Not Active
2026/09/17 20:22:24.937, 61, 24.08 W, 0 %, 176 MiB, 0x0000000000000000, Not Active, Not Active
2026/09/17 20:22:26.976, 61, 23.81 W, 0 %, 176 MiB, 0x0000000000000000, Not Active, Not Active
2026/09/17 20:22:29.013, 61, 23.83 W, 0 %, 176 MiB, 0x0000000000000000, Not Active, Not Active
2026/09/17 20:22:31.052, 62, 33.50 W, 4 %, 3636 MiB, 0x0000000000000000, Not Active, Not Active
2026/09/17 20:22:33.084, 60, 23.83 W, 0 %, 3648 MiB, 0x0000000000000000, Not Active, Not Active
2026/09/17 20:22:35.123, 60, 23.77 W, 0 %, 3648 MiB, 0x0000000000000000, Not Active, Not Active
2026/09/17 20:22:37.162, 64, 54.96 W, 79 %, 3766 MiB, 0x0000000000000000, Not Active, Not Active
2026/09/17 20:22:39.196, 64, 54.94 W, 100 %, 3766 MiB, 0x0000000000000000, Not Active, Not Active
2026/09/17 20:22:41.234, 65, 54.90 W, 97 %, 3766 MiB, 0x0000000000000000, Not Active, Not Active
2026/09/17 20:22:43.270, 67, 80.67 W, 88 %, 3768 MiB, 0x0000000000000004, Not Active, Not Active
2026/09/17 20:22:45.276, 68, 79.12 W, 88 %, 3768 MiB, 0x0000000000000004, Not Active, Not Active
2026/09/17 20:22:47.282, 68, 79.49 W, 90 %, 3768 MiB, 0x0000000000000004, Not Active, Not Active
2026/09/17 20:22:49.287, 68, 79.94 W, 94 %, 3768 MiB, 0x0000000000000004, Not Active, Not Active
2026/09/17 20:22:51.295, 67, 56.03 W, 88 %, 3768 MiB, 0x0000000000000000, Not Active, Not Active
2026/09/17 20:22:53.329, 69, 54.68 W, 91 %, 3768 MiB, 0x0000000000000000, Not Active, Not Active
2026/09/17 20:22:55.365, 69, 80.21 W, 96 %, 3768 MiB, 0x0000000000000004, Not Active, Not Active
2026/09/17 20:22:57.372, 69, 79.18 W, 96 %, 3768 MiB, 0x0000000000000004, Not Active, Not Active
2026/09/17 20:22:59.378, 67, 55.68 W, 91 %, 3768 MiB, 0x0000000000000000, Not Active, Not Active
2026/09/17 20:23:01.412, 69, 80.27 W, 100 %, 3768 MiB, 0x0000000000000004, Not Active, Not Active
2026/09/17 20:23:03.418, 68, 58.50 W, 93 %, 3768 MiB, 0x0000000000000000, Not Active, Not Active
2026/09/17 20:23:05.456, 68, 69.50 W, 100 %, 3768 MiB, 0x0000000000000004, Not Active, Not Active
2026/09/17 20:23:07.463, 68, 54.35 W, 92 %, 3768 MiB, 0x0000000000000000, Not Active, Not Active
2026/09/17 20:23:09.499, 68, 56.03 W, 100 %, 3768 MiB, 0x0000000000000000, Not Active, Not Active
2026/09/17 20:23:11.534, 70, 79.35 W, 92 %, 3768 MiB, 0x0000000000000004, Not Active, Not Active
2026/09/17 20:23:13.540, 70, 80.37 W, 95 %, 3768 MiB, 0x0000000000000004, Not Active, Not Active
2026/09/17 20:23:15.547, 70, 78.96 W, 89 %, 3768 MiB, 0x0000000000000004, Not Active, Not Active
2026/09/17 20:23:17.553, 68, 57.08 W, 95 %, 3768 MiB, 0x0000000000000000, Not Active, Not Active
2026/09/17 20:23:19.589, 70, 80.47 W, 93 %, 3768 MiB, 0x0000000000000004, Not Active, Not Active
2026/09/17 20:23:21.595, 68, 56.45 W, 100 %, 3768 MiB, 0x0000000000000000, Not Active, Not Active
2026/09/17 20:23:23.631, 70, 79.77 W, 88 %, 3768 MiB, 0x0000000000000004, Not Active, Not Active
2026/09/17 20:23:25.637, 68, 77.13 W, 98 %, 3768 MiB, 0x0000000000000004, Not Active, Not Active
2026/09/17 20:23:27.643, 69, 55.34 W, 92 %, 3768 MiB, 0x0000000000000000, Not Active, Not Active
2026/09/17 20:23:29.679, 70, 80.78 W, 95 %, 3768 MiB, 0x0000000000000004, Not Active, Not Active
2026/09/17 20:23:31.685, 71, 79.19 W, 91 %, 3768 MiB, 0x0000000000000004, Not Active, Not Active
2026/09/17 20:23:33.691, 69, 56.86 W, 97 %, 3768 MiB, 0x0000000000000000, Not Active, Not Active
2026/09/17 20:23:35.726, 68, 56.37 W, 100 %, 3768 MiB, 0x0000000000000000, Not Active, Not Active
2026/09/17 20:23:37.761, 69, 54.65 W, 98 %, 3768 MiB, 0x0000000000000000, Not Active, Not Active
2026/09/17 20:23:39.797, 70, 75.65 W, 94 %, 3768 MiB, 0x0000000000000004, Not Active, Not Active
2026/09/17 20:23:41.803, 70, 55.05 W, 91 %, 3768 MiB, 0x0000000000000000, Not Active, Not Active
2026/09/17 20:23:43.837, 69, 78.49 W, 96 %, 3768 MiB, 0x0000000000000004, Not Active, Not Active
2026/09/17 20:23:45.843, 70, 55.75 W, 92 %, 3768 MiB, 0x0000000000000000, Not Active, Not Active
2026/09/17 20:23:47.879, 69, 77.97 W, 96 %, 3768 MiB, 0x0000000000000004, Not Active, Not Active
2026/09/17 20:23:49.890, 70, 55.20 W, 90 %, 3768 MiB, 0x0000000000000000, Not Active, Not Active
2026/09/17 20:23:51.926, 69, 73.12 W, 99 %, 3768 MiB, 0x0000000000000004, Not Active, Not Active
2026/09/17 20:23:53.941, 68, 55.95 W, 100 %, 3768 MiB, 0x0000000000000000, Not Active, Not Active
2026/09/17 20:23:55.977, 71, 79.42 W, 88 %, 3768 MiB, 0x0000000000000004, Not Active, Not Active
2026/09/17 20:23:57.983, 69, 56.41 W, 98 %, 3768 MiB, 0x0000000000000000, Not Active, Not Active
2026/09/17 20:24:00.017, 71, 70.19 W, 96 %, 3768 MiB, 0x0000000000000004, Not Active, Not Active
2026/09/17 20:24:02.026, 71, 79.64 W, 95 %, 3768 MiB, 0x0000000000000004, Not Active, Not Active
2026/09/17 20:24:04.037, 69, 56.59 W, 95 %, 3768 MiB, 0x0000000000000000, Not Active, Not Active
2026/09/17 20:24:06.075, 70, 78.73 W, 99 %, 3768 MiB, 0x0000000000000004, Not Active, Not Active
2026/09/17 20:24:08.085, 69, 56.42 W, 92 %, 3768 MiB, 0x0000000000000004, Not Active, Not Active
2026/09/17 20:24:10.102, 69, 56.64 W, 100 %, 3768 MiB, 0x0000000000000000, Not Active, Not Active
2026/09/17 20:24:12.138, 69, 81.52 W, 100 %, 3768 MiB, 0x0000000000000004, Not Active, Not Active
2026/09/17 20:24:14.144, 70, 57.10 W, 90 %, 3768 MiB, 0x0000000000000000, Not Active, Not Active
2026/09/17 20:24:16.180, 70, 50.35 W, 98 %, 3768 MiB, 0x0000000000000004, Not Active, Not Active
2026/09/17 20:24:18.186, 71, 78.38 W, 88 %, 3768 MiB, 0x0000000000000004, Not Active, Not Active
2026/09/17 20:24:20.191, 69, 56.37 W, 89 %, 3768 MiB, 0x0000000000000000, Not Active, Not Active
2026/09/17 20:24:22.227, 69, 57.56 W, 100 %, 3768 MiB, 0x0000000000000000, Not Active, Not Active
2026/09/17 20:24:24.264, 69, 56.21 W, 100 %, 3768 MiB, 0x0000000000000000, Not Active, Not Active
2026/09/17 20:24:26.299, 69, 56.57 W, 98 %, 3768 MiB, 0x0000000000000000, Not Active, Not Active
2026/09/17 20:24:28.336, 71, 77.19 W, 93 %, 3768 MiB, 0x0000000000000004, Not Active, Not Active
2026/09/17 20:24:30.342, 71, 68.04 W, 89 %, 3768 MiB, 0x0000000000000004, Not Active, Not Active
2026/09/17 20:24:32.348, 69, 55.95 W, 92 %, 3768 MiB, 0x0000000000000000, Not Active, Not Active
2026/09/17 20:24:34.385, 69, 56.33 W, 94 %, 3768 MiB, 0x0000000000000000, Not Active, Not Active
2026/09/17 20:24:36.420, 71, 56.33 W, 94 %, 3768 MiB, 0x0000000000000000, Not Active, Not Active
2026/09/17 20:24:38.459, 69, 56.30 W, 100 %, 3768 MiB, 0x0000000000000000, Not Active, Not Active
2026/09/17 20:24:40.493, 71, 75.34 W, 89 %, 3768 MiB, 0x0000000000000004, Not Active, Not Active
2026/09/17 20:24:42.499, 69, 56.12 W, 99 %, 3768 MiB, 0x0000000000000000, Not Active, Not Active
2026/09/17 20:24:44.535, 70, 65.64 W, 95 %, 3768 MiB, 0x0000000000000004, Not Active, Not Active
2026/09/17 20:24:46.540, 69, 51.22 W, 95 %, 3768 MiB, 0x0000000000000000, Not Active, Not Active
2026/09/17 20:24:48.575, 69, 56.46 W, 94 %, 3768 MiB, 0x0000000000000000, Not Active, Not Active
2026/09/17 20:24:50.611, 71, 77.08 W, 85 %, 3768 MiB, 0x0000000000000004, Not Active, Not Active
2026/09/17 20:24:52.620, 69, 57.18 W, 84 %, 3768 MiB, 0x0000000000000000, Not Active, Not Active
2026/09/17 20:24:54.659, 69, 55.94 W, 98 %, 3768 MiB, 0x0000000000000000, Not Active, Not Active
2026/09/17 20:24:56.694, 69, 56.73 W, 97 %, 3768 MiB, 0x0000000000000000, Not Active, Not Active
2026/09/17 20:24:58.728, 69, 55.98 W, 90 %, 3768 MiB, 0x0000000000000000, Not Active, Not Active
2026/09/17 20:25:00.764, 71, 77.84 W, 89 %, 3768 MiB, 0x0000000000000004, Not Active, Not Active
2026/09/17 20:25:02.769, 71, 75.98 W, 88 %, 3768 MiB, 0x0000000000000004, Not Active, Not Active
2026/09/17 20:25:04.775, 69, 57.96 W, 94 %, 3768 MiB, 0x0000000000000000, Not Active, Not Active
2026/09/17 20:25:06.812, 69, 56.69 W, 100 %, 3768 MiB, 0x0000000000000000, Not Active, Not Active
2026/09/17 20:25:08.849, 71, 78.02 W, 99 %, 3768 MiB, 0x0000000000000004, Not Active, Not Active
2026/09/17 20:25:10.855, 71, 77.77 W, 89 %, 3768 MiB, 0x0000000000000004, Not Active, Not Active
2026/09/17 20:25:12.865, 69, 53.06 W, 95 %, 3768 MiB, 0x0000000000000004, Not Active, Not Active
2026/09/17 20:25:14.870, 69, 56.76 W, 98 %, 3768 MiB, 0x0000000000000000, Not Active, Not Active
2026/09/17 20:25:16.906, 71, 54.90 W, 98 %, 3768 MiB, 0x0000000000000000, Not Active, Not Active
2026/09/17 20:25:18.943, 71, 68.07 W, 93 %, 3768 MiB, 0x0000000000000004, Not Active, Not Active
2026/09/17 20:25:20.950, 69, 56.41 W, 89 %, 3768 MiB, 0x0000000000000000, Not Active, Not Active
2026/09/17 20:25:22.985, 69, 56.15 W, 100 %, 3768 MiB, 0x0000000000000000, Not Active, Not Active
2026/09/17 20:25:25.019, 69, 54.19 W, 100 %, 3768 MiB, 0x0000000000000000, Not Active, Not Active
2026/09/17 20:25:27.057, 69, 57.32 W, 94 %, 3768 MiB, 0x0000000000000000, Not Active, Not Active
2026/09/17 20:25:29.092, 71, 79.53 W, 89 %, 3768 MiB, 0x0000000000000004, Not Active, Not Active
2026/09/17 20:25:31.096, 69, 55.83 W, 90 %, 3768 MiB, 0x0000000000000000, Not Active, Not Active
2026/09/17 20:25:33.132, 70, 63.51 W, 100 %, 3768 MiB, 0x0000000000000004, Not Active, Not Active
2026/09/17 20:25:35.137, 69, 54.07 W, 97 %, 3768 MiB, 0x0000000000000000, Not Active, Not Active
2026/09/17 20:25:37.171, 70, 78.74 W, 100 %, 3768 MiB, 0x0000000000000004, Not Active, Not Active
2026/09/17 20:25:39.178, 71, 76.01 W, 99 %, 3768 MiB, 0x0000000000000004, Not Active, Not Active
2026/09/17 20:25:41.184, 71, 79.49 W, 88 %, 3768 MiB, 0x0000000000000004, Not Active, Not Active
2026/09/17 20:25:43.194, 69, 57.29 W, 67 %, 3768 MiB, 0x0000000000000000, Not Active, Not Active
2026/09/17 20:25:45.230, 69, 56.52 W, 99 %, 3780 MiB, 0x0000000000000000, Not Active, Not Active
2026/09/17 20:25:47.267, 69, 57.06 W, 100 %, 3780 MiB, 0x0000000000000000, Not Active, Not Active
2026/09/17 20:25:49.304, 69, 57.00 W, 100 %, 3780 MiB, 0x0000000000000000, Not Active, Not Active
2026/09/17 20:25:51.340, 69, 56.95 W, 97 %, 3780 MiB, 0x0000000000000000, Not Active, Not Active
2026/09/17 20:25:53.378, 69, 53.70 W, 100 %, 3780 MiB, 0x0000000000000000, Not Active, Not Active
2026/09/17 20:25:55.413, 68, 51.99 W, 100 %, 3780 MiB, 0x0000000000000000, Not Active, Not Active
2026/09/17 20:25:57.448, 68, 58.26 W, 99 %, 3780 MiB, 0x0000000000000004, Not Active, Not Active
2026/09/17 20:25:59.457, 69, 56.13 W, 100 %, 3780 MiB, 0x0000000000000000, Not Active, Not Active
2026/09/17 20:26:01.492, 70, 80.53 W, 91 %, 3782 MiB, 0x0000000000000004, Not Active, Not Active
2026/09/17 20:26:03.499, 71, 77.55 W, 86 %, 3782 MiB, 0x0000000000000004, Not Active, Not Active
2026/09/17 20:26:05.505, 71, 77.50 W, 86 %, 3782 MiB, 0x0000000000000004, Not Active, Not Active
2026/09/17 20:26:07.510, 71, 77.96 W, 84 %, 3782 MiB, 0x0000000000000004, Not Active, Not Active
2026/09/17 20:26:09.517, 72, 78.47 W, 84 %, 3782 MiB, 0x0000000000000004, Not Active, Not Active
2026/09/17 20:26:11.525, 71, 76.49 W, 86 %, 3782 MiB, 0x0000000000000004, Not Active, Not Active
2026/09/17 20:26:13.531, 72, 79.77 W, 86 %, 3782 MiB, 0x0000000000000004, Not Active, Not Active
2026/09/17 20:26:15.536, 72, 76.94 W, 88 %, 3782 MiB, 0x0000000000000004, Not Active, Not Active
2026/09/17 20:26:17.541, 70, 57.51 W, 94 %, 3782 MiB, 0x0000000000000004, Not Active, Not Active
2026/09/17 20:26:19.547, 69, 57.02 W, 100 %, 3782 MiB, 0x0000000000000000, Not Active, Not Active
2026/09/17 20:26:21.582, 72, 76.62 W, 87 %, 3782 MiB, 0x0000000000000004, Not Active, Not Active
2026/09/17 20:26:23.590, 72, 78.07 W, 85 %, 3782 MiB, 0x0000000000000004, Not Active, Not Active
2026/09/17 20:26:25.615, 72, 73.55 W, 89 %, 3782 MiB, 0x0000000000000004, Not Active, Not Active
2026/09/17 20:26:27.623, 72, 77.68 W, 96 %, 3782 MiB, 0x0000000000000004, Not Active, Not Active
2026/09/17 20:26:29.629, 72, 74.43 W, 94 %, 3782 MiB, 0x0000000000000004, Not Active, Not Active
2026/09/17 20:26:31.635, 70, 53.76 W, 86 %, 3782 MiB, 0x0000000000000000, Not Active, Not Active
2026/09/17 20:26:33.671, 71, 49.49 W, 94 %, 3782 MiB, 0x0000000000000000, Not Active, Not Active
2026/09/17 20:26:35.706, 69, 56.01 W, 96 %, 3782 MiB, 0x0000000000000004, Not Active, Not Active
2026/09/17 20:26:37.712, 72, 75.95 W, 90 %, 3782 MiB, 0x0000000000000004, Not Active, Not Active
2026/09/17 20:26:39.721, 72, 79.04 W, 79 %, 3782 MiB, 0x0000000000000004, Not Active, Not Active
2026/09/17 20:26:41.727, 72, 78.22 W, 81 %, 3782 MiB, 0x0000000000000004, Not Active, Not Active
2026/09/17 20:26:43.732, 73, 72.30 W, 88 %, 3782 MiB, 0x0000000000000004, Not Active, Not Active
2026/09/17 20:26:45.738, 72, 77.13 W, 90 %, 3782 MiB, 0x0000000000000004, Not Active, Not Active
2026/09/17 20:26:47.746, 72, 77.66 W, 87 %, 3782 MiB, 0x0000000000000004, Not Active, Not Active
2026/09/17 20:26:49.752, 70, 55.87 W, 89 %, 3782 MiB, 0x0000000000000000, Not Active, Not Active
2026/09/17 20:26:51.789, 70, 55.67 W, 99 %, 3782 MiB, 0x0000000000000000, Not Active, Not Active
2026/09/17 20:26:53.826, 72, 79.84 W, 94 %, 3782 MiB, 0x0000000000000004, Not Active, Not Active
2026/09/17 20:26:55.833, 73, 78.70 W, 87 %, 3782 MiB, 0x0000000000000004, Not Active, Not Active
2026/09/17 20:26:57.838, 72, 77.53 W, 89 %, 3782 MiB, 0x0000000000000004, Not Active, Not Active
2026/09/17 20:26:59.843, 73, 75.90 W, 89 %, 3782 MiB, 0x0000000000000004, Not Active, Not Active
2026/09/17 20:27:01.851, 73, 78.19 W, 84 %, 3782 MiB, 0x0000000000000004, Not Active, Not Active
2026/09/17 20:27:03.857, 73, 79.05 W, 89 %, 3782 MiB, 0x0000000000000004, Not Active, Not Active
2026/09/17 20:27:05.862, 73, 77.81 W, 90 %, 3782 MiB, 0x0000000000000004, Not Active, Not Active
2026/09/17 20:27:07.867, 73, 75.86 W, 87 %, 3782 MiB, 0x0000000000000004, Not Active, Not Active
2026/09/17 20:27:09.873, 73, 78.11 W, 89 %, 3782 MiB, 0x0000000000000004, Not Active, Not Active
2026/09/17 20:27:11.883, 73, 82.55 W, 90 %, 3782 MiB, 0x0000000000000004, Not Active, Not Active
2026/09/17 20:27:13.888, 73, 79.58 W, 89 %, 3782 MiB, 0x0000000000000004, Not Active, Not Active
2026/09/17 20:27:15.894, 73, 77.70 W, 89 %, 3782 MiB, 0x0000000000000004, Not Active, Not Active
2026/09/17 20:27:17.899, 73, 78.08 W, 90 %, 3782 MiB, 0x0000000000000004, Not Active, Not Active
2026/09/17 20:27:19.910, 73, 76.66 W, 89 %, 3782 MiB, 0x0000000000000004, Not Active, Not Active
2026/09/17 20:27:21.916, 73, 74.16 W, 87 %, 3782 MiB, 0x0000000000000004, Not Active, Not Active
2026/09/17 20:27:23.921, 73, 76.54 W, 87 %, 3782 MiB, 0x0000000000000004, Not Active, Not Active
2026/09/17 20:27:25.927, 73, 79.31 W, 90 %, 3782 MiB, 0x0000000000000004, Not Active, Not Active
2026/09/17 20:27:27.933, 74, 78.22 W, 89 %, 3782 MiB, 0x0000000000000004, Not Active, Not Active
2026/09/17 20:27:29.941, 74, 78.87 W, 90 %, 3782 MiB, 0x0000000000000004, Not Active, Not Active
2026/09/17 20:27:31.949, 74, 78.61 W, 86 %, 3782 MiB, 0x0000000000000004, Not Active, Not Active
2026/09/17 20:27:33.956, 74, 79.62 W, 90 %, 3782 MiB, 0x0000000000000004, Not Active, Not Active
2026/09/17 20:27:35.962, 74, 79.34 W, 90 %, 3782 MiB, 0x0000000000000004, Not Active, Not Active
2026/09/17 20:27:37.967, 74, 66.92 W, 90 %, 3782 MiB, 0x0000000000000004, Not Active, Not Active
2026/09/17 20:27:39.976, 70, 35.55 W, 93 %, 3782 MiB, 0x0000000000000000, Not Active, Not Active
2026/09/17 20:27:42.011, 67, 24.91 W, 0 %, 176 MiB, 0x0000000000000000, Not Active, Not Active
2026/09/17 20:27:44.050, 66, 24.75 W, 0 %, 176 MiB, 0x0000000000000000, Not Active, Not Active
2026/09/17 20:27:46.090, 67, 35.02 W, 13 %, 1856 MiB, 0x0000000000000000, Not Active, Not Active
2026/09/17 20:27:48.128, 65, 24.54 W, 0 %, 1856 MiB, 0x0000000000000000, Not Active, Not Active
2026/09/17 20:27:50.167, 65, 24.61 W, 0 %, 1856 MiB, 0x0000000000000000, Not Active, Not Active
2026/09/17 20:27:52.205, 69, 56.29 W, 97 %, 1922 MiB, 0x0000000000000000, Not Active, Not Active
2026/09/17 20:27:54.241, 70, 79.96 W, 98 %, 1924 MiB, 0x0000000000000004, Not Active, Not Active
2026/09/17 20:27:56.247, 72, 69.09 W, 85 %, 1924 MiB, 0x0000000000000004, Not Active, Not Active
2026/09/17 20:27:58.252, 72, 79.69 W, 92 %, 1924 MiB, 0x0000000000000004, Not Active, Not Active
2026/09/17 20:28:00.261, 70, 55.27 W, 93 %, 1924 MiB, 0x0000000000000000, Not Active, Not Active
2026/09/17 20:28:02.297, 70, 80.04 W, 89 %, 1924 MiB, 0x0000000000000004, Not Active, Not Active
2026/09/17 20:28:04.304, 70, 79.79 W, 93 %, 1924 MiB, 0x0000000000000004, Not Active, Not Active
2026/09/17 20:28:06.309, 70, 55.69 W, 90 %, 1924 MiB, 0x0000000000000000, Not Active, Not Active
2026/09/17 20:28:08.344, 70, 55.10 W, 87 %, 1924 MiB, 0x0000000000000000, Not Active, Not Active
2026/09/17 20:28:10.378, 70, 55.63 W, 91 %, 1924 MiB, 0x0000000000000000, Not Active, Not Active
2026/09/17 20:28:12.414, 72, 80.00 W, 87 %, 1924 MiB, 0x0000000000000004, Not Active, Not Active
2026/09/17 20:28:14.420, 72, 61.86 W, 93 %, 1924 MiB, 0x0000000000000004, Not Active, Not Active
2026/09/17 20:28:16.424, 72, 77.01 W, 100 %, 1924 MiB, 0x0000000000000004, Not Active, Not Active
2026/09/17 20:28:18.434, 72, 51.40 W, 93 %, 1924 MiB, 0x0000000000000000, Not Active, Not Active
2026/09/17 20:28:20.471, 72, 73.70 W, 94 %, 1924 MiB, 0x0000000000000004, Not Active, Not Active
2026/09/17 20:28:22.480, 70, 60.31 W, 91 %, 1924 MiB, 0x0000000000000000, Not Active, Not Active
2026/09/17 20:28:24.517, 70, 56.20 W, 99 %, 1924 MiB, 0x0000000000000000, Not Active, Not Active
2026/09/17 20:28:26.552, 72, 72.67 W, 84 %, 1924 MiB, 0x0000000000000004, Not Active, Not Active
2026/09/17 20:28:28.556, 70, 68.98 W, 87 %, 1924 MiB, 0x0000000000000004, Not Active, Not Active
2026/09/17 20:28:30.563, 71, 54.38 W, 92 %, 1924 MiB, 0x0000000000000000, Not Active, Not Active
2026/09/17 20:28:32.598, 70, 55.36 W, 97 %, 1924 MiB, 0x0000000000000000, Not Active, Not Active
2026/09/17 20:28:34.635, 70, 54.90 W, 90 %, 1924 MiB, 0x0000000000000000, Not Active, Not Active
2026/09/17 20:28:36.673, 72, 78.90 W, 99 %, 1924 MiB, 0x0000000000000004, Not Active, Not Active
2026/09/17 20:28:38.681, 70, 57.05 W, 85 %, 1924 MiB, 0x0000000000000004, Not Active, Not Active
2026/09/17 20:28:40.687, 70, 56.09 W, 85 %, 1924 MiB, 0x0000000000000000, Not Active, Not Active
2026/09/17 20:28:42.723, 72, 79.30 W, 94 %, 1924 MiB, 0x0000000000000004, Not Active, Not Active
2026/09/17 20:28:44.728, 70, 76.16 W, 95 %, 1924 MiB, 0x0000000000000004, Not Active, Not Active
2026/09/17 20:28:46.738, 70, 56.08 W, 82 %, 1924 MiB, 0x0000000000000000, Not Active, Not Active
2026/09/17 20:28:48.775, 73, 79.91 W, 87 %, 1924 MiB, 0x0000000000000004, Not Active, Not Active
2026/09/17 20:28:50.783, 70, 56.17 W, 94 %, 1924 MiB, 0x0000000000000000, Not Active, Not Active
2026/09/17 20:28:52.821, 70, 55.71 W, 99 %, 1924 MiB, 0x0000000000000000, Not Active, Not Active
2026/09/17 20:28:54.855, 72, 62.99 W, 88 %, 1924 MiB, 0x0000000000000004, Not Active, Not Active
2026/09/17 20:28:56.862, 70, 71.43 W, 94 %, 1924 MiB, 0x0000000000000004, Not Active, Not Active
2026/09/17 20:28:58.869, 70, 56.04 W, 92 %, 1924 MiB, 0x0000000000000000, Not Active, Not Active
2026/09/17 20:29:00.905, 70, 55.37 W, 97 %, 1924 MiB, 0x0000000000000000, Not Active, Not Active
2026/09/17 20:29:02.943, 72, 55.05 W, 92 %, 1924 MiB, 0x0000000000000000, Not Active, Not Active
2026/09/17 20:29:04.982, 72, 79.35 W, 91 %, 1924 MiB, 0x0000000000000004, Not Active, Not Active
2026/09/17 20:29:06.989, 70, 55.42 W, 82 %, 1924 MiB, 0x0000000000000000, Not Active, Not Active
2026/09/17 20:29:09.028, 72, 77.14 W, 83 %, 1924 MiB, 0x0000000000000004, Not Active, Not Active
2026/09/17 20:29:11.036, 70, 55.89 W, 93 %, 1924 MiB, 0x0000000000000004, Not Active, Not Active
2026/09/17 20:29:13.041, 70, 55.66 W, 96 %, 1924 MiB, 0x0000000000000000, Not Active, Not Active
2026/09/17 20:29:15.075, 72, 79.61 W, 81 %, 1924 MiB, 0x0000000000000004, Not Active, Not Active
2026/09/17 20:29:17.080, 70, 54.27 W, 97 %, 1924 MiB, 0x0000000000000000, Not Active, Not Active
2026/09/17 20:29:19.117, 70, 56.08 W, 97 %, 1924 MiB, 0x0000000000000000, Not Active, Not Active
2026/09/17 20:29:21.151, 70, 54.60 W, 90 %, 1924 MiB, 0x0000000000000000, Not Active, Not Active
2026/09/17 20:29:23.188, 72, 54.76 W, 93 %, 1924 MiB, 0x0000000000000004, Not Active, Not Active
2026/09/17 20:29:25.193, 70, 76.14 W, 91 %, 1924 MiB, 0x0000000000000004, Not Active, Not Active
2026/09/17 20:29:27.201, 69, 56.79 W, 72 %, 1924 MiB, 0x0000000000000000, Not Active, Not Active
2026/09/17 20:29:29.237, 70, 56.86 W, 100 %, 1934 MiB, 0x0000000000000000, Not Active, Not Active
2026/09/17 20:29:31.271, 70, 56.52 W, 99 %, 1934 MiB, 0x0000000000000000, Not Active, Not Active
2026/09/17 20:29:33.307, 70, 56.33 W, 99 %, 1934 MiB, 0x0000000000000000, Not Active, Not Active
2026/09/17 20:29:35.342, 70, 56.15 W, 99 %, 1934 MiB, 0x0000000000000000, Not Active, Not Active
2026/09/17 20:29:37.378, 72, 78.44 W, 85 %, 1934 MiB, 0x0000000000000004, Not Active, Not Active
2026/09/17 20:29:39.383, 72, 78.16 W, 84 %, 1934 MiB, 0x0000000000000004, Not Active, Not Active
2026/09/17 20:29:41.388, 72, 78.38 W, 84 %, 1934 MiB, 0x0000000000000004, Not Active, Not Active
2026/09/17 20:29:43.393, 73, 78.93 W, 78 %, 1934 MiB, 0x0000000000000004, Not Active, Not Active
2026/09/17 20:29:45.400, 71, 55.36 W, 94 %, 1934 MiB, 0x0000000000000000, Not Active, Not Active
2026/09/17 20:29:47.436, 73, 78.01 W, 84 %, 1934 MiB, 0x0000000000000004, Not Active, Not Active
2026/09/17 20:29:49.442, 73, 80.36 W, 80 %, 1934 MiB, 0x0000000000000004, Not Active, Not Active
2026/09/17 20:29:51.449, 71, 80.69 W, 91 %, 1934 MiB, 0x0000000000000004, Not Active, Not Active
2026/09/17 20:29:53.454, 71, 69.76 W, 87 %, 1934 MiB, 0x0000000000000004, Not Active, Not Active
2026/09/17 20:29:55.468, 71, 54.89 W, 83 %, 1934 MiB, 0x0000000000000000, Not Active, Not Active
2026/09/17 20:29:57.503, 71, 77.29 W, 89 %, 1934 MiB, 0x0000000000000004, Not Active, Not Active
2026/09/17 20:29:59.513, 72, 76.69 W, 100 %, 1934 MiB, 0x0000000000000004, Not Active, Not Active
2026/09/17 20:30:01.520, 73, 79.71 W, 81 %, 1934 MiB, 0x0000000000000004, Not Active, Not Active
2026/09/17 20:30:03.525, 73, 79.89 W, 84 %, 1934 MiB, 0x0000000000000004, Not Active, Not Active
2026/09/17 20:30:05.533, 73, 82.04 W, 83 %, 1934 MiB, 0x0000000000000004, Not Active, Not Active
2026/09/17 20:30:07.538, 73, 76.42 W, 83 %, 1934 MiB, 0x0000000000000004, Not Active, Not Active
2026/09/17 20:30:09.543, 73, 82.24 W, 84 %, 1934 MiB, 0x0000000000000004, Not Active, Not Active
2026/09/17 20:30:11.550, 73, 76.69 W, 81 %, 1934 MiB, 0x0000000000000004, Not Active, Not Active
2026/09/17 20:30:13.556, 73, 77.63 W, 83 %, 1934 MiB, 0x0000000000000004, Not Active, Not Active
2026/09/17 20:30:15.561, 74, 81.80 W, 81 %, 1934 MiB, 0x0000000000000004, Not Active, Not Active
2026/09/17 20:30:17.566, 73, 80.58 W, 81 %, 1934 MiB, 0x0000000000000004, Not Active, Not Active
2026/09/17 20:30:19.571, 74, 80.80 W, 84 %, 1934 MiB, 0x0000000000000004, Not Active, Not Active
2026/09/17 20:30:21.579, 73, 77.03 W, 84 %, 1934 MiB, 0x0000000000000004, Not Active, Not Active
2026/09/17 20:30:23.584, 74, 77.95 W, 80 %, 1934 MiB, 0x0000000000000004, Not Active, Not Active
2026/09/17 20:30:25.590, 74, 79.63 W, 84 %, 1934 MiB, 0x0000000000000004, Not Active, Not Active
2026/09/17 20:30:27.595, 74, 79.21 W, 84 %, 1934 MiB, 0x0000000000000004, Not Active, Not Active
2026/09/17 20:30:29.601, 74, 79.15 W, 84 %, 1934 MiB, 0x0000000000000004, Not Active, Not Active
2026/09/17 20:30:31.607, 74, 77.96 W, 86 %, 1934 MiB, 0x0000000000000004, Not Active, Not Active
2026/09/17 20:30:33.614, 69, 35.17 W, 0 %, 103 MiB, 0x0000000000000000, Not Active, Not Active
2026/09/17 20:30:35.648, 66, 20.22 W, 0 %, 103 MiB, 0x0000000000000001, Not Active, Not Active
2026/09/17 20:30:37.707, 64, 8.58 W, 0 %, 103 MiB, 0x0000000000000001, Not Active, Not Active
2026/09/17 20:30:39.782, 63, 4.42 W, 0 %, 103 MiB, 0x0000000000000001, Not Active, Not Active
2026/09/17 20:30:41.849, 62, 4.56 W, 0 %, 103 MiB, 0x0000000000000001, Not Active, Not Active
2026/09/17 20:30:43.916, 61, 4.29 W, 0 %, 103 MiB, 0x0000000000000001, Not Active, Not Active
2026/09/17 20:30:45.986, 61, 4.39 W, 0 %, 103 MiB, 0x0000000000000001, Not Active, Not Active
2026/09/17 20:30:48.054, 60, 4.68 W, 0 %, 103 MiB, 0x0000000000000001, Not Active, Not Active
2026/09/17 20:30:50.121, 60, 4.36 W, 0 %, 103 MiB, 0x0000000000000001, Not Active, Not Active
2026/09/17 20:30:52.188, 59, 4.39 W, 0 %, 103 MiB, 0x0000000000000001, Not Active, Not Active
2026/09/17 20:30:54.259, 59, 4.35 W, 0 %, 103 MiB, 0x0000000000000001, Not Active, Not Active
2026/09/17 20:30:56.326, 58, 4.22 W, 0 %, 103 MiB, 0x0000000000000001, Not Active, Not Active
2026/09/17 20:30:58.393, 58, 4.26 W, 0 %, 103 MiB, 0x0000000000000001, Not Active, Not Active
2026/09/17 20:31:00.461, 57, 4.32 W, 0 %, 103 MiB, 0x0000000000000001, Not Active, Not Active
2026/09/17 20:31:02.546, 57, 4.29 W, 0 %, 103 MiB, 0x0000000000000001, Not Active, Not Active
2026/09/17 20:31:04.618, 56, 4.48 W, 0 %, 103 MiB, 0x0000000000000001, Not Active, Not Active
2026/09/17 20:31:06.690, 56, 4.28 W, 0 %, 103 MiB, 0x0000000000000001, Not Active, Not Active
2026/09/17 20:31:08.763, 56, 4.15 W, 0 %, 103 MiB, 0x0000000000000001, Not Active, Not Active
2026/09/17 20:31:10.832, 56, 4.30 W, 0 %, 103 MiB, 0x0000000000000001, Not Active, Not Active
2026/09/17 20:31:12.900, 55, 4.19 W, 0 %, 103 MiB, 0x0000000000000001, Not Active, Not Active
2026/09/17 20:31:14.969, 55, 4.27 W, 0 %, 103 MiB, 0x0000000000000001, Not Active, Not Active
2026/09/17 20:31:17.043, 55, 4.12 W, 0 %, 103 MiB, 0x0000000000000001, Not Active, Not Active
2026/09/17 20:31:19.110, 54, 4.06 W, 0 %, 103 MiB, 0x0000000000000001, Not Active, Not Active
2026/09/17 20:31:21.179, 54, 3.99 W, 0 %, 103 MiB, 0x0000000000000001, Not Active, Not Active
2026/09/17 20:31:23.247, 54, 4.05 W, 0 %, 103 MiB, 0x0000000000000001, Not Active, Not Active
2026/09/17 20:31:25.315, 54, 3.83 W, 0 %, 103 MiB, 0x0000000000000001, Not Active, Not Active
2026/09/17 20:31:27.383, 54, 3.98 W, 0 %, 103 MiB, 0x0000000000000001, Not Active, Not Active
2026/09/17 20:31:29.451, 53, 3.90 W, 0 %, 103 MiB, 0x0000000000000001, Not Active, Not Active
2026/09/17 20:31:31.527, 53, 4.01 W, 0 %, 103 MiB, 0x0000000000000001, Not Active, Not Active
2026/09/17 20:31:33.595, 53, 4.13 W, 0 %, 103 MiB, 0x0000000000000001, Not Active, Not Active
2026/09/17 20:31:35.663, 53, 4.18 W, 0 %, 103 MiB, 0x0000000000000001, Not Active, Not Active
2026/09/17 20:31:37.730, 53, 3.95 W, 0 %, 103 MiB, 0x0000000000000001, Not Active, Not Active
2026/09/17 20:31:39.799, 52, 3.86 W, 0 %, 103 MiB, 0x0000000000000001, Not Active, Not Active
2026/09/17 20:31:41.866, 52, 3.74 W, 0 %, 103 MiB, 0x0000000000000001, Not Active, Not Active
2026/09/17 20:31:43.934, 52, 3.88 W, 0 %, 103 MiB, 0x0000000000000001, Not Active, Not Active
2026/09/17 20:31:46.006, 52, 3.85 W, 0 %, 103 MiB, 0x0000000000000001, Not Active, Not Active
2026/09/17 20:31:48.074, 52, 3.90 W, 0 %, 103 MiB, 0x0000000000000001, Not Active, Not Active
2026/09/17 20:31:50.142, 52, 3.84 W, 0 %, 103 MiB, 0x0000000000000001, Not Active, Not Active
2026/09/17 20:31:52.210, 52, 3.87 W, 0 %, 103 MiB, 0x0000000000000001, Not Active, Not Active
2026/09/17 20:31:54.277, 52, 3.84 W, 0 %, 103 MiB, 0x0000000000000001, Not Active, Not Active
2026/09/17 20:31:56.345, 52, 3.82 W, 0 %, 103 MiB, 0x0000000000000001, Not Active, Not Active
2026/09/17 20:31:58.415, 51, 3.83 W, 0 %, 103 MiB, 0x0000000000000001, Not Active, Not Active
2026/09/17 20:32:00.483, 51, 3.77 W, 0 %, 103 MiB, 0x0000000000000001, Not Active, Not Active
2026/09/17 20:32:02.563, 51, 4.11 W, 0 %, 103 MiB, 0x0000000000000001, Not Active, Not Active
2026/09/17 20:32:04.643, 51, 3.78 W, 0 %, 103 MiB, 0x0000000000000001, Not Active, Not Active
2026/09/17 20:32:06.725, 51, 3.96 W, 0 %, 103 MiB, 0x0000000000000001, Not Active, Not Active
2026/09/17 20:32:08.794, 51, 3.83 W, 0 %, 103 MiB, 0x0000000000000001, Not Active, Not Active
2026/09/17 20:32:10.861, 51, 3.83 W, 0 %, 103 MiB, 0x0000000000000001, Not Active, Not Active
2026/09/17 20:32:12.930, 51, 3.79 W, 0 %, 103 MiB, 0x0000000000000001, Not Active, Not Active
2026/09/17 20:32:14.999, 51, 3.84 W, 0 %, 103 MiB, 0x0000000000000001, Not Active, Not Active
2026/09/17 20:32:17.072, 50, 3.92 W, 0 %, 103 MiB, 0x0000000000000001, Not Active, Not Active
2026/09/17 20:32:19.139, 50, 3.92 W, 0 %, 103 MiB, 0x0000000000000001, Not Active, Not Active
2026/09/17 20:32:21.207, 50, 3.78 W, 0 %, 103 MiB, 0x0000000000000001, Not Active, Not Active
2026/09/17 20:32:23.276, 50, 3.66 W, 0 %, 103 MiB, 0x0000000000000001, Not Active, Not Active
2026/09/17 20:32:25.345, 50, 3.87 W, 0 %, 103 MiB, 0x0000000000000001, Not Active, Not Active
2026/09/17 20:32:27.414, 50, 3.70 W, 0 %, 103 MiB, 0x0000000000000001, Not Active, Not Active
2026/09/17 20:32:29.483, 50, 3.80 W, 0 %, 103 MiB, 0x0000000000000001, Not Active, Not Active
2026/09/17 20:32:31.558, 50, 4.10 W, 0 %, 103 MiB, 0x0000000000000001, Not Active, Not Active
2026/09/17 20:32:33.626, 50, 3.97 W, 0 %, 103 MiB, 0x0000000000000001, Not Active, Not Active
2026/09/17 20:32:35.695, 49, 3.77 W, 0 %, 103 MiB, 0x0000000000000001, Not Active, Not Active
2026/09/17 20:32:37.765, 49, 3.92 W, 0 %, 103 MiB, 0x0000000000000001, Not Active, Not Active
2026/09/17 20:32:39.833, 49, 3.92 W, 0 %, 103 MiB, 0x0000000000000001, Not Active, Not Active
2026/09/17 20:32:41.901, 49, 3.74 W, 0 %, 103 MiB, 0x0000000000000001, Not Active, Not Active
2026/09/17 20:32:43.970, 49, 3.76 W, 0 %, 103 MiB, 0x0000000000000001, Not Active, Not Active
2026/09/17 20:32:46.040, 49, 3.93 W, 0 %, 103 MiB, 0x0000000000000001, Not Active, Not Active
2026/09/17 20:32:48.108, 49, 3.88 W, 0 %, 103 MiB, 0x0000000000000001, Not Active, Not Active
2026/09/17 20:32:50.178, 49, 4.03 W, 0 %, 103 MiB, 0x0000000000000001, Not Active, Not Active
2026/09/17 20:32:52.246, 49, 3.83 W, 0 %, 103 MiB, 0x0000000000000001, Not Active, Not Active
2026/09/17 20:32:54.315, 49, 3.71 W, 0 %, 103 MiB, 0x0000000000000001, Not Active, Not Active
2026/09/17 20:32:56.383, 49, 3.89 W, 0 %, 103 MiB, 0x0000000000000001, Not Active, Not Active
2026/09/17 20:32:58.452, 49, 3.80 W, 0 %, 103 MiB, 0x0000000000000001, Not Active, Not Active
2026/09/17 20:33:00.520, 49, 3.82 W, 0 %, 103 MiB, 0x0000000000000001, Not Active, Not Active
2026/09/17 20:33:02.604, 48, 4.10 W, 0 %, 103 MiB, 0x0000000000000001, Not Active, Not Active
2026/09/17 20:33:04.673, 48, 4.02 W, 0 %, 103 MiB, 0x0000000000000001, Not Active, Not Active
2026/09/17 20:33:06.745, 48, 3.84 W, 0 %, 103 MiB, 0x0000000000000001, Not Active, Not Active
2026/09/17 20:33:08.817, 48, 3.74 W, 0 %, 103 MiB, 0x0000000000000001, Not Active, Not Active
2026/09/17 20:33:10.888, 48, 3.73 W, 0 %, 103 MiB, 0x0000000000000001, Not Active, Not Active
2026/09/17 20:33:12.957, 48, 3.55 W, 0 %, 103 MiB, 0x0000000000000001, Not Active, Not Active
2026/09/17 20:33:15.027, 48, 3.66 W, 0 %, 103 MiB, 0x0000000000000001, Not Active, Not Active
2026/09/17 20:33:17.099, 48, 3.75 W, 0 %, 103 MiB, 0x0000000000000001, Not Active, Not Active
2026/09/17 20:33:19.168, 48, 3.91 W, 0 %, 103 MiB, 0x0000000000000001, Not Active, Not Active
2026/09/17 20:33:21.236, 48, 3.83 W, 0 %, 103 MiB, 0x0000000000000001, Not Active, Not Active
2026/09/17 20:33:23.304, 48, 3.84 W, 0 %, 103 MiB, 0x0000000000000001, Not Active, Not Active
2026/09/17 20:33:25.372, 48, 3.72 W, 0 %, 103 MiB, 0x0000000000000001, Not Active, Not Active
2026/09/17 20:33:27.441, 47, 3.61 W, 0 %, 103 MiB, 0x0000000000000001, Not Active, Not Active
2026/09/17 20:33:29.509, 47, 3.84 W, 0 %, 103 MiB, 0x0000000000000001, Not Active, Not Active
2026/09/17 20:33:31.583, 47, 3.97 W, 0 %, 103 MiB, 0x0000000000000001, Not Active, Not Active
2026/09/17 20:33:33.652, 47, 3.76 W, 0 %, 103 MiB, 0x0000000000000001, Not Active, Not Active
2026/09/17 20:33:35.720, 47, 3.65 W, 0 %, 103 MiB, 0x0000000000000001, Not Active, Not Active
2026/09/17 20:33:37.789, 47, 3.62 W, 0 %, 103 MiB, 0x0000000000000001, Not Active, Not Active
2026/09/17 20:33:39.858, 47, 3.70 W, 0 %, 103 MiB, 0x0000000000000001, Not Active, Not Active
2026/09/17 20:33:41.925, 47, 3.70 W, 0 %, 103 MiB, 0x0000000000000001, Not Active, Not Active
2026/09/17 20:33:43.995, 47, 3.63 W, 0 %, 103 MiB, 0x0000000000000001, Not Active, Not Active
2026/09/17 20:33:46.065, 47, 3.82 W, 0 %, 103 MiB, 0x0000000000000001, Not Active, Not Active
2026/09/17 20:33:48.134, 47, 3.87 W, 0 %, 103 MiB, 0x0000000000000001, Not Active, Not Active
2026/09/17 20:33:50.201, 47, 3.66 W, 0 %, 103 MiB, 0x0000000000000001, Not Active, Not Active
2026/09/17 20:33:52.269, 47, 3.55 W, 0 %, 103 MiB, 0x0000000000000001, Not Active, Not Active
2026/09/17 20:33:54.337, 47, 3.68 W, 0 %, 103 MiB, 0x0000000000000001, Not Active, Not Active
2026/09/17 20:33:56.406, 47, 3.68 W, 0 %, 103 MiB, 0x0000000000000001, Not Active, Not Active
2026/09/17 20:33:58.474, 46, 3.63 W, 0 %, 103 MiB, 0x0000000000000001, Not Active, Not Active
2026/09/17 20:34:00.543, 47, 3.77 W, 0 %, 103 MiB, 0x0000000000000001, Not Active, Not Active
2026/09/17 20:34:02.626, 46, 3.99 W, 0 %, 103 MiB, 0x0000000000000001, Not Active, Not Active
2026/09/17 20:34:04.710, 46, 3.63 W, 0 %, 103 MiB, 0x0000000000000001, Not Active, Not Active
2026/09/17 20:34:06.794, 46, 3.66 W, 0 %, 103 MiB, 0x0000000000000001, Not Active, Not Active
2026/09/17 20:34:08.880, 46, 3.60 W, 0 %, 103 MiB, 0x0000000000000001, Not Active, Not Active
2026/09/17 20:34:10.948, 46, 3.72 W, 0 %, 103 MiB, 0x0000000000000001, Not Active, Not Active
2026/09/17 20:34:13.017, 46, 3.78 W, 0 %, 103 MiB, 0x0000000000000001, Not Active, Not Active
2026/09/17 20:34:15.088, 46, 3.51 W, 0 %, 103 MiB, 0x0000000000000001, Not Active, Not Active
2026/09/17 20:34:17.157, 46, 3.88 W, 0 %, 103 MiB, 0x0000000000000001, Not Active, Not Active
2026/09/17 20:34:19.224, 46, 3.72 W, 0 %, 103 MiB, 0x0000000000000001, Not Active, Not Active
2026/09/17 20:34:21.292, 46, 3.80 W, 0 %, 103 MiB, 0x0000000000000001, Not Active, Not Active
2026/09/17 20:34:23.362, 46, 3.88 W, 0 %, 103 MiB, 0x0000000000000001, Not Active, Not Active
2026/09/17 20:34:25.429, 46, 3.62 W, 0 %, 103 MiB, 0x0000000000000001, Not Active, Not Active
2026/09/17 20:34:27.496, 46, 3.58 W, 0 %, 103 MiB, 0x0000000000000001, Not Active, Not Active
2026/09/17 20:34:29.566, 46, 3.80 W, 0 %, 103 MiB, 0x0000000000000001, Not Active, Not Active
2026/09/17 20:34:31.638, 46, 3.74 W, 0 %, 103 MiB, 0x0000000000000001, Not Active, Not Active
2026/09/17 20:34:33.706, 46, 3.83 W, 0 %, 103 MiB, 0x0000000000000001, Not Active, Not Active
2026/09/17 20:34:35.774, 46, 3.65 W, 0 %, 103 MiB, 0x0000000000000001, Not Active, Not Active
2026/09/17 20:34:37.844, 46, 3.61 W, 0 %, 103 MiB, 0x0000000000000001, Not Active, Not Active
2026/09/17 20:34:39.912, 46, 3.66 W, 0 %, 103 MiB, 0x0000000000000001, Not Active, Not Active
2026/09/17 20:34:41.980, 46, 3.62 W, 0 %, 103 MiB, 0x0000000000000001, Not Active, Not Active
2026/09/17 20:34:44.047, 46, 3.75 W, 0 %, 103 MiB, 0x0000000000000001, Not Active, Not Active
2026/09/17 20:34:46.119, 46, 3.56 W, 0 %, 103 MiB, 0x0000000000000001, Not Active, Not Active
2026/09/17 20:34:48.187, 46, 3.81 W, 0 %, 103 MiB, 0x0000000000000001, Not Active, Not Active
2026/09/17 20:34:50.255, 46, 3.83 W, 0 %, 103 MiB, 0x0000000000000001, Not Active, Not Active
2026/09/17 20:34:52.324, 45, 3.56 W, 0 %, 103 MiB, 0x0000000000000001, Not Active, Not Active
2026/09/17 20:34:54.392, 45, 3.64 W, 0 %, 103 MiB, 0x0000000000000001, Not Active, Not Active
2026/09/17 20:34:56.458, 45, 3.59 W, 0 %, 103 MiB, 0x0000000000000001, Not Active, Not Active
2026/09/17 20:34:58.526, 45, 3.64 W, 0 %, 103 MiB, 0x0000000000000001, Not Active, Not Active
2026/09/17 20:35:00.595, 45, 3.50 W, 0 %, 103 MiB, 0x0000000000000001, Not Active, Not Active
2026/09/17 20:35:02.677, 45, 3.70 W, 0 %, 103 MiB, 0x0000000000000001, Not Active, Not Active
2026/09/17 20:35:04.760, 45, 3.74 W, 0 %, 103 MiB, 0x0000000000000001, Not Active, Not Active
2026/09/17 20:35:06.829, 45, 3.69 W, 0 %, 103 MiB, 0x0000000000000001, Not Active, Not Active
2026/09/17 20:35:08.897, 45, 3.57 W, 0 %, 103 MiB, 0x0000000000000001, Not Active, Not Active
2026/09/17 20:35:10.967, 45, 3.57 W, 0 %, 103 MiB, 0x0000000000000001, Not Active, Not Active
2026/09/17 20:35:13.034, 45, 3.58 W, 0 %, 103 MiB, 0x0000000000000001, Not Active, Not Active
2026/09/17 20:35:15.102, 45, 3.58 W, 0 %, 103 MiB, 0x0000000000000001, Not Active, Not Active
2026/09/17 20:35:17.173, 45, 3.57 W, 0 %, 103 MiB, 0x0000000000000001, Not Active, Not Active
2026/09/17 20:35:19.241, 45, 3.95 W, 0 %, 103 MiB, 0x0000000000000001, Not Active, Not Active
2026/09/17 20:35:21.309, 45, 3.54 W, 0 %, 103 MiB, 0x0000000000000001, Not Active, Not Active
2026/09/17 20:35:23.378, 45, 3.58 W, 0 %, 103 MiB, 0x0000000000000001, Not Active, Not Active
2026/09/17 20:35:25.447, 45, 3.62 W, 0 %, 103 MiB, 0x0000000000000001, Not Active, Not Active
2026/09/17 20:35:27.516, 45, 3.53 W, 0 %, 103 MiB, 0x0000000000000001, Not Active, Not Active
2026/09/17 20:35:29.585, 45, 3.58 W, 0 %, 103 MiB, 0x0000000000000001, Not Active, Not Active
2026/09/17 20:35:31.660, 45, 3.81 W, 0 %, 103 MiB, 0x0000000000000001, Not Active, Not Active
2026/09/17 20:35:33.727, 45, 3.57 W, 0 %, 103 MiB, 0x0000000000000001, Not Active, Not Active
2026/09/17 20:35:35.797, 45, 3.52 W, 0 %, 103 MiB, 0x0000000000000001, Not Active, Not Active
2026/09/17 20:35:37.865, 45, 3.67 W, 0 %, 103 MiB, 0x0000000000000001, Not Active, Not Active
2026/09/17 20:35:39.934, 45, 3.52 W, 0 %, 103 MiB, 0x0000000000000001, Not Active, Not Active
2026/09/17 20:35:42.003, 45, 3.67 W, 0 %, 103 MiB, 0x0000000000000001, Not Active, Not Active
2026/09/17 20:35:44.071, 45, 3.71 W, 0 %, 103 MiB, 0x0000000000000001, Not Active, Not Active
2026/09/17 20:35:46.141, 44, 3.57 W, 0 %, 103 MiB, 0x0000000000000001, Not Active, Not Active
2026/09/17 20:35:48.212, 45, 3.70 W, 0 %, 103 MiB, 0x0000000000000001, Not Active, Not Active
2026/09/17 20:35:50.281, 45, 3.65 W, 0 %, 103 MiB, 0x0000000000000001, Not Active, Not Active
2026/09/17 20:35:52.348, 45, 3.72 W, 0 %, 103 MiB, 0x0000000000000001, Not Active, Not Active
2026/09/17 20:35:54.415, 45, 3.63 W, 0 %, 103 MiB, 0x0000000000000001, Not Active, Not Active
2026/09/17 20:35:56.487, 44, 3.72 W, 0 %, 103 MiB, 0x0000000000000001, Not Active, Not Active
2026/09/17 20:35:58.554, 44, 3.64 W, 0 %, 103 MiB, 0x0000000000000001, Not Active, Not Active
2026/09/17 20:36:00.622, 45, 3.60 W, 0 %, 103 MiB, 0x0000000000000001, Not Active, Not Active
2026/09/17 20:36:02.704, 44, 3.85 W, 0 %, 103 MiB, 0x0000000000000001, Not Active, Not Active
2026/09/17 20:36:04.774, 44, 3.52 W, 0 %, 103 MiB, 0x0000000000000001, Not Active, Not Active
2026/09/17 20:36:06.846, 44, 3.52 W, 0 %, 103 MiB, 0x0000000000000001, Not Active, Not Active
2026/09/17 20:36:08.919, 44, 3.80 W, 0 %, 103 MiB, 0x0000000000000001, Not Active, Not Active
2026/09/17 20:36:10.990, 44, 3.49 W, 0 %, 103 MiB, 0x0000000000000001, Not Active, Not Active
2026/09/17 20:36:13.059, 44, 3.57 W, 0 %, 103 MiB, 0x0000000000000001, Not Active, Not Active
2026/09/17 20:36:15.127, 44, 3.56 W, 0 %, 103 MiB, 0x0000000000000001, Not Active, Not Active
2026/09/17 20:36:17.199, 44, 3.61 W, 0 %, 103 MiB, 0x0000000000000001, Not Active, Not Active
2026/09/17 20:36:19.267, 44, 3.73 W, 0 %, 103 MiB, 0x0000000000000001, Not Active, Not Active
2026/09/17 20:36:21.336, 44, 3.64 W, 0 %, 103 MiB, 0x0000000000000001, Not Active, Not Active
2026/09/17 20:36:23.403, 44, 3.43 W, 0 %, 103 MiB, 0x0000000000000001, Not Active, Not Active
2026/09/17 20:36:25.473, 44, 3.43 W, 0 %, 103 MiB, 0x0000000000000001, Not Active, Not Active
2026/09/17 20:36:27.542, 44, 3.45 W, 0 %, 103 MiB, 0x0000000000000001, Not Active, Not Active
2026/09/17 20:36:29.611, 44, 3.45 W, 0 %, 103 MiB, 0x0000000000000001, Not Active, Not Active
2026/09/17 20:36:31.685, 44, 3.49 W, 0 %, 103 MiB, 0x0000000000000001, Not Active, Not Active
2026/09/17 20:36:33.753, 44, 3.79 W, 0 %, 103 MiB, 0x0000000000000001, Not Active, Not Active
2026/09/17 20:36:35.821, 44, 3.55 W, 0 %, 103 MiB, 0x0000000000000001, Not Active, Not Active
2026/09/17 20:36:37.889, 44, 3.52 W, 0 %, 103 MiB, 0x0000000000000001, Not Active, Not Active
2026/09/17 20:36:39.957, 44, 3.57 W, 0 %, 103 MiB, 0x0000000000000001, Not Active, Not Active
2026/09/17 20:36:42.025, 44, 3.46 W, 0 %, 103 MiB, 0x0000000000000001, Not Active, Not Active
2026/09/17 20:36:44.093, 44, 3.54 W, 0 %, 103 MiB, 0x0000000000000001, Not Active, Not Active
2026/09/17 20:36:46.165, 44, 3.55 W, 0 %, 103 MiB, 0x0000000000000001, Not Active, Not Active
2026/09/17 20:36:48.233, 44, 3.61 W, 0 %, 103 MiB, 0x0000000000000001, Not Active, Not Active
2026/09/17 20:36:50.301, 44, 3.62 W, 0 %, 103 MiB, 0x0000000000000001, Not Active, Not Active
2026/09/17 20:36:52.370, 44, 3.59 W, 0 %, 103 MiB, 0x0000000000000001, Not Active, Not Active
2026/09/17 20:36:54.438, 44, 3.53 W, 0 %, 103 MiB, 0x0000000000000001, Not Active, Not Active
2026/09/17 20:36:56.506, 44, 3.53 W, 0 %, 103 MiB, 0x0000000000000001, Not Active, Not Active
2026/09/17 20:36:58.574, 44, 3.61 W, 0 %, 103 MiB, 0x0000000000000001, Not Active, Not Active
2026/09/17 20:37:00.641, 44, 3.55 W, 0 %, 103 MiB, 0x0000000000000001, Not Active, Not Active
2026/09/17 20:37:02.721, 44, 3.69 W, 0 %, 103 MiB, 0x0000000000000001, Not Active, Not Active
2026/09/17 20:37:04.802, 44, 3.57 W, 0 %, 103 MiB, 0x0000000000000001, Not Active, Not Active
2026/09/17 20:37:06.886, 44, 3.48 W, 0 %, 103 MiB, 0x0000000000000001, Not Active, Not Active
2026/09/17 20:37:08.955, 44, 3.51 W, 0 %, 103 MiB, 0x0000000000000001, Not Active, Not Active
2026/09/17 20:37:11.023, 44, 3.49 W, 0 %, 103 MiB, 0x0000000000000001, Not Active, Not Active
2026/09/17 20:37:13.092, 44, 3.51 W, 0 %, 103 MiB, 0x0000000000000001, Not Active, Not Active
2026/09/17 20:37:15.161, 44, 3.53 W, 0 %, 103 MiB, 0x0000000000000001, Not Active, Not Active
2026/09/17 20:37:17.232, 44, 3.74 W, 0 %, 103 MiB, 0x0000000000000001, Not Active, Not Active
2026/09/17 20:37:19.300, 43, 3.46 W, 0 %, 103 MiB, 0x0000000000000001, Not Active, Not Active
2026/09/17 20:37:21.370, 43, 3.58 W, 0 %, 103 MiB, 0x0000000000000001, Not Active, Not Active
2026/09/17 20:37:23.440, 43, 3.54 W, 0 %, 103 MiB, 0x0000000000000001, Not Active, Not Active
2026/09/17 20:37:25.509, 43, 3.60 W, 0 %, 103 MiB, 0x0000000000000001, Not Active, Not Active
2026/09/17 20:37:27.578, 43, 3.64 W, 0 %, 103 MiB, 0x0000000000000001, Not Active, Not Active
2026/09/17 20:37:29.646, 43, 3.60 W, 0 %, 103 MiB, 0x0000000000000001, Not Active, Not Active
2026/09/17 20:37:31.721, 43, 3.88 W, 0 %, 103 MiB, 0x0000000000000001, Not Active, Not Active
2026/09/17 20:37:33.789, 43, 3.78 W, 0 %, 103 MiB, 0x0000000000000001, Not Active, Not Active
2026/09/17 20:37:35.857, 43, 3.71 W, 0 %, 103 MiB, 0x0000000000000001, Not Active, Not Active
2026/09/17 20:37:37.926, 43, 3.49 W, 0 %, 103 MiB, 0x0000000000000001, Not Active, Not Active
2026/09/17 20:37:39.995, 43, 3.47 W, 0 %, 103 MiB, 0x0000000000000001, Not Active, Not Active
2026/09/17 20:37:42.065, 43, 3.71 W, 0 %, 103 MiB, 0x0000000000000001, Not Active, Not Active
2026/09/17 20:37:44.136, 43, 3.40 W, 0 %, 103 MiB, 0x0000000000000001, Not Active, Not Active
2026/09/17 20:37:46.206, 43, 3.44 W, 0 %, 103 MiB, 0x0000000000000001, Not Active, Not Active
2026/09/17 20:37:48.274, 43, 3.73 W, 0 %, 103 MiB, 0x0000000000000001, Not Active, Not Active
2026/09/17 20:37:50.342, 43, 3.54 W, 0 %, 103 MiB, 0x0000000000000001, Not Active, Not Active
2026/09/17 20:37:52.410, 43, 3.48 W, 0 %, 103 MiB, 0x0000000000000001, Not Active, Not Active
2026/09/17 20:37:54.477, 43, 3.49 W, 0 %, 103 MiB, 0x0000000000000001, Not Active, Not Active
2026/09/17 20:37:56.545, 43, 3.57 W, 0 %, 103 MiB, 0x0000000000000001, Not Active, Not Active
2026/09/17 20:37:58.615, 43, 3.54 W, 0 %, 103 MiB, 0x0000000000000001, Not Active, Not Active
2026/09/17 20:38:00.683, 43, 3.54 W, 0 %, 103 MiB, 0x0000000000000001, Not Active, Not Active
2026/09/17 20:38:02.766, 43, 3.76 W, 0 %, 103 MiB, 0x0000000000000001, Not Active, Not Active
2026/09/17 20:38:04.850, 43, 3.57 W, 0 %, 103 MiB, 0x0000000000000001, Not Active, Not Active
2026/09/17 20:38:06.918, 43, 3.50 W, 0 %, 103 MiB, 0x0000000000000001, Not Active, Not Active
2026/09/17 20:38:08.987, 43, 3.48 W, 0 %, 103 MiB, 0x0000000000000001, Not Active, Not Active
2026/09/17 20:38:11.054, 43, 3.65 W, 0 %, 103 MiB, 0x0000000000000001, Not Active, Not Active
2026/09/17 20:38:13.123, 43, 3.52 W, 0 %, 103 MiB, 0x0000000000000001, Not Active, Not Active
2026/09/17 20:38:15.191, 43, 3.47 W, 0 %, 103 MiB, 0x0000000000000001, Not Active, Not Active
2026/09/17 20:38:17.263, 43, 3.62 W, 0 %, 103 MiB, 0x0000000000000001, Not Active, Not Active
2026/09/17 20:38:19.330, 43, 3.57 W, 0 %, 103 MiB, 0x0000000000000001, Not Active, Not Active
2026/09/17 20:38:21.399, 43, 3.48 W, 0 %, 103 MiB, 0x0000000000000001, Not Active, Not Active
2026/09/17 20:38:23.467, 43, 3.40 W, 0 %, 103 MiB, 0x0000000000000001, Not Active, Not Active
2026/09/17 20:38:25.535, 43, 3.50 W, 0 %, 103 MiB, 0x0000000000000001, Not Active, Not Active
2026/09/17 20:38:27.603, 43, 3.49 W, 0 %, 103 MiB, 0x0000000000000001, Not Active, Not Active
2026/09/17 20:38:29.670, 43, 3.53 W, 0 %, 103 MiB, 0x0000000000000001, Not Active, Not Active
2026/09/17 20:38:31.744, 43, 3.57 W, 0 %, 103 MiB, 0x0000000000000001, Not Active, Not Active
2026/09/17 20:38:33.812, 43, 3.62 W, 0 %, 103 MiB, 0x0000000000000001, Not Active, Not Active
2026/09/17 20:38:35.879, 43, 3.62 W, 0 %, 103 MiB, 0x0000000000000001, Not Active, Not Active
2026/09/17 20:38:37.948, 43, 3.55 W, 0 %, 103 MiB, 0x0000000000000001, Not Active, Not Active
2026/09/17 20:38:40.016, 43, 3.49 W, 0 %, 103 MiB, 0x0000000000000001, Not Active, Not Active
2026/09/17 20:38:42.085, 43, 3.48 W, 0 %, 103 MiB, 0x0000000000000001, Not Active, Not Active
2026/09/17 20:38:44.154, 43, 3.65 W, 0 %, 103 MiB, 0x0000000000000001, Not Active, Not Active
2026/09/17 20:38:46.225, 43, 3.62 W, 0 %, 103 MiB, 0x0000000000000001, Not Active, Not Active
2026/09/17 20:38:48.292, 43, 3.48 W, 0 %, 103 MiB, 0x0000000000000001, Not Active, Not Active
2026/09/17 20:38:50.360, 43, 3.59 W, 0 %, 103 MiB, 0x0000000000000001, Not Active, Not Active
2026/09/17 20:38:52.428, 43, 3.50 W, 0 %, 103 MiB, 0x0000000000000001, Not Active, Not Active
2026/09/17 20:38:54.496, 42, 3.51 W, 0 %, 103 MiB, 0x0000000000000001, Not Active, Not Active
2026/09/17 20:38:56.564, 42, 3.60 W, 0 %, 103 MiB, 0x0000000000000001, Not Active, Not Active
2026/09/17 20:38:58.633, 42, 3.40 W, 0 %, 103 MiB, 0x0000000000000001, Not Active, Not Active
2026/09/17 20:39:00.703, 42, 3.50 W, 0 %, 103 MiB, 0x0000000000000001, Not Active, Not Active
2026/09/17 20:39:02.787, 43, 3.71 W, 0 %, 103 MiB, 0x0000000000000001, Not Active, Not Active
2026/09/17 20:39:04.858, 42, 3.58 W, 0 %, 103 MiB, 0x0000000000000001, Not Active, Not Active
2026/09/17 20:39:06.931, 43, 3.63 W, 0 %, 103 MiB, 0x0000000000000001, Not Active, Not Active
2026/09/17 20:39:09.002, 42, 3.56 W, 0 %, 103 MiB, 0x0000000000000001, Not Active, Not Active
2026/09/17 20:39:11.071, 42, 3.64 W, 0 %, 103 MiB, 0x0000000000000001, Not Active, Not Active
2026/09/17 20:39:13.138, 42, 3.67 W, 0 %, 103 MiB, 0x0000000000000001, Not Active, Not Active
2026/09/17 20:39:15.207, 42, 3.49 W, 0 %, 103 MiB, 0x0000000000000001, Not Active, Not Active
2026/09/17 20:39:17.282, 42, 3.74 W, 0 %, 103 MiB, 0x0000000000000001, Not Active, Not Active
2026/09/17 20:39:19.350, 42, 3.78 W, 0 %, 103 MiB, 0x0000000000000001, Not Active, Not Active
2026/09/17 20:39:21.418, 42, 3.45 W, 0 %, 103 MiB, 0x0000000000000001, Not Active, Not Active
2026/09/17 20:39:23.488, 42, 3.46 W, 0 %, 103 MiB, 0x0000000000000001, Not Active, Not Active
2026/09/17 20:39:25.556, 42, 3.47 W, 0 %, 103 MiB, 0x0000000000000001, Not Active, Not Active
2026/09/17 20:39:27.625, 42, 3.60 W, 0 %, 103 MiB, 0x0000000000000001, Not Active, Not Active
2026/09/17 20:39:29.692, 42, 3.49 W, 0 %, 103 MiB, 0x0000000000000001, Not Active, Not Active
2026/09/17 20:39:31.768, 42, 3.59 W, 0 %, 103 MiB, 0x0000000000000001, Not Active, Not Active
2026/09/17 20:39:33.835, 42, 3.77 W, 0 %, 103 MiB, 0x0000000000000001, Not Active, Not Active
2026/09/17 20:39:35.904, 42, 3.47 W, 0 %, 103 MiB, 0x0000000000000001, Not Active, Not Active
2026/09/17 20:39:37.971, 42, 3.47 W, 0 %, 103 MiB, 0x0000000000000001, Not Active, Not Active
2026/09/17 20:39:40.040, 42, 3.50 W, 0 %, 103 MiB, 0x0000000000000001, Not Active, Not Active
2026/09/17 20:39:42.107, 42, 3.46 W, 0 %, 103 MiB, 0x0000000000000001, Not Active, Not Active
2026/09/17 20:39:44.175, 42, 3.44 W, 0 %, 103 MiB, 0x0000000000000001, Not Active, Not Active
2026/09/17 20:39:46.248, 42, 3.58 W, 0 %, 103 MiB, 0x0000000000000001, Not Active, Not Active
2026/09/17 20:39:48.316, 42, 3.67 W, 0 %, 103 MiB, 0x0000000000000001, Not Active, Not Active
2026/09/17 20:39:50.383, 42, 3.67 W, 0 %, 103 MiB, 0x0000000000000001, Not Active, Not Active
2026/09/17 20:39:52.451, 42, 3.43 W, 0 %, 103 MiB, 0x0000000000000001, Not Active, Not Active
2026/09/17 20:39:54.519, 42, 3.45 W, 0 %, 103 MiB, 0x0000000000000001, Not Active, Not Active
2026/09/17 20:39:56.587, 42, 3.50 W, 0 %, 103 MiB, 0x0000000000000001, Not Active, Not Active
2026/09/17 20:39:58.655, 42, 3.52 W, 0 %, 103 MiB, 0x0000000000000001, Not Active, Not Active
2026/09/17 20:40:00.724, 42, 3.44 W, 0 %, 103 MiB, 0x0000000000000001, Not Active, Not Active
2026/09/17 20:40:02.808, 42, 3.44 W, 0 %, 103 MiB, 0x0000000000000001, Not Active, Not Active
2026/09/17 20:40:04.891, 42, 3.88 W, 0 %, 103 MiB, 0x0000000000000001, Not Active, Not Active
2026/09/17 20:40:06.976, 42, 3.51 W, 0 %, 103 MiB, 0x0000000000000001, Not Active, Not Active
2026/09/17 20:40:09.045, 42, 3.49 W, 0 %, 103 MiB, 0x0000000000000001, Not Active, Not Active
2026/09/17 20:40:11.112, 42, 3.54 W, 0 %, 103 MiB, 0x0000000000000001, Not Active, Not Active
2026/09/17 20:40:13.181, 42, 3.49 W, 0 %, 103 MiB, 0x0000000000000001, Not Active, Not Active
2026/09/17 20:40:15.248, 42, 3.59 W, 0 %, 103 MiB, 0x0000000000000001, Not Active, Not Active
2026/09/17 20:40:17.320, 42, 3.58 W, 0 %, 103 MiB, 0x0000000000000001, Not Active, Not Active
2026/09/17 20:40:19.389, 42, 3.70 W, 0 %, 103 MiB, 0x0000000000000001, Not Active, Not Active
2026/09/17 20:40:21.457, 42, 3.59 W, 0 %, 103 MiB, 0x0000000000000001, Not Active, Not Active
2026/09/17 20:40:23.525, 42, 3.45 W, 0 %, 103 MiB, 0x0000000000000001, Not Active, Not Active
2026/09/17 20:40:25.594, 42, 3.53 W, 0 %, 103 MiB, 0x0000000000000001, Not Active, Not Active
2026/09/17 20:40:27.661, 42, 3.48 W, 0 %, 103 MiB, 0x0000000000000001, Not Active, Not Active
2026/09/17 20:40:29.729, 42, 3.48 W, 0 %, 103 MiB, 0x0000000000000001, Not Active, Not Active
2026/09/17 20:40:31.802, 42, 3.66 W, 0 %, 103 MiB, 0x0000000000000001, Not Active, Not Active
2026/09/17 20:40:33.870, 42, 3.57 W, 0 %, 103 MiB, 0x0000000000000001, Not Active, Not Active
2026/09/17 20:40:35.939, 42, 3.45 W, 0 %, 103 MiB, 0x0000000000000001, Not Active, Not Active
2026/09/17 20:40:38.008, 42, 3.41 W, 0 %, 103 MiB, 0x0000000000000001, Not Active, Not Active
2026/09/17 20:40:40.076, 42, 3.38 W, 0 %, 103 MiB, 0x0000000000000001, Not Active, Not Active
2026/09/17 20:40:42.144, 42, 3.47 W, 0 %, 103 MiB, 0x0000000000000001, Not Active, Not Active
2026/09/17 20:40:44.214, 42, 3.59 W, 0 %, 103 MiB, 0x0000000000000001, Not Active, Not Active
2026/09/17 20:40:46.284, 42, 3.65 W, 0 %, 103 MiB, 0x0000000000000001, Not Active, Not Active
2026/09/17 20:40:48.351, 42, 3.58 W, 0 %, 103 MiB, 0x0000000000000001, Not Active, Not Active
2026/09/17 20:40:50.422, 42, 3.60 W, 0 %, 103 MiB, 0x0000000000000001, Not Active, Not Active
2026/09/17 20:40:52.489, 42, 3.71 W, 0 %, 103 MiB, 0x0000000000000001, Not Active, Not Active
2026/09/17 20:40:54.557, 42, 3.55 W, 0 %, 103 MiB, 0x0000000000000001, Not Active, Not Active
2026/09/17 20:40:56.626, 41, 3.51 W, 0 %, 103 MiB, 0x0000000000000001, Not Active, Not Active
2026/09/17 20:40:58.695, 42, 3.50 W, 0 %, 103 MiB, 0x0000000000000001, Not Active, Not Active
2026/09/17 20:41:00.762, 42, 3.48 W, 0 %, 103 MiB, 0x0000000000000001, Not Active, Not Active
2026/09/17 20:41:02.840, 42, 3.76 W, 0 %, 103 MiB, 0x0000000000000001, Not Active, Not Active
2026/09/17 20:41:04.909, 42, 3.52 W, 0 %, 103 MiB, 0x0000000000000001, Not Active, Not Active
2026/09/17 20:41:06.980, 42, 3.38 W, 0 %, 103 MiB, 0x0000000000000001, Not Active, Not Active
2026/09/17 20:41:09.053, 41, 3.44 W, 0 %, 103 MiB, 0x0000000000000001, Not Active, Not Active
2026/09/17 20:41:11.125, 41, 3.37 W, 0 %, 103 MiB, 0x0000000000000001, Not Active, Not Active
2026/09/17 20:41:13.192, 42, 3.49 W, 0 %, 103 MiB, 0x0000000000000001, Not Active, Not Active
2026/09/17 20:41:15.263, 41, 3.48 W, 0 %, 103 MiB, 0x0000000000000001, Not Active, Not Active
2026/09/17 20:41:17.336, 41, 3.69 W, 0 %, 103 MiB, 0x0000000000000001, Not Active, Not Active
2026/09/17 20:41:19.404, 41, 3.58 W, 0 %, 103 MiB, 0x0000000000000001, Not Active, Not Active
2026/09/17 20:41:21.473, 41, 3.47 W, 0 %, 103 MiB, 0x0000000000000001, Not Active, Not Active
2026/09/17 20:41:23.541, 41, 3.50 W, 0 %, 103 MiB, 0x0000000000000001, Not Active, Not Active
2026/09/17 20:41:25.609, 41, 3.40 W, 0 %, 103 MiB, 0x0000000000000001, Not Active, Not Active
2026/09/17 20:41:27.680, 41, 3.56 W, 0 %, 103 MiB, 0x0000000000000001, Not Active, Not Active
2026/09/17 20:41:29.746, 41, 3.46 W, 0 %, 103 MiB, 0x0000000000000001, Not Active, Not Active
2026/09/17 20:41:31.821, 41, 3.38 W, 0 %, 103 MiB, 0x0000000000000001, Not Active, Not Active
2026/09/17 20:41:33.889, 41, 3.74 W, 0 %, 103 MiB, 0x0000000000000001, Not Active, Not Active
2026/09/17 20:41:35.957, 41, 3.43 W, 0 %, 103 MiB, 0x0000000000000001, Not Active, Not Active
2026/09/17 20:41:38.024, 41, 3.43 W, 0 %, 103 MiB, 0x0000000000000001, Not Active, Not Active
2026/09/17 20:41:40.093, 41, 3.49 W, 0 %, 103 MiB, 0x0000000000000001, Not Active, Not Active
2026/09/17 20:41:42.161, 41, 3.49 W, 0 %, 103 MiB, 0x0000000000000001, Not Active, Not Active
2026/09/17 20:41:44.228, 41, 3.49 W, 0 %, 103 MiB, 0x0000000000000001, Not Active, Not Active
2026/09/17 20:41:46.296, 41, 3.52 W, 0 %, 103 MiB, 0x0000000000000001, Not Active, Not Active
2026/09/17 20:41:48.364, 41, 3.47 W, 0 %, 103 MiB, 0x0000000000000001, Not Active, Not Active
2026/09/17 20:41:50.431, 41, 3.70 W, 0 %, 103 MiB, 0x0000000000000001, Not Active, Not Active
2026/09/17 20:41:52.500, 41, 3.47 W, 0 %, 103 MiB, 0x0000000000000001, Not Active, Not Active
2026/09/17 20:41:54.567, 41, 3.54 W, 0 %, 103 MiB, 0x0000000000000001, Not Active, Not Active
2026/09/17 20:41:56.636, 41, 3.46 W, 0 %, 103 MiB, 0x0000000000000001, Not Active, Not Active
2026/09/17 20:41:58.705, 41, 3.47 W, 0 %, 103 MiB, 0x0000000000000001, Not Active, Not Active
2026/09/17 20:42:00.773, 41, 3.45 W, 0 %, 103 MiB, 0x0000000000000001, Not Active, Not Active
2026/09/17 20:42:02.850, 41, 3.59 W, 0 %, 103 MiB, 0x0000000000000001, Not Active, Not Active
2026/09/17 20:42:04.928, 41, 3.57 W, 0 %, 103 MiB, 0x0000000000000001, Not Active, Not Active
2026/09/17 20:42:07.010, 41, 3.54 W, 0 %, 103 MiB, 0x0000000000000001, Not Active, Not Active
2026/09/17 20:42:09.092, 41, 3.50 W, 0 %, 103 MiB, 0x0000000000000001, Not Active, Not Active
2026/09/17 20:42:11.161, 41, 3.43 W, 0 %, 103 MiB, 0x0000000000000001, Not Active, Not Active
2026/09/17 20:42:13.230, 41, 3.55 W, 0 %, 103 MiB, 0x0000000000000001, Not Active, Not Active
2026/09/17 20:42:15.298, 41, 3.47 W, 0 %, 103 MiB, 0x0000000000000001, Not Active, Not Active
2026/09/17 20:42:17.372, 41, 3.66 W, 0 %, 103 MiB, 0x0000000000000001, Not Active, Not Active
2026/09/17 20:42:19.440, 41, 3.62 W, 0 %, 103 MiB, 0x0000000000000001, Not Active, Not Active
2026/09/17 20:42:21.509, 41, 3.56 W, 0 %, 103 MiB, 0x0000000000000001, Not Active, Not Active
2026/09/17 20:42:23.580, 41, 3.53 W, 0 %, 103 MiB, 0x0000000000000001, Not Active, Not Active
2026/09/17 20:42:25.648, 41, 3.49 W, 0 %, 103 MiB, 0x0000000000000001, Not Active, Not Active
2026/09/17 20:42:27.716, 41, 3.50 W, 0 %, 103 MiB, 0x0000000000000001, Not Active, Not Active
2026/09/17 20:42:29.784, 41, 3.60 W, 0 %, 103 MiB, 0x0000000000000001, Not Active, Not Active
2026/09/17 20:42:31.858, 41, 3.52 W, 0 %, 103 MiB, 0x0000000000000001, Not Active, Not Active
2026/09/17 20:42:33.926, 41, 3.58 W, 0 %, 103 MiB, 0x0000000000000001, Not Active, Not Active
2026/09/17 20:42:35.994, 41, 3.68 W, 0 %, 103 MiB, 0x0000000000000001, Not Active, Not Active
2026/09/17 20:42:38.063, 41, 3.43 W, 0 %, 103 MiB, 0x0000000000000001, Not Active, Not Active
2026/09/17 20:42:40.131, 41, 3.46 W, 0 %, 103 MiB, 0x0000000000000001, Not Active, Not Active
2026/09/17 20:42:42.199, 41, 3.50 W, 0 %, 103 MiB, 0x0000000000000001, Not Active, Not Active
2026/09/17 20:42:44.267, 41, 3.41 W, 0 %, 103 MiB, 0x0000000000000001, Not Active, Not Active
2026/09/17 20:42:46.337, 41, 3.43 W, 0 %, 103 MiB, 0x0000000000000001, Not Active, Not Active
2026/09/17 20:42:48.405, 41, 3.55 W, 0 %, 103 MiB, 0x0000000000000001, Not Active, Not Active
2026/09/17 20:42:50.473, 41, 3.37 W, 0 %, 103 MiB, 0x0000000000000001, Not Active, Not Active
2026/09/17 20:42:52.541, 41, 3.40 W, 0 %, 103 MiB, 0x0000000000000001, Not Active, Not Active
2026/09/17 20:42:54.610, 41, 3.53 W, 0 %, 103 MiB, 0x0000000000000001, Not Active, Not Active
2026/09/17 20:42:56.678, 41, 3.49 W, 0 %, 103 MiB, 0x0000000000000001, Not Active, Not Active
2026/09/17 20:42:58.746, 41, 3.40 W, 0 %, 103 MiB, 0x0000000000000001, Not Active, Not Active
2026/09/17 20:43:00.814, 41, 3.52 W, 0 %, 103 MiB, 0x0000000000000001, Not Active, Not Active
2026/09/17 20:43:02.892, 41, 3.68 W, 0 %, 103 MiB, 0x0000000000000001, Not Active, Not Active
2026/09/17 20:43:04.971, 41, 3.65 W, 0 %, 103 MiB, 0x0000000000000001, Not Active, Not Active
2026/09/17 20:43:07.040, 41, 3.45 W, 0 %, 103 MiB, 0x0000000000000001, Not Active, Not Active
2026/09/17 20:43:09.108, 41, 3.35 W, 0 %, 103 MiB, 0x0000000000000001, Not Active, Not Active
2026/09/17 20:43:11.176, 41, 3.40 W, 0 %, 103 MiB, 0x0000000000000001, Not Active, Not Active
2026/09/17 20:43:13.244, 41, 3.48 W, 0 %, 103 MiB, 0x0000000000000001, Not Active, Not Active
2026/09/17 20:43:15.313, 41, 3.28 W, 0 %, 103 MiB, 0x0000000000000001, Not Active, Not Active
2026/09/17 20:43:17.385, 41, 3.40 W, 0 %, 103 MiB, 0x0000000000000001, Not Active, Not Active
2026/09/17 20:43:19.453, 41, 3.77 W, 0 %, 103 MiB, 0x0000000000000001, Not Active, Not Active
2026/09/17 20:43:21.522, 41, 3.51 W, 0 %, 103 MiB, 0x0000000000000001, Not Active, Not Active
2026/09/17 20:43:23.590, 41, 3.44 W, 0 %, 103 MiB, 0x0000000000000001, Not Active, Not Active
2026/09/17 20:43:25.659, 41, 3.40 W, 0 %, 103 MiB, 0x0000000000000001, Not Active, Not Active
2026/09/17 20:43:27.726, 41, 3.38 W, 0 %, 103 MiB, 0x0000000000000001, Not Active, Not Active
2026/09/17 20:43:29.794, 41, 3.46 W, 0 %, 103 MiB, 0x0000000000000001, Not Active, Not Active
2026/09/17 20:43:31.867, 41, 3.45 W, 0 %, 103 MiB, 0x0000000000000001, Not Active, Not Active
2026/09/17 20:43:33.935, 41, 3.57 W, 0 %, 103 MiB, 0x0000000000000001, Not Active, Not Active
2026/09/17 20:43:36.005, 41, 3.54 W, 0 %, 103 MiB, 0x0000000000000001, Not Active, Not Active
2026/09/17 20:43:38.073, 41, 3.48 W, 0 %, 103 MiB, 0x0000000000000001, Not Active, Not Active
2026/09/17 20:43:40.141, 41, 3.46 W, 0 %, 103 MiB, 0x0000000000000001, Not Active, Not Active
2026/09/17 20:43:42.208, 41, 3.46 W, 0 %, 103 MiB, 0x0000000000000001, Not Active, Not Active
2026/09/17 20:43:44.278, 41, 3.59 W, 0 %, 103 MiB, 0x0000000000000001, Not Active, Not Active
2026/09/17 20:43:46.346, 41, 3.45 W, 0 %, 103 MiB, 0x0000000000000001, Not Active, Not Active
2026/09/17 20:43:48.418, 41, 3.45 W, 0 %, 103 MiB, 0x0000000000000001, Not Active, Not Active
2026/09/17 20:43:50.488, 41, 3.49 W, 0 %, 103 MiB, 0x0000000000000001, Not Active, Not Active
2026/09/17 20:43:52.558, 41, 3.59 W, 0 %, 103 MiB, 0x0000000000000001, Not Active, Not Active
2026/09/17 20:43:54.626, 41, 3.53 W, 0 %, 103 MiB, 0x0000000000000001, Not Active, Not Active
2026/09/17 20:43:56.696, 41, 3.48 W, 0 %, 103 MiB, 0x0000000000000001, Not Active, Not Active
2026/09/17 20:43:58.765, 41, 3.51 W, 0 %, 103 MiB, 0x0000000000000001, Not Active, Not Active
2026/09/17 20:44:00.832, 41, 3.41 W, 0 %, 103 MiB, 0x0000000000000001, Not Active, Not Active
2026/09/17 20:44:02.915, 41, 3.71 W, 0 %, 103 MiB, 0x0000000000000001, Not Active, Not Active
2026/09/17 20:44:04.986, 41, 3.39 W, 0 %, 103 MiB, 0x0000000000000001, Not Active, Not Active
2026/09/17 20:44:07.058, 41, 3.40 W, 0 %, 103 MiB, 0x0000000000000001, Not Active, Not Active
2026/09/17 20:44:09.131, 41, 3.62 W, 0 %, 103 MiB, 0x0000000000000001, Not Active, Not Active
2026/09/17 20:44:11.201, 41, 3.41 W, 0 %, 103 MiB, 0x0000000000000001, Not Active, Not Active
2026/09/17 20:44:13.270, 41, 3.42 W, 0 %, 103 MiB, 0x0000000000000001, Not Active, Not Active
2026/09/17 20:44:15.336, 41, 3.40 W, 0 %, 103 MiB, 0x0000000000000001, Not Active, Not Active
2026/09/17 20:44:17.409, 41, 3.51 W, 0 %, 103 MiB, 0x0000000000000001, Not Active, Not Active
2026/09/17 20:44:19.478, 41, 3.41 W, 0 %, 103 MiB, 0x0000000000000001, Not Active, Not Active
2026/09/17 20:44:21.546, 41, 3.42 W, 0 %, 103 MiB, 0x0000000000000001, Not Active, Not Active
2026/09/17 20:44:23.614, 41, 3.41 W, 0 %, 103 MiB, 0x0000000000000001, Not Active, Not Active
2026/09/17 20:44:25.685, 40, 3.44 W, 0 %, 103 MiB, 0x0000000000000001, Not Active, Not Active
2026/09/17 20:44:27.752, 41, 3.48 W, 0 %, 103 MiB, 0x0000000000000001, Not Active, Not Active
2026/09/17 20:44:29.822, 40, 3.33 W, 0 %, 103 MiB, 0x0000000000000001, Not Active, Not Active
2026/09/17 20:44:31.893, 41, 3.36 W, 0 %, 103 MiB, 0x0000000000000001, Not Active, Not Active
2026/09/17 20:44:33.962, 40, 3.66 W, 0 %, 103 MiB, 0x0000000000000001, Not Active, Not Active
2026/09/17 20:44:36.031, 41, 3.44 W, 0 %, 103 MiB, 0x0000000000000001, Not Active, Not Active
2026/09/17 20:44:38.098, 40, 3.32 W, 0 %, 103 MiB, 0x0000000000000001, Not Active, Not Active
2026/09/17 20:44:40.166, 40, 3.54 W, 0 %, 103 MiB, 0x0000000000000001, Not Active, Not Active
2026/09/17 20:44:42.235, 40, 3.42 W, 0 %, 103 MiB, 0x0000000000000001, Not Active, Not Active
2026/09/17 20:44:44.302, 40, 3.47 W, 0 %, 103 MiB, 0x0000000000000001, Not Active, Not Active
2026/09/17 20:44:46.370, 41, 3.45 W, 0 %, 103 MiB, 0x0000000000000001, Not Active, Not Active
2026/09/17 20:44:48.442, 40, 3.53 W, 0 %, 103 MiB, 0x0000000000000001, Not Active, Not Active
2026/09/17 20:44:50.511, 40, 3.62 W, 0 %, 103 MiB, 0x0000000000000001, Not Active, Not Active
2026/09/17 20:44:52.580, 40, 3.42 W, 0 %, 103 MiB, 0x0000000000000001, Not Active, Not Active
2026/09/17 20:44:54.650, 40, 3.41 W, 0 %, 103 MiB, 0x0000000000000001, Not Active, Not Active
2026/09/17 20:44:56.718, 40, 3.38 W, 0 %, 103 MiB, 0x0000000000000001, Not Active, Not Active
2026/09/17 20:44:58.786, 40, 3.45 W, 0 %, 103 MiB, 0x0000000000000001, Not Active, Not Active
2026/09/17 20:45:00.853, 40, 3.38 W, 0 %, 103 MiB, 0x0000000000000001, Not Active, Not Active
2026/09/17 20:45:02.939, 40, 3.44 W, 0 %, 103 MiB, 0x0000000000000001, Not Active, Not Active
2026/09/17 20:45:05.024, 40, 3.88 W, 0 %, 103 MiB, 0x0000000000000001, Not Active, Not Active
2026/09/17 20:45:07.110, 40, 3.42 W, 0 %, 103 MiB, 0x0000000000000001, Not Active, Not Active
2026/09/17 20:45:09.179, 40, 3.47 W, 0 %, 103 MiB, 0x0000000000000001, Not Active, Not Active
2026/09/17 20:45:11.246, 40, 3.47 W, 0 %, 103 MiB, 0x0000000000000001, Not Active, Not Active
2026/09/17 20:45:13.314, 40, 3.40 W, 0 %, 103 MiB, 0x0000000000000001, Not Active, Not Active
2026/09/17 20:45:15.383, 40, 3.41 W, 0 %, 103 MiB, 0x0000000000000001, Not Active, Not Active
2026/09/17 20:45:17.454, 40, 3.51 W, 0 %, 103 MiB, 0x0000000000000001, Not Active, Not Active
2026/09/17 20:45:19.522, 40, 3.66 W, 0 %, 103 MiB, 0x0000000000000001, Not Active, Not Active
2026/09/17 20:45:21.591, 40, 3.56 W, 0 %, 103 MiB, 0x0000000000000001, Not Active, Not Active
2026/09/17 20:45:23.659, 40, 3.46 W, 0 %, 103 MiB, 0x0000000000000001, Not Active, Not Active
2026/09/17 20:45:25.727, 40, 3.46 W, 0 %, 103 MiB, 0x0000000000000001, Not Active, Not Active
2026/09/17 20:45:27.796, 40, 3.53 W, 0 %, 103 MiB, 0x0000000000000001, Not Active, Not Active
2026/09/17 20:45:29.863, 40, 3.46 W, 0 %, 103 MiB, 0x0000000000000001, Not Active, Not Active
2026/09/17 20:45:31.938, 40, 3.70 W, 0 %, 103 MiB, 0x0000000000000001, Not Active, Not Active
2026/09/17 20:45:34.005, 40, 3.50 W, 0 %, 103 MiB, 0x0000000000000001, Not Active, Not Active
2026/09/17 20:45:36.072, 40, 3.44 W, 0 %, 103 MiB, 0x0000000000000001, Not Active, Not Active
2026/09/17 20:45:38.141, 40, 3.54 W, 0 %, 103 MiB, 0x0000000000000001, Not Active, Not Active
2026/09/17 20:45:40.208, 40, 3.49 W, 0 %, 103 MiB, 0x0000000000000001, Not Active, Not Active
2026/09/17 20:45:42.276, 40, 3.45 W, 0 %, 103 MiB, 0x0000000000000001, Not Active, Not Active
2026/09/17 20:45:44.346, 40, 3.43 W, 0 %, 103 MiB, 0x0000000000000001, Not Active, Not Active
2026/09/17 20:45:46.415, 40, 3.53 W, 0 %, 103 MiB, 0x0000000000000001, Not Active, Not Active
2026/09/17 20:45:48.483, 40, 3.61 W, 0 %, 103 MiB, 0x0000000000000001, Not Active, Not Active
2026/09/17 20:45:50.550, 40, 3.37 W, 0 %, 103 MiB, 0x0000000000000001, Not Active, Not Active
2026/09/17 20:45:52.619, 40, 3.38 W, 0 %, 103 MiB, 0x0000000000000001, Not Active, Not Active
2026/09/17 20:45:54.687, 40, 3.50 W, 0 %, 103 MiB, 0x0000000000000001, Not Active, Not Active
2026/09/17 20:45:56.754, 40, 3.37 W, 0 %, 103 MiB, 0x0000000000000001, Not Active, Not Active
2026/09/17 20:45:58.824, 40, 3.40 W, 0 %, 103 MiB, 0x0000000000000001, Not Active, Not Active
2026/09/17 20:46:00.891, 40, 3.49 W, 0 %, 103 MiB, 0x0000000000000001, Not Active, Not Active
2026/09/17 20:46:02.972, 40, 3.63 W, 0 %, 103 MiB, 0x0000000000000001, Not Active, Not Active
2026/09/17 20:46:05.058, 40, 3.41 W, 0 %, 103 MiB, 0x0000000000000001, Not Active, Not Active
2026/09/17 20:46:07.127, 40, 3.37 W, 0 %, 103 MiB, 0x0000000000000001, Not Active, Not Active
2026/09/17 20:46:09.196, 40, 3.36 W, 0 %, 103 MiB, 0x0000000000000001, Not Active, Not Active
2026/09/17 20:46:11.264, 40, 3.45 W, 0 %, 103 MiB, 0x0000000000000001, Not Active, Not Active
2026/09/17 20:46:13.332, 40, 3.43 W, 0 %, 103 MiB, 0x0000000000000001, Not Active, Not Active
2026/09/17 20:46:15.400, 40, 3.42 W, 0 %, 103 MiB, 0x0000000000000001, Not Active, Not Active
2026/09/17 20:46:17.472, 40, 3.63 W, 0 %, 103 MiB, 0x0000000000000001, Not Active, Not Active
2026/09/17 20:46:19.540, 40, 3.66 W, 0 %, 103 MiB, 0x0000000000000001, Not Active, Not Active
2026/09/17 20:46:21.608, 40, 3.46 W, 0 %, 103 MiB, 0x0000000000000001, Not Active, Not Active
2026/09/17 20:46:23.676, 40, 3.54 W, 0 %, 103 MiB, 0x0000000000000001, Not Active, Not Active
2026/09/17 20:46:25.745, 40, 3.45 W, 0 %, 103 MiB, 0x0000000000000001, Not Active, Not Active
2026/09/17 20:46:27.814, 40, 3.38 W, 0 %, 103 MiB, 0x0000000000000001, Not Active, Not Active
2026/09/17 20:46:29.883, 40, 3.48 W, 0 %, 103 MiB, 0x0000000000000001, Not Active, Not Active
2026/09/17 20:46:31.956, 40, 3.42 W, 0 %, 103 MiB, 0x0000000000000001, Not Active, Not Active
2026/09/17 20:46:34.025, 40, 3.58 W, 0 %, 103 MiB, 0x0000000000000001, Not Active, Not Active
2026/09/17 20:46:36.093, 40, 3.52 W, 0 %, 103 MiB, 0x0000000000000001, Not Active, Not Active
2026/09/17 20:46:38.161, 40, 3.39 W, 0 %, 103 MiB, 0x0000000000000001, Not Active, Not Active
2026/09/17 20:46:40.229, 40, 3.49 W, 0 %, 103 MiB, 0x0000000000000001, Not Active, Not Active
2026/09/17 20:46:42.297, 40, 3.41 W, 0 %, 103 MiB, 0x0000000000000001, Not Active, Not Active
2026/09/17 20:46:44.364, 40, 3.56 W, 0 %, 103 MiB, 0x0000000000000001, Not Active, Not Active
2026/09/17 20:46:46.435, 40, 3.43 W, 0 %, 103 MiB, 0x0000000000000001, Not Active, Not Active
2026/09/17 20:46:48.502, 40, 3.35 W, 0 %, 103 MiB, 0x0000000000000001, Not Active, Not Active
2026/09/17 20:46:50.570, 40, 3.55 W, 0 %, 103 MiB, 0x0000000000000001, Not Active, Not Active
2026/09/17 20:46:52.638, 40, 3.45 W, 0 %, 103 MiB, 0x0000000000000001, Not Active, Not Active
2026/09/17 20:46:54.708, 40, 3.46 W, 0 %, 103 MiB, 0x0000000000000001, Not Active, Not Active
2026/09/17 20:46:56.776, 40, 3.49 W, 0 %, 103 MiB, 0x0000000000000001, Not Active, Not Active
2026/09/17 20:46:58.845, 40, 3.41 W, 0 %, 103 MiB, 0x0000000000000001, Not Active, Not Active
2026/09/17 20:47:00.914, 40, 3.44 W, 0 %, 103 MiB, 0x0000000000000001, Not Active, Not Active
2026/09/17 20:47:02.998, 40, 3.70 W, 0 %, 103 MiB, 0x0000000000000001, Not Active, Not Active
2026/09/17 20:47:05.068, 40, 3.38 W, 0 %, 103 MiB, 0x0000000000000001, Not Active, Not Active
2026/09/17 20:47:07.141, 40, 3.55 W, 0 %, 103 MiB, 0x0000000000000001, Not Active, Not Active
2026/09/17 20:47:09.211, 40, 3.50 W, 0 %, 103 MiB, 0x0000000000000001, Not Active, Not Active
2026/09/17 20:47:11.280, 40, 3.37 W, 0 %, 103 MiB, 0x0000000000000001, Not Active, Not Active
2026/09/17 20:47:13.349, 40, 3.57 W, 0 %, 103 MiB, 0x0000000000000001, Not Active, Not Active
2026/09/17 20:47:15.417, 40, 3.67 W, 0 %, 103 MiB, 0x0000000000000001, Not Active, Not Active
2026/09/17 20:47:17.491, 40, 3.71 W, 0 %, 103 MiB, 0x0000000000000001, Not Active, Not Active
2026/09/17 20:47:19.560, 40, 3.44 W, 0 %, 103 MiB, 0x0000000000000001, Not Active, Not Active
2026/09/17 20:47:21.627, 40, 3.55 W, 0 %, 103 MiB, 0x0000000000000001, Not Active, Not Active
2026/09/17 20:47:23.696, 40, 3.52 W, 0 %, 103 MiB, 0x0000000000000001, Not Active, Not Active
2026/09/17 20:47:25.766, 40, 3.48 W, 0 %, 103 MiB, 0x0000000000000001, Not Active, Not Active
2026/09/17 20:47:27.835, 40, 3.52 W, 0 %, 103 MiB, 0x0000000000000001, Not Active, Not Active
2026/09/17 20:47:29.902, 40, 3.38 W, 0 %, 103 MiB, 0x0000000000000001, Not Active, Not Active
2026/09/17 20:47:31.979, 40, 3.57 W, 0 %, 103 MiB, 0x0000000000000001, Not Active, Not Active
2026/09/17 20:47:34.046, 40, 3.57 W, 0 %, 103 MiB, 0x0000000000000001, Not Active, Not Active
2026/09/17 20:47:36.114, 40, 3.35 W, 0 %, 103 MiB, 0x0000000000000001, Not Active, Not Active
2026/09/17 20:47:38.182, 40, 3.37 W, 0 %, 103 MiB, 0x0000000000000001, Not Active, Not Active
2026/09/17 20:47:40.250, 40, 3.47 W, 0 %, 103 MiB, 0x0000000000000001, Not Active, Not Active
2026/09/17 20:47:42.318, 40, 3.32 W, 0 %, 103 MiB, 0x0000000000000001, Not Active, Not Active
2026/09/17 20:47:44.386, 40, 3.45 W, 0 %, 103 MiB, 0x0000000000000001, Not Active, Not Active
2026/09/17 20:47:46.459, 40, 3.44 W, 0 %, 103 MiB, 0x0000000000000001, Not Active, Not Active
2026/09/17 20:47:48.527, 40, 3.53 W, 0 %, 103 MiB, 0x0000000000000001, Not Active, Not Active
2026/09/17 20:47:50.595, 40, 3.51 W, 0 %, 103 MiB, 0x0000000000000001, Not Active, Not Active
2026/09/17 20:47:52.662, 40, 3.47 W, 0 %, 103 MiB, 0x0000000000000001, Not Active, Not Active
2026/09/17 20:47:54.731, 40, 3.42 W, 0 %, 103 MiB, 0x0000000000000001, Not Active, Not Active
2026/09/17 20:47:56.799, 40, 3.37 W, 0 %, 103 MiB, 0x0000000000000001, Not Active, Not Active
2026/09/17 20:47:58.869, 40, 3.51 W, 0 %, 103 MiB, 0x0000000000000001, Not Active, Not Active
2026/09/17 20:48:00.938, 40, 3.43 W, 0 %, 103 MiB, 0x0000000000000001, Not Active, Not Active
2026/09/17 20:48:03.025, 40, 3.86 W, 0 %, 103 MiB, 0x0000000000000001, Not Active, Not Active
2026/09/17 20:48:05.110, 40, 3.96 W, 0 %, 103 MiB, 0x0000000000000001, Not Active, Not Active
2026/09/17 20:48:07.195, 40, 3.40 W, 0 %, 103 MiB, 0x0000000000000001, Not Active, Not Active
2026/09/17 20:48:09.264, 40, 3.50 W, 0 %, 103 MiB, 0x0000000000000001, Not Active, Not Active
2026/09/17 20:48:11.332, 40, 3.35 W, 0 %, 103 MiB, 0x0000000000000001, Not Active, Not Active
2026/09/17 20:48:13.400, 40, 3.31 W, 0 %, 103 MiB, 0x0000000000000001, Not Active, Not Active
2026/09/17 20:48:15.471, 40, 3.48 W, 0 %, 103 MiB, 0x0000000000000001, Not Active, Not Active
2026/09/17 20:48:17.539, 40, 3.53 W, 0 %, 103 MiB, 0x0000000000000001, Not Active, Not Active
2026/09/17 20:48:19.606, 40, 3.56 W, 0 %, 103 MiB, 0x0000000000000001, Not Active, Not Active
2026/09/17 20:48:21.675, 40, 3.48 W, 0 %, 103 MiB, 0x0000000000000001, Not Active, Not Active
2026/09/17 20:48:23.743, 40, 3.42 W, 0 %, 103 MiB, 0x0000000000000001, Not Active, Not Active
2026/09/17 20:48:25.812, 40, 3.38 W, 0 %, 103 MiB, 0x0000000000000001, Not Active, Not Active
2026/09/17 20:48:27.880, 40, 3.52 W, 0 %, 103 MiB, 0x0000000000000001, Not Active, Not Active
2026/09/17 20:48:29.949, 40, 3.52 W, 0 %, 103 MiB, 0x0000000000000001, Not Active, Not Active
2026/09/17 20:48:32.022, 40, 3.62 W, 0 %, 103 MiB, 0x0000000000000001, Not Active, Not Active
2026/09/17 20:48:34.090, 40, 3.49 W, 0 %, 103 MiB, 0x0000000000000001, Not Active, Not Active
2026/09/17 20:48:36.161, 40, 3.38 W, 0 %, 103 MiB, 0x0000000000000001, Not Active, Not Active
2026/09/17 20:48:38.229, 40, 3.45 W, 0 %, 103 MiB, 0x0000000000000001, Not Active, Not Active
2026/09/17 20:48:40.298, 40, 3.62 W, 0 %, 103 MiB, 0x0000000000000001, Not Active, Not Active
2026/09/17 20:48:42.367, 40, 3.49 W, 0 %, 103 MiB, 0x0000000000000001, Not Active, Not Active
2026/09/17 20:48:44.436, 40, 3.42 W, 0 %, 103 MiB, 0x0000000000000001, Not Active, Not Active
2026/09/17 20:48:46.509, 40, 3.75 W, 0 %, 103 MiB, 0x0000000000000001, Not Active, Not Active
2026/09/17 20:48:48.576, 40, 3.89 W, 0 %, 103 MiB, 0x0000000000000001, Not Active, Not Active
2026/09/17 20:48:50.650, 40, 3.41 W, 0 %, 103 MiB, 0x0000000000000001, Not Active, Not Active
2026/09/17 20:48:52.717, 40, 3.55 W, 0 %, 103 MiB, 0x0000000000000001, Not Active, Not Active
2026/09/17 20:48:54.784, 40, 3.64 W, 0 %, 103 MiB, 0x0000000000000001, Not Active, Not Active
2026/09/17 20:48:56.853, 40, 3.62 W, 0 %, 103 MiB, 0x0000000000000001, Not Active, Not Active
2026/09/17 20:48:58.921, 40, 3.56 W, 0 %, 103 MiB, 0x0000000000000001, Not Active, Not Active
2026/09/17 20:49:00.990, 40, 3.52 W, 0 %, 103 MiB, 0x0000000000000001, Not Active, Not Active
2026/09/17 20:49:03.068, 40, 3.84 W, 0 %, 103 MiB, 0x0000000000000001, Not Active, Not Active
2026/09/17 20:49:05.138, 40, 3.42 W, 0 %, 103 MiB, 0x0000000000000001, Not Active, Not Active
2026/09/17 20:49:07.209, 40, 3.43 W, 0 %, 103 MiB, 0x0000000000000001, Not Active, Not Active
2026/09/17 20:49:09.282, 40, 3.47 W, 0 %, 103 MiB, 0x0000000000000001, Not Active, Not Active
2026/09/17 20:49:11.354, 40, 3.50 W, 0 %, 103 MiB, 0x0000000000000001, Not Active, Not Active
2026/09/17 20:49:13.423, 40, 3.45 W, 0 %, 103 MiB, 0x0000000000000001, Not Active, Not Active
2026/09/17 20:49:15.493, 40, 3.34 W, 0 %, 103 MiB, 0x0000000000000001, Not Active, Not Active
2026/09/17 20:49:17.561, 40, 3.67 W, 0 %, 103 MiB, 0x0000000000000001, Not Active, Not Active
2026/09/17 20:49:19.630, 40, 3.34 W, 0 %, 103 MiB, 0x0000000000000001, Not Active, Not Active
2026/09/17 20:49:21.698, 40, 3.35 W, 0 %, 103 MiB, 0x0000000000000001, Not Active, Not Active
2026/09/17 20:49:23.767, 40, 3.44 W, 0 %, 103 MiB, 0x0000000000000001, Not Active, Not Active
2026/09/17 20:49:25.834, 40, 3.45 W, 0 %, 103 MiB, 0x0000000000000001, Not Active, Not Active
2026/09/17 20:49:27.904, 40, 3.43 W, 0 %, 103 MiB, 0x0000000000000001, Not Active, Not Active
2026/09/17 20:49:29.972, 40, 3.46 W, 0 %, 103 MiB, 0x0000000000000001, Not Active, Not Active
2026/09/17 20:49:32.045, 40, 3.51 W, 0 %, 103 MiB, 0x0000000000000001, Not Active, Not Active
2026/09/17 20:49:34.114, 40, 3.67 W, 0 %, 103 MiB, 0x0000000000000001, Not Active, Not Active
2026/09/17 20:49:36.182, 40, 3.43 W, 0 %, 103 MiB, 0x0000000000000001, Not Active, Not Active
2026/09/17 20:49:38.249, 40, 3.39 W, 0 %, 103 MiB, 0x0000000000000001, Not Active, Not Active
2026/09/17 20:49:40.318, 40, 3.36 W, 0 %, 103 MiB, 0x0000000000000001, Not Active, Not Active
2026/09/17 20:49:42.386, 40, 3.44 W, 0 %, 103 MiB, 0x0000000000000001, Not Active, Not Active
2026/09/17 20:49:44.454, 40, 3.46 W, 0 %, 103 MiB, 0x0000000000000001, Not Active, Not Active
2026/09/17 20:49:46.527, 40, 3.39 W, 0 %, 103 MiB, 0x0000000000000001, Not Active, Not Active
2026/09/17 20:49:48.595, 40, 3.59 W, 0 %, 103 MiB, 0x0000000000000001, Not Active, Not Active
2026/09/17 20:49:50.662, 40, 3.56 W, 0 %, 103 MiB, 0x0000000000000001, Not Active, Not Active
2026/09/17 20:49:52.730, 40, 3.42 W, 0 %, 103 MiB, 0x0000000000000001, Not Active, Not Active
2026/09/17 20:49:54.798, 40, 3.45 W, 0 %, 103 MiB, 0x0000000000000001, Not Active, Not Active
2026/09/17 20:49:56.866, 40, 3.51 W, 0 %, 103 MiB, 0x0000000000000001, Not Active, Not Active
2026/09/17 20:49:58.935, 40, 3.47 W, 0 %, 103 MiB, 0x0000000000000001, Not Active, Not Active
2026/09/17 20:50:01.005, 40, 3.59 W, 0 %, 103 MiB, 0x0000000000000001, Not Active, Not Active
2026/09/17 20:50:03.077, 40, 3.70 W, 0 %, 103 MiB, 0x0000000000000001, Not Active, Not Active
2026/09/17 20:50:05.155, 40, 3.45 W, 0 %, 103 MiB, 0x0000000000000001, Not Active, Not Active
2026/09/17 20:50:07.236, 40, 3.43 W, 0 %, 103 MiB, 0x0000000000000001, Not Active, Not Active
2026/09/17 20:50:09.318, 40, 3.41 W, 0 %, 103 MiB, 0x0000000000000001, Not Active, Not Active
2026/09/17 20:50:11.387, 40, 3.50 W, 0 %, 103 MiB, 0x0000000000000001, Not Active, Not Active
2026/09/17 20:50:13.455, 40, 3.55 W, 0 %, 103 MiB, 0x0000000000000001, Not Active, Not Active
2026/09/17 20:50:15.526, 40, 3.52 W, 0 %, 103 MiB, 0x0000000000000001, Not Active, Not Active
2026/09/17 20:50:17.596, 40, 3.55 W, 0 %, 103 MiB, 0x0000000000000001, Not Active, Not Active
2026/09/17 20:50:19.665, 40, 3.54 W, 0 %, 103 MiB, 0x0000000000000001, Not Active, Not Active
2026/09/17 20:50:21.733, 40, 3.65 W, 0 %, 103 MiB, 0x0000000000000001, Not Active, Not Active
2026/09/17 20:50:23.806, 40, 3.38 W, 0 %, 103 MiB, 0x0000000000000001, Not Active, Not Active
2026/09/17 20:50:25.874, 40, 3.63 W, 0 %, 103 MiB, 0x0000000000000001, Not Active, Not Active
2026/09/17 20:50:27.942, 40, 3.49 W, 0 %, 103 MiB, 0x0000000000000001, Not Active, Not Active
2026/09/17 20:50:30.010, 40, 3.47 W, 0 %, 103 MiB, 0x0000000000000001, Not Active, Not Active
2026/09/17 20:50:32.083, 40, 3.90 W, 0 %, 103 MiB, 0x0000000000000001, Not Active, Not Active
2026/09/17 20:50:34.151, 40, 3.45 W, 0 %, 103 MiB, 0x0000000000000001, Not Active, Not Active
2026/09/17 20:50:36.219, 40, 3.64 W, 0 %, 103 MiB, 0x0000000000000001, Not Active, Not Active
2026/09/17 20:50:38.289, 40, 3.48 W, 0 %, 103 MiB, 0x0000000000000001, Not Active, Not Active
2026/09/17 20:50:40.357, 40, 3.41 W, 0 %, 103 MiB, 0x0000000000000001, Not Active, Not Active
2026/09/17 20:50:42.426, 40, 3.44 W, 0 %, 103 MiB, 0x0000000000000001, Not Active, Not Active
2026/09/17 20:50:44.493, 40, 3.50 W, 0 %, 103 MiB, 0x0000000000000001, Not Active, Not Active
2026/09/17 20:50:46.566, 40, 3.52 W, 0 %, 103 MiB, 0x0000000000000001, Not Active, Not Active
2026/09/17 20:50:48.634, 40, 3.57 W, 0 %, 103 MiB, 0x0000000000000001, Not Active, Not Active
2026/09/17 20:50:50.703, 40, 3.44 W, 0 %, 103 MiB, 0x0000000000000001, Not Active, Not Active
2026/09/17 20:50:52.771, 40, 3.31 W, 0 %, 103 MiB, 0x0000000000000001, Not Active, Not Active
2026/09/17 20:50:54.839, 40, 3.37 W, 0 %, 103 MiB, 0x0000000000000001, Not Active, Not Active
2026/09/17 20:50:56.908, 40, 3.48 W, 0 %, 103 MiB, 0x0000000000000001, Not Active, Not Active
2026/09/17 20:50:58.976, 40, 3.33 W, 0 %, 103 MiB, 0x0000000000000001, Not Active, Not Active
2026/09/17 20:51:01.047, 40, 3.38 W, 0 %, 103 MiB, 0x0000000000000001, Not Active, Not Active
2026/09/17 20:51:03.124, 40, 3.84 W, 0 %, 103 MiB, 0x0000000000000001, Not Active, Not Active
2026/09/17 20:51:05.208, 40, 3.37 W, 0 %, 103 MiB, 0x0000000000000001, Not Active, Not Active
2026/09/17 20:51:07.276, 40, 3.39 W, 0 %, 103 MiB, 0x0000000000000001, Not Active, Not Active
2026/09/17 20:51:09.344, 40, 3.48 W, 0 %, 103 MiB, 0x0000000000000001, Not Active, Not Active
2026/09/17 20:51:11.412, 40, 3.36 W, 0 %, 103 MiB, 0x0000000000000001, Not Active, Not Active
2026/09/17 20:51:13.479, 40, 3.42 W, 0 %, 103 MiB, 0x0000000000000001, Not Active, Not Active
2026/09/17 20:51:15.551, 40, 3.41 W, 0 %, 103 MiB, 0x0000000000000001, Not Active, Not Active
2026/09/17 20:51:17.619, 40, 3.50 W, 0 %, 103 MiB, 0x0000000000000001, Not Active, Not Active
2026/09/17 20:51:19.687, 40, 3.59 W, 0 %, 103 MiB, 0x0000000000000001, Not Active, Not Active
2026/09/17 20:51:21.755, 40, 3.37 W, 0 %, 103 MiB, 0x0000000000000001, Not Active, Not Active
2026/09/17 20:51:23.825, 40, 3.43 W, 0 %, 103 MiB, 0x0000000000000001, Not Active, Not Active
2026/09/17 20:51:25.892, 40, 3.38 W, 0 %, 103 MiB, 0x0000000000000001, Not Active, Not Active
2026/09/17 20:51:27.960, 40, 3.35 W, 0 %, 103 MiB, 0x0000000000000001, Not Active, Not Active
2026/09/17 20:51:30.029, 40, 3.37 W, 0 %, 103 MiB, 0x0000000000000001, Not Active, Not Active
2026/09/17 20:51:32.102, 40, 3.40 W, 0 %, 103 MiB, 0x0000000000000001, Not Active, Not Active
2026/09/17 20:51:34.170, 40, 3.67 W, 0 %, 103 MiB, 0x0000000000000001, Not Active, Not Active
2026/09/17 20:51:36.239, 40, 3.35 W, 0 %, 103 MiB, 0x0000000000000001, Not Active, Not Active
2026/09/17 20:51:38.307, 40, 3.41 W, 0 %, 103 MiB, 0x0000000000000001, Not Active, Not Active
2026/09/17 20:51:40.375, 40, 3.41 W, 0 %, 103 MiB, 0x0000000000000001, Not Active, Not Active
2026/09/17 20:51:42.443, 40, 3.45 W, 0 %, 103 MiB, 0x0000000000000001, Not Active, Not Active
2026/09/17 20:51:44.512, 40, 3.46 W, 0 %, 103 MiB, 0x0000000000000001, Not Active, Not Active
2026/09/17 20:51:46.584, 40, 3.56 W, 0 %, 103 MiB, 0x0000000000000001, Not Active, Not Active
2026/09/17 20:51:48.654, 40, 3.35 W, 0 %, 103 MiB, 0x0000000000000001, Not Active, Not Active
2026/09/17 20:51:50.725, 40, 3.45 W, 0 %, 103 MiB, 0x0000000000000001, Not Active, Not Active
2026/09/17 20:51:52.794, 40, 3.35 W, 0 %, 103 MiB, 0x0000000000000001, Not Active, Not Active
2026/09/17 20:51:54.862, 40, 3.54 W, 0 %, 103 MiB, 0x0000000000000001, Not Active, Not Active
2026/09/17 20:51:56.931, 40, 3.44 W, 0 %, 103 MiB, 0x0000000000000001, Not Active, Not Active
2026/09/17 20:51:59.001, 40, 3.50 W, 0 %, 103 MiB, 0x0000000000000001, Not Active, Not Active
2026/09/17 20:52:01.071, 40, 3.78 W, 0 %, 103 MiB, 0x0000000000000001, Not Active, Not Active
2026/09/17 20:52:03.147, 40, 3.56 W, 0 %, 103 MiB, 0x0000000000000001, Not Active, Not Active
2026/09/17 20:52:05.217, 40, 3.61 W, 0 %, 103 MiB, 0x0000000000000001, Not Active, Not Active
2026/09/17 20:52:07.290, 40, 3.43 W, 0 %, 103 MiB, 0x0000000000000001, Not Active, Not Active
2026/09/17 20:52:09.363, 40, 3.38 W, 0 %, 103 MiB, 0x0000000000000001, Not Active, Not Active
2026/09/17 20:52:11.433, 40, 3.40 W, 0 %, 103 MiB, 0x0000000000000001, Not Active, Not Active
2026/09/17 20:52:13.501, 40, 3.38 W, 0 %, 103 MiB, 0x0000000000000001, Not Active, Not Active
2026/09/17 20:52:15.569, 40, 3.30 W, 0 %, 103 MiB, 0x0000000000000001, Not Active, Not Active
2026/09/17 20:52:17.641, 40, 3.47 W, 0 %, 103 MiB, 0x0000000000000001, Not Active, Not Active
2026/09/17 20:52:19.710, 40, 3.43 W, 0 %, 103 MiB, 0x0000000000000001, Not Active, Not Active
2026/09/17 20:52:21.778, 40, 3.34 W, 0 %, 103 MiB, 0x0000000000000001, Not Active, Not Active
2026/09/17 20:52:23.846, 40, 3.46 W, 0 %, 103 MiB, 0x0000000000000001, Not Active, Not Active
2026/09/17 20:52:25.917, 40, 3.47 W, 0 %, 103 MiB, 0x0000000000000001, Not Active, Not Active
2026/09/17 20:52:27.984, 40, 3.31 W, 0 %, 103 MiB, 0x0000000000000001, Not Active, Not Active
2026/09/17 20:52:30.052, 40, 3.39 W, 0 %, 103 MiB, 0x0000000000000001, Not Active, Not Active
2026/09/17 20:52:32.126, 40, 3.57 W, 0 %, 103 MiB, 0x0000000000000001, Not Active, Not Active
2026/09/17 20:52:34.195, 40, 3.55 W, 0 %, 103 MiB, 0x0000000000000001, Not Active, Not Active
2026/09/17 20:52:36.262, 40, 3.44 W, 0 %, 103 MiB, 0x0000000000000001, Not Active, Not Active
2026/09/17 20:52:38.332, 40, 3.41 W, 0 %, 103 MiB, 0x0000000000000001, Not Active, Not Active
2026/09/17 20:52:40.400, 40, 3.48 W, 0 %, 103 MiB, 0x0000000000000001, Not Active, Not Active
2026/09/17 20:52:42.468, 40, 3.37 W, 0 %, 103 MiB, 0x0000000000000001, Not Active, Not Active
2026/09/17 20:52:44.535, 40, 3.43 W, 0 %, 103 MiB, 0x0000000000000001, Not Active, Not Active
2026/09/17 20:52:46.605, 40, 3.44 W, 0 %, 103 MiB, 0x0000000000000001, Not Active, Not Active
2026/09/17 20:52:48.673, 40, 3.47 W, 0 %, 103 MiB, 0x0000000000000001, Not Active, Not Active
2026/09/17 20:52:50.741, 40, 3.34 W, 0 %, 103 MiB, 0x0000000000000001, Not Active, Not Active
2026/09/17 20:52:52.809, 40, 3.38 W, 0 %, 103 MiB, 0x0000000000000001, Not Active, Not Active
2026/09/17 20:52:54.878, 40, 3.37 W, 0 %, 103 MiB, 0x0000000000000001, Not Active, Not Active
2026/09/17 20:52:56.945, 40, 3.39 W, 0 %, 103 MiB, 0x0000000000000001, Not Active, Not Active
2026/09/17 20:52:59.013, 40, 3.44 W, 0 %, 103 MiB, 0x0000000000000001, Not Active, Not Active
2026/09/17 20:53:01.081, 40, 3.45 W, 0 %, 103 MiB, 0x0000000000000001, Not Active, Not Active
2026/09/17 20:53:03.159, 40, 3.64 W, 0 %, 103 MiB, 0x0000000000000001, Not Active, Not Active
2026/09/17 20:53:05.237, 40, 3.78 W, 0 %, 103 MiB, 0x0000000000000001, Not Active, Not Active
2026/09/17 20:53:07.320, 40, 3.46 W, 0 %, 103 MiB, 0x0000000000000001, Not Active, Not Active
2026/09/17 20:53:09.389, 40, 3.47 W, 0 %, 103 MiB, 0x0000000000000001, Not Active, Not Active
2026/09/17 20:53:11.457, 40, 3.44 W, 0 %, 103 MiB, 0x0000000000000001, Not Active, Not Active
2026/09/17 20:53:13.527, 40, 3.28 W, 0 %, 103 MiB, 0x0000000000000001, Not Active, Not Active
2026/09/17 20:53:15.596, 40, 3.47 W, 0 %, 103 MiB, 0x0000000000000001, Not Active, Not Active
2026/09/17 20:53:17.668, 40, 3.41 W, 0 %, 103 MiB, 0x0000000000000001, Not Active, Not Active
2026/09/17 20:53:19.737, 40, 3.57 W, 0 %, 103 MiB, 0x0000000000000001, Not Active, Not Active
2026/09/17 20:53:21.806, 40, 3.46 W, 0 %, 103 MiB, 0x0000000000000001, Not Active, Not Active
2026/09/17 20:53:23.875, 40, 3.45 W, 0 %, 103 MiB, 0x0000000000000001, Not Active, Not Active
2026/09/17 20:53:25.943, 40, 3.39 W, 0 %, 103 MiB, 0x0000000000000001, Not Active, Not Active
2026/09/17 20:53:28.012, 40, 3.49 W, 0 %, 103 MiB, 0x0000000000000001, Not Active, Not Active
2026/09/17 20:53:30.080, 40, 3.53 W, 0 %, 103 MiB, 0x0000000000000001, Not Active, Not Active
2026/09/17 20:53:32.157, 40, 3.35 W, 0 %, 103 MiB, 0x0000000000000001, Not Active, Not Active
2026/09/17 20:53:34.226, 40, 3.75 W, 0 %, 103 MiB, 0x0000000000000001, Not Active, Not Active
2026/09/17 20:53:36.294, 40, 3.65 W, 0 %, 103 MiB, 0x0000000000000001, Not Active, Not Active
2026/09/17 20:53:38.363, 40, 3.41 W, 0 %, 103 MiB, 0x0000000000000001, Not Active, Not Active
2026/09/17 20:53:40.432, 40, 3.49 W, 0 %, 103 MiB, 0x0000000000000001, Not Active, Not Active
2026/09/17 20:53:42.499, 40, 3.55 W, 0 %, 103 MiB, 0x0000000000000001, Not Active, Not Active
2026/09/17 20:53:44.571, 40, 3.50 W, 0 %, 103 MiB, 0x0000000000000001, Not Active, Not Active
2026/09/17 20:53:46.641, 40, 3.51 W, 0 %, 103 MiB, 0x0000000000000001, Not Active, Not Active
2026/09/17 20:53:48.709, 40, 3.65 W, 0 %, 103 MiB, 0x0000000000000001, Not Active, Not Active
2026/09/17 20:53:50.778, 40, 3.47 W, 0 %, 103 MiB, 0x0000000000000001, Not Active, Not Active
2026/09/17 20:53:52.848, 40, 3.44 W, 0 %, 103 MiB, 0x0000000000000001, Not Active, Not Active
2026/09/17 20:53:54.916, 40, 3.47 W, 0 %, 103 MiB, 0x0000000000000001, Not Active, Not Active
2026/09/17 20:53:56.984, 40, 3.38 W, 0 %, 103 MiB, 0x0000000000000001, Not Active, Not Active
2026/09/17 20:53:59.055, 40, 3.43 W, 0 %, 103 MiB, 0x0000000000000001, Not Active, Not Active
2026/09/17 20:54:01.122, 40, 3.54 W, 0 %, 103 MiB, 0x0000000000000001, Not Active, Not Active
2026/09/17 20:54:03.207, 40, 3.70 W, 0 %, 103 MiB, 0x0000000000000001, Not Active, Not Active
2026/09/17 20:54:05.292, 40, 3.50 W, 0 %, 103 MiB, 0x0000000000000001, Not Active, Not Active
2026/09/17 20:54:07.360, 40, 3.32 W, 0 %, 103 MiB, 0x0000000000000001, Not Active, Not Active
2026/09/17 20:54:09.428, 40, 3.35 W, 0 %, 103 MiB, 0x0000000000000001, Not Active, Not Active
2026/09/17 20:54:11.496, 40, 3.43 W, 0 %, 103 MiB, 0x0000000000000001, Not Active, Not Active
2026/09/17 20:54:13.566, 40, 3.40 W, 0 %, 103 MiB, 0x0000000000000001, Not Active, Not Active
2026/09/17 20:54:15.634, 40, 3.34 W, 0 %, 103 MiB, 0x0000000000000001, Not Active, Not Active
2026/09/17 20:54:17.706, 40, 3.56 W, 0 %, 103 MiB, 0x0000000000000001, Not Active, Not Active
2026/09/17 20:54:19.774, 40, 3.36 W, 0 %, 103 MiB, 0x0000000000000001, Not Active, Not Active
2026/09/17 20:54:21.842, 40, 3.41 W, 0 %, 103 MiB, 0x0000000000000001, Not Active, Not Active
2026/09/17 20:54:23.912, 40, 3.44 W, 0 %, 103 MiB, 0x0000000000000001, Not Active, Not Active
2026/09/17 20:54:25.980, 40, 3.31 W, 0 %, 103 MiB, 0x0000000000000001, Not Active, Not Active
2026/09/17 20:54:28.048, 40, 3.39 W, 0 %, 103 MiB, 0x0000000000000001, Not Active, Not Active
2026/09/17 20:54:30.117, 40, 3.41 W, 0 %, 103 MiB, 0x0000000000000001, Not Active, Not Active
2026/09/17 20:54:32.192, 40, 3.60 W, 0 %, 103 MiB, 0x0000000000000001, Not Active, Not Active
2026/09/17 20:54:34.259, 40, 3.63 W, 0 %, 103 MiB, 0x0000000000000001, Not Active, Not Active
2026/09/17 20:54:36.327, 40, 3.50 W, 0 %, 103 MiB, 0x0000000000000001, Not Active, Not Active
2026/09/17 20:54:38.395, 40, 3.43 W, 0 %, 103 MiB, 0x0000000000000001, Not Active, Not Active
2026/09/17 20:54:40.463, 40, 3.41 W, 0 %, 103 MiB, 0x0000000000000001, Not Active, Not Active
2026/09/17 20:54:42.532, 40, 3.39 W, 0 %, 103 MiB, 0x0000000000000001, Not Active, Not Active
2026/09/17 20:54:44.600, 40, 3.42 W, 0 %, 103 MiB, 0x0000000000000001, Not Active, Not Active
2026/09/17 20:54:46.671, 40, 3.39 W, 0 %, 103 MiB, 0x0000000000000001, Not Active, Not Active
2026/09/17 20:54:48.740, 40, 3.57 W, 0 %, 103 MiB, 0x0000000000000001, Not Active, Not Active
2026/09/17 20:54:50.809, 40, 3.63 W, 0 %, 103 MiB, 0x0000000000000001, Not Active, Not Active
2026/09/17 20:54:52.878, 40, 3.34 W, 0 %, 103 MiB, 0x0000000000000001, Not Active, Not Active
2026/09/17 20:54:54.947, 40, 3.52 W, 0 %, 103 MiB, 0x0000000000000001, Not Active, Not Active
2026/09/17 20:54:57.016, 40, 3.50 W, 0 %, 103 MiB, 0x0000000000000001, Not Active, Not Active
2026/09/17 20:54:59.085, 40, 3.38 W, 0 %, 103 MiB, 0x0000000000000001, Not Active, Not Active
2026/09/17 20:55:01.153, 40, 3.45 W, 0 %, 103 MiB, 0x0000000000000001, Not Active, Not Active
2026/09/17 20:55:03.231, 40, 3.54 W, 0 %, 103 MiB, 0x0000000000000001, Not Active, Not Active
2026/09/17 20:55:05.300, 40, 3.57 W, 0 %, 103 MiB, 0x0000000000000001, Not Active, Not Active
2026/09/17 20:55:07.374, 40, 3.62 W, 0 %, 103 MiB, 0x0000000000000001, Not Active, Not Active
2026/09/17 20:55:09.447, 40, 3.41 W, 0 %, 103 MiB, 0x0000000000000001, Not Active, Not Active
2026/09/17 20:55:11.518, 40, 3.34 W, 0 %, 103 MiB, 0x0000000000000001, Not Active, Not Active
2026/09/17 20:55:13.587, 40, 3.58 W, 0 %, 103 MiB, 0x0000000000000001, Not Active, Not Active
2026/09/17 20:55:15.655, 40, 3.48 W, 0 %, 103 MiB, 0x0000000000000001, Not Active, Not Active
2026/09/17 20:55:17.730, 40, 3.40 W, 0 %, 103 MiB, 0x0000000000000001, Not Active, Not Active
2026/09/17 20:55:19.798, 40, 3.65 W, 0 %, 103 MiB, 0x0000000000000001, Not Active, Not Active
2026/09/17 20:55:21.865, 40, 3.33 W, 0 %, 103 MiB, 0x0000000000000001, Not Active, Not Active
2026/09/17 20:55:23.933, 40, 3.49 W, 0 %, 103 MiB, 0x0000000000000001, Not Active, Not Active
2026/09/17 20:55:26.001, 40, 3.47 W, 0 %, 103 MiB, 0x0000000000000001, Not Active, Not Active
2026/09/17 20:55:28.069, 40, 3.50 W, 0 %, 103 MiB, 0x0000000000000001, Not Active, Not Active
2026/09/17 20:55:30.136, 40, 3.64 W, 0 %, 103 MiB, 0x0000000000000001, Not Active, Not Active
2026/09/17 20:55:32.213, 40, 3.69 W, 0 %, 103 MiB, 0x0000000000000001, Not Active, Not Active
2026/09/17 20:55:34.280, 40, 3.37 W, 0 %, 103 MiB, 0x0000000000000001, Not Active, Not Active
2026/09/17 20:55:36.348, 40, 3.40 W, 0 %, 103 MiB, 0x0000000000000001, Not Active, Not Active
2026/09/17 20:55:38.416, 40, 3.49 W, 0 %, 103 MiB, 0x0000000000000001, Not Active, Not Active
2026/09/17 20:55:40.485, 40, 3.45 W, 0 %, 103 MiB, 0x0000000000000001, Not Active, Not Active
2026/09/17 20:55:42.552, 40, 3.41 W, 0 %, 103 MiB, 0x0000000000000001, Not Active, Not Active
2026/09/17 20:55:44.620, 40, 3.43 W, 0 %, 103 MiB, 0x0000000000000001, Not Active, Not Active
2026/09/17 20:55:46.693, 40, 3.40 W, 0 %, 103 MiB, 0x0000000000000001, Not Active, Not Active
2026/09/17 20:55:48.761, 40, 3.54 W, 0 %, 103 MiB, 0x0000000000000001, Not Active, Not Active
2026/09/17 20:55:50.830, 40, 3.49 W, 0 %, 103 MiB, 0x0000000000000001, Not Active, Not Active
2026/09/17 20:55:52.898, 40, 3.38 W, 0 %, 103 MiB, 0x0000000000000001, Not Active, Not Active
2026/09/17 20:55:54.966, 40, 3.34 W, 0 %, 103 MiB, 0x0000000000000001, Not Active, Not Active
2026/09/17 20:55:57.034, 40, 3.42 W, 0 %, 103 MiB, 0x0000000000000001, Not Active, Not Active
2026/09/17 20:55:59.101, 40, 3.45 W, 0 %, 103 MiB, 0x0000000000000001, Not Active, Not Active
2026/09/17 20:56:01.171, 40, 3.28 W, 0 %, 103 MiB, 0x0000000000000001, Not Active, Not Active
2026/09/17 20:56:03.248, 40, 3.58 W, 0 %, 103 MiB, 0x0000000000000001, Not Active, Not Active
2026/09/17 20:56:05.327, 40, 3.33 W, 0 %, 103 MiB, 0x0000000000000001, Not Active, Not Active
2026/09/17 20:56:07.410, 40, 3.37 W, 0 %, 103 MiB, 0x0000000000000001, Not Active, Not Active
2026/09/17 20:56:09.478, 40, 3.43 W, 0 %, 103 MiB, 0x0000000000000001, Not Active, Not Active
2026/09/17 20:56:11.547, 40, 3.44 W, 0 %, 103 MiB, 0x0000000000000001, Not Active, Not Active
2026/09/17 20:56:13.616, 40, 3.35 W, 0 %, 103 MiB, 0x0000000000000001, Not Active, Not Active
2026/09/17 20:56:15.684, 40, 3.41 W, 0 %, 103 MiB, 0x0000000000000001, Not Active, Not Active
2026/09/17 20:56:17.757, 40, 3.50 W, 0 %, 103 MiB, 0x0000000000000001, Not Active, Not Active
2026/09/17 20:56:19.825, 40, 3.57 W, 0 %, 103 MiB, 0x0000000000000001, Not Active, Not Active
2026/09/17 20:56:21.893, 40, 3.44 W, 0 %, 103 MiB, 0x0000000000000001, Not Active, Not Active
2026/09/17 20:56:23.962, 40, 3.38 W, 0 %, 103 MiB, 0x0000000000000001, Not Active, Not Active
2026/09/17 20:56:26.031, 40, 3.34 W, 0 %, 103 MiB, 0x0000000000000001, Not Active, Not Active
2026/09/17 20:56:28.098, 40, 3.42 W, 0 %, 103 MiB, 0x0000000000000001, Not Active, Not Active
2026/09/17 20:56:30.167, 40, 3.44 W, 0 %, 103 MiB, 0x0000000000000001, Not Active, Not Active
2026/09/17 20:56:32.241, 40, 3.35 W, 0 %, 103 MiB, 0x0000000000000001, Not Active, Not Active
2026/09/17 20:56:34.309, 40, 3.70 W, 0 %, 103 MiB, 0x0000000000000001, Not Active, Not Active
2026/09/17 20:56:36.377, 40, 3.41 W, 0 %, 103 MiB, 0x0000000000000001, Not Active, Not Active
2026/09/17 20:56:38.446, 40, 3.41 W, 0 %, 103 MiB, 0x0000000000000001, Not Active, Not Active
2026/09/17 20:56:40.513, 40, 3.58 W, 0 %, 103 MiB, 0x0000000000000001, Not Active, Not Active
2026/09/17 20:56:42.581, 40, 3.46 W, 0 %, 103 MiB, 0x0000000000000001, Not Active, Not Active
2026/09/17 20:56:44.650, 40, 3.32 W, 0 %, 103 MiB, 0x0000000000000001, Not Active, Not Active
2026/09/17 20:56:46.722, 40, 3.45 W, 0 %, 103 MiB, 0x0000000000000001, Not Active, Not Active
2026/09/17 20:56:48.790, 40, 3.56 W, 0 %, 103 MiB, 0x0000000000000001, Not Active, Not Active
2026/09/17 20:56:50.858, 40, 3.50 W, 0 %, 103 MiB, 0x0000000000000001, Not Active, Not Active
2026/09/17 20:56:52.927, 40, 3.51 W, 0 %, 103 MiB, 0x0000000000000001, Not Active, Not Active
2026/09/17 20:56:54.995, 40, 3.54 W, 0 %, 103 MiB, 0x0000000000000001, Not Active, Not Active
2026/09/17 20:56:57.062, 40, 3.42 W, 0 %, 103 MiB, 0x0000000000000001, Not Active, Not Active
2026/09/17 20:56:59.130, 40, 3.51 W, 0 %, 103 MiB, 0x0000000000000001, Not Active, Not Active
2026/09/17 20:57:01.197, 40, 3.47 W, 0 %, 103 MiB, 0x0000000000000001, Not Active, Not Active
2026/09/17 20:57:03.281, 40, 3.74 W, 0 %, 103 MiB, 0x0000000000000001, Not Active, Not Active
2026/09/17 20:57:05.351, 40, 3.41 W, 0 %, 103 MiB, 0x0000000000000001, Not Active, Not Active
2026/09/17 20:57:07.422, 40, 3.39 W, 0 %, 103 MiB, 0x0000000000000001, Not Active, Not Active
2026/09/17 20:57:09.494, 40, 3.39 W, 0 %, 103 MiB, 0x0000000000000001, Not Active, Not Active
2026/09/17 20:57:11.567, 40, 3.46 W, 0 %, 103 MiB, 0x0000000000000001, Not Active, Not Active
2026/09/17 20:57:13.634, 40, 3.51 W, 0 %, 103 MiB, 0x0000000000000001, Not Active, Not Active
2026/09/17 20:57:15.703, 40, 3.44 W, 0 %, 103 MiB, 0x0000000000000001, Not Active, Not Active
2026/09/17 20:57:17.774, 40, 3.69 W, 0 %, 103 MiB, 0x0000000000000001, Not Active, Not Active
2026/09/17 20:57:19.843, 40, 3.34 W, 0 %, 103 MiB, 0x0000000000000001, Not Active, Not Active
2026/09/17 20:57:21.911, 40, 3.48 W, 0 %, 103 MiB, 0x0000000000000001, Not Active, Not Active
2026/09/17 20:57:23.980, 40, 3.56 W, 0 %, 103 MiB, 0x0000000000000001, Not Active, Not Active
2026/09/17 20:57:26.048, 40, 3.38 W, 0 %, 103 MiB, 0x0000000000000001, Not Active, Not Active
2026/09/17 20:57:28.118, 40, 3.36 W, 0 %, 103 MiB, 0x0000000000000001, Not Active, Not Active
2026/09/17 20:57:30.186, 40, 3.40 W, 0 %, 103 MiB, 0x0000000000000001, Not Active, Not Active
2026/09/17 20:57:32.259, 40, 3.70 W, 0 %, 103 MiB, 0x0000000000000001, Not Active, Not Active
2026/09/17 20:57:34.327, 40, 3.52 W, 0 %, 103 MiB, 0x0000000000000001, Not Active, Not Active
2026/09/17 20:57:36.396, 40, 3.44 W, 0 %, 103 MiB, 0x0000000000000001, Not Active, Not Active
2026/09/17 20:57:38.464, 40, 3.39 W, 0 %, 103 MiB, 0x0000000000000001, Not Active, Not Active
2026/09/17 20:57:40.532, 40, 3.42 W, 0 %, 103 MiB, 0x0000000000000001, Not Active, Not Active
2026/09/17 20:57:42.601, 40, 3.49 W, 0 %, 103 MiB, 0x0000000000000001, Not Active, Not Active
2026/09/17 20:57:44.669, 40, 3.53 W, 0 %, 103 MiB, 0x0000000000000001, Not Active, Not Active
2026/09/17 20:57:46.735, 40, 3.37 W, 0 %, 103 MiB, 0x0000000000000001, Not Active, Not Active
2026/09/17 20:57:48.804, 40, 3.59 W, 0 %, 103 MiB, 0x0000000000000001, Not Active, Not Active
2026/09/17 20:57:50.871, 40, 3.51 W, 0 %, 103 MiB, 0x0000000000000001, Not Active, Not Active
2026/09/17 20:57:52.940, 40, 3.34 W, 0 %, 103 MiB, 0x0000000000000001, Not Active, Not Active
2026/09/17 20:57:55.008, 40, 3.45 W, 0 %, 103 MiB, 0x0000000000000001, Not Active, Not Active
2026/09/17 20:57:57.075, 40, 3.50 W, 0 %, 103 MiB, 0x0000000000000001, Not Active, Not Active
2026/09/17 20:57:59.143, 40, 3.35 W, 0 %, 103 MiB, 0x0000000000000001, Not Active, Not Active
2026/09/17 20:58:01.211, 40, 3.36 W, 0 %, 103 MiB, 0x0000000000000001, Not Active, Not Active
2026/09/17 20:58:03.288, 40, 3.52 W, 0 %, 103 MiB, 0x0000000000000001, Not Active, Not Active
2026/09/17 20:58:05.368, 40, 3.64 W, 0 %, 103 MiB, 0x0000000000000001, Not Active, Not Active
2026/09/17 20:58:07.449, 40, 3.44 W, 0 %, 103 MiB, 0x0000000000000001, Not Active, Not Active
2026/09/17 20:58:09.531, 40, 3.40 W, 0 %, 103 MiB, 0x0000000000000001, Not Active, Not Active
2026/09/17 20:58:11.600, 40, 3.36 W, 0 %, 103 MiB, 0x0000000000000001, Not Active, Not Active
2026/09/17 20:58:13.669, 40, 3.45 W, 0 %, 103 MiB, 0x0000000000000001, Not Active, Not Active
2026/09/17 20:58:15.738, 40, 3.43 W, 0 %, 103 MiB, 0x0000000000000001, Not Active, Not Active
2026/09/17 20:58:17.810, 40, 3.49 W, 0 %, 103 MiB, 0x0000000000000001, Not Active, Not Active
2026/09/17 20:58:19.878, 40, 3.62 W, 0 %, 103 MiB, 0x0000000000000001, Not Active, Not Active
2026/09/17 20:58:21.947, 40, 3.54 W, 0 %, 103 MiB, 0x0000000000000001, Not Active, Not Active
2026/09/17 20:58:24.015, 40, 3.31 W, 0 %, 103 MiB, 0x0000000000000001, Not Active, Not Active
2026/09/17 20:58:26.083, 40, 3.57 W, 0 %, 103 MiB, 0x0000000000000001, Not Active, Not Active
2026/09/17 20:58:28.151, 40, 3.54 W, 0 %, 103 MiB, 0x0000000000000001, Not Active, Not Active
2026/09/17 20:58:30.220, 40, 3.40 W, 0 %, 103 MiB, 0x0000000000000001, Not Active, Not Active
2026/09/17 20:58:32.293, 40, 3.53 W, 0 %, 103 MiB, 0x0000000000000001, Not Active, Not Active
2026/09/17 20:58:34.362, 40, 3.58 W, 0 %, 103 MiB, 0x0000000000000001, Not Active, Not Active
2026/09/17 20:58:36.429, 40, 3.47 W, 0 %, 103 MiB, 0x0000000000000001, Not Active, Not Active
2026/09/17 20:58:38.500, 40, 3.51 W, 0 %, 103 MiB, 0x0000000000000001, Not Active, Not Active
2026/09/17 20:58:40.568, 40, 3.38 W, 0 %, 103 MiB, 0x0000000000000001, Not Active, Not Active
2026/09/17 20:58:42.637, 40, 3.33 W, 0 %, 103 MiB, 0x0000000000000001, Not Active, Not Active
2026/09/17 20:58:44.706, 40, 3.55 W, 0 %, 103 MiB, 0x0000000000000001, Not Active, Not Active
2026/09/17 20:58:46.778, 40, 3.53 W, 0 %, 103 MiB, 0x0000000000000001, Not Active, Not Active
2026/09/17 20:58:48.846, 40, 3.50 W, 0 %, 103 MiB, 0x0000000000000001, Not Active, Not Active
2026/09/17 20:58:50.914, 40, 3.42 W, 0 %, 103 MiB, 0x0000000000000001, Not Active, Not Active
2026/09/17 20:58:52.982, 40, 3.42 W, 0 %, 103 MiB, 0x0000000000000001, Not Active, Not Active
2026/09/17 20:58:55.051, 40, 3.48 W, 0 %, 103 MiB, 0x0000000000000001, Not Active, Not Active
2026/09/17 20:58:57.119, 40, 3.47 W, 0 %, 103 MiB, 0x0000000000000001, Not Active, Not Active
2026/09/17 20:58:59.186, 40, 3.28 W, 0 %, 103 MiB, 0x0000000000000001, Not Active, Not Active
2026/09/17 20:59:01.255, 40, 3.41 W, 0 %, 103 MiB, 0x0000000000000001, Not Active, Not Active
2026/09/17 20:59:03.342, 40, 3.77 W, 0 %, 103 MiB, 0x0000000000000001, Not Active, Not Active
2026/09/17 20:59:05.427, 40, 3.47 W, 0 %, 103 MiB, 0x0000000000000001, Not Active, Not Active
2026/09/17 20:59:07.495, 40, 3.51 W, 0 %, 103 MiB, 0x0000000000000001, Not Active, Not Active
2026/09/17 20:59:09.562, 40, 3.50 W, 0 %, 103 MiB, 0x0000000000000001, Not Active, Not Active
2026/09/17 20:59:11.631, 40, 3.44 W, 0 %, 103 MiB, 0x0000000000000001, Not Active, Not Active
2026/09/17 20:59:13.699, 40, 3.33 W, 0 %, 103 MiB, 0x0000000000000001, Not Active, Not Active
2026/09/17 20:59:15.768, 40, 3.51 W, 0 %, 103 MiB, 0x0000000000000001, Not Active, Not Active
2026/09/17 20:59:17.840, 40, 3.49 W, 0 %, 103 MiB, 0x0000000000000001, Not Active, Not Active
2026/09/17 20:59:19.909, 40, 3.62 W, 0 %, 103 MiB, 0x0000000000000001, Not Active, Not Active
2026/09/17 20:59:21.978, 40, 3.41 W, 0 %, 103 MiB, 0x0000000000000001, Not Active, Not Active
2026/09/17 20:59:24.046, 40, 3.37 W, 0 %, 103 MiB, 0x0000000000000001, Not Active, Not Active
2026/09/17 20:59:26.115, 40, 3.32 W, 0 %, 103 MiB, 0x0000000000000001, Not Active, Not Active
2026/09/17 20:59:28.183, 40, 3.41 W, 0 %, 103 MiB, 0x0000000000000001, Not Active, Not Active
2026/09/17 20:59:30.251, 40, 3.40 W, 0 %, 103 MiB, 0x0000000000000001, Not Active, Not Active
2026/09/17 20:59:32.325, 40, 3.37 W, 0 %, 103 MiB, 0x0000000000000001, Not Active, Not Active
2026/09/17 20:59:34.392, 40, 3.63 W, 0 %, 103 MiB, 0x0000000000000001, Not Active, Not Active
2026/09/17 20:59:36.461, 40, 3.37 W, 0 %, 103 MiB, 0x0000000000000001, Not Active, Not Active
2026/09/17 20:59:38.530, 40, 3.27 W, 0 %, 103 MiB, 0x0000000000000001, Not Active, Not Active
2026/09/17 20:59:40.599, 40, 3.42 W, 0 %, 103 MiB, 0x0000000000000001, Not Active, Not Active
2026/09/17 20:59:42.668, 40, 3.34 W, 0 %, 103 MiB, 0x0000000000000001, Not Active, Not Active
2026/09/17 20:59:44.737, 40, 3.30 W, 0 %, 103 MiB, 0x0000000000000001, Not Active, Not Active
2026/09/17 20:59:46.808, 40, 3.48 W, 0 %, 103 MiB, 0x0000000000000001, Not Active, Not Active
2026/09/17 20:59:48.877, 40, 3.53 W, 0 %, 103 MiB, 0x0000000000000001, Not Active, Not Active
2026/09/17 20:59:50.946, 40, 3.56 W, 0 %, 103 MiB, 0x0000000000000001, Not Active, Not Active
2026/09/17 20:59:53.015, 40, 3.46 W, 0 %, 103 MiB, 0x0000000000000001, Not Active, Not Active
2026/09/17 20:59:55.082, 40, 3.52 W, 0 %, 103 MiB, 0x0000000000000001, Not Active, Not Active
2026/09/17 20:59:57.150, 40, 3.46 W, 0 %, 103 MiB, 0x0000000000000001, Not Active, Not Active
2026/09/17 20:59:59.219, 40, 3.43 W, 0 %, 103 MiB, 0x0000000000000001, Not Active, Not Active
2026/09/17 21:00:01.289, 40, 3.33 W, 0 %, 103 MiB, 0x0000000000000001, Not Active, Not Active
2026/09/17 21:00:03.371, 40, 3.39 W, 0 %, 103 MiB, 0x0000000000000001, Not Active, Not Active
2026/09/17 21:00:05.441, 40, 3.69 W, 0 %, 103 MiB, 0x0000000000000001, Not Active, Not Active
2026/09/17 21:00:07.514, 40, 3.46 W, 0 %, 103 MiB, 0x0000000000000001, Not Active, Not Active
2026/09/17 21:00:09.587, 40, 3.67 W, 0 %, 103 MiB, 0x0000000000000001, Not Active, Not Active
2026/09/17 21:00:11.656, 40, 3.55 W, 0 %, 103 MiB, 0x0000000000000001, Not Active, Not Active
2026/09/17 21:00:13.725, 40, 3.39 W, 0 %, 103 MiB, 0x0000000000000001, Not Active, Not Active
2026/09/17 21:00:15.793, 40, 3.50 W, 0 %, 103 MiB, 0x0000000000000001, Not Active, Not Active
2026/09/17 21:00:17.865, 40, 3.66 W, 0 %, 103 MiB, 0x0000000000000001, Not Active, Not Active
2026/09/17 21:00:19.933, 39, 3.47 W, 0 %, 103 MiB, 0x0000000000000001, Not Active, Not Active
2026/09/17 21:00:22.001, 40, 3.52 W, 0 %, 103 MiB, 0x0000000000000001, Not Active, Not Active
2026/09/17 21:00:24.068, 40, 3.41 W, 0 %, 103 MiB, 0x0000000000000001, Not Active, Not Active
2026/09/17 21:00:26.139, 40, 3.40 W, 0 %, 103 MiB, 0x0000000000000001, Not Active, Not Active
2026/09/17 21:00:28.207, 40, 3.53 W, 0 %, 103 MiB, 0x0000000000000001, Not Active, Not Active
2026/09/17 21:00:30.274, 40, 3.53 W, 0 %, 103 MiB, 0x0000000000000001, Not Active, Not Active
2026/09/17 21:00:32.348, 40, 3.64 W, 0 %, 103 MiB, 0x0000000000000001, Not Active, Not Active
2026/09/17 21:00:34.417, 40, 3.43 W, 0 %, 103 MiB, 0x0000000000000001, Not Active, Not Active
2026/09/17 21:00:36.485, 40, 3.48 W, 0 %, 103 MiB, 0x0000000000000001, Not Active, Not Active
2026/09/17 21:00:38.554, 40, 3.45 W, 0 %, 103 MiB, 0x0000000000000001, Not Active, Not Active
2026/09/17 21:00:40.622, 40, 3.36 W, 0 %, 103 MiB, 0x0000000000000001, Not Active, Not Active
2026/09/17 21:00:42.689, 40, 3.38 W, 0 %, 103 MiB, 0x0000000000000001, Not Active, Not Active
2026/09/17 21:00:44.757, 40, 3.47 W, 0 %, 103 MiB, 0x0000000000000001, Not Active, Not Active
2026/09/17 21:00:46.827, 40, 3.34 W, 0 %, 103 MiB, 0x0000000000000001, Not Active, Not Active
2026/09/17 21:00:48.896, 40, 3.71 W, 0 %, 103 MiB, 0x0000000000000001, Not Active, Not Active
2026/09/17 21:00:50.964, 40, 3.49 W, 0 %, 103 MiB, 0x0000000000000001, Not Active, Not Active
2026/09/17 21:00:53.032, 40, 3.43 W, 0 %, 103 MiB, 0x0000000000000001, Not Active, Not Active
2026/09/17 21:00:55.101, 40, 3.42 W, 0 %, 103 MiB, 0x0000000000000001, Not Active, Not Active
2026/09/17 21:00:57.169, 40, 3.45 W, 0 %, 103 MiB, 0x0000000000000001, Not Active, Not Active
2026/09/17 21:00:59.238, 40, 3.44 W, 0 %, 103 MiB, 0x0000000000000001, Not Active, Not Active
2026/09/17 21:01:01.307, 40, 3.44 W, 0 %, 103 MiB, 0x0000000000000001, Not Active, Not Active
2026/09/17 21:01:03.391, 40, 3.68 W, 0 %, 103 MiB, 0x0000000000000001, Not Active, Not Active
2026/09/17 21:01:05.473, 40, 3.51 W, 0 %, 103 MiB, 0x0000000000000001, Not Active, Not Active
2026/09/17 21:01:07.558, 40, 3.46 W, 0 %, 103 MiB, 0x0000000000000001, Not Active, Not Active
2026/09/17 21:01:09.628, 39, 3.35 W, 0 %, 103 MiB, 0x0000000000000001, Not Active, Not Active
2026/09/17 21:01:11.697, 40, 3.44 W, 0 %, 103 MiB, 0x0000000000000001, Not Active, Not Active
2026/09/17 21:01:13.765, 39, 3.43 W, 0 %, 103 MiB, 0x0000000000000001, Not Active, Not Active
2026/09/17 21:01:15.838, 40, 3.38 W, 0 %, 103 MiB, 0x0000000000000001, Not Active, Not Active
2026/09/17 21:01:17.906, 40, 3.60 W, 0 %, 103 MiB, 0x0000000000000001, Not Active, Not Active
2026/09/17 21:01:19.974, 40, 3.56 W, 0 %, 103 MiB, 0x0000000000000001, Not Active, Not Active
2026/09/17 21:01:22.044, 40, 3.43 W, 0 %, 103 MiB, 0x0000000000000001, Not Active, Not Active
2026/09/17 21:01:24.112, 40, 3.45 W, 0 %, 103 MiB, 0x0000000000000001, Not Active, Not Active
2026/09/17 21:01:26.180, 40, 3.43 W, 0 %, 103 MiB, 0x0000000000000001, Not Active, Not Active
2026/09/17 21:01:28.249, 40, 3.43 W, 0 %, 103 MiB, 0x0000000000000001, Not Active, Not Active
2026/09/17 21:01:30.317, 40, 3.45 W, 0 %, 103 MiB, 0x0000000000000001, Not Active, Not Active
2026/09/17 21:01:32.391, 40, 3.49 W, 0 %, 103 MiB, 0x0000000000000001, Not Active, Not Active
2026/09/17 21:01:34.461, 40, 3.65 W, 0 %, 103 MiB, 0x0000000000000001, Not Active, Not Active
2026/09/17 21:01:36.529, 40, 3.42 W, 0 %, 103 MiB, 0x0000000000000001, Not Active, Not Active
2026/09/17 21:01:38.597, 40, 3.51 W, 0 %, 103 MiB, 0x0000000000000001, Not Active, Not Active
2026/09/17 21:01:40.667, 40, 3.54 W, 0 %, 103 MiB, 0x0000000000000001, Not Active, Not Active
2026/09/17 21:01:42.734, 40, 3.57 W, 0 %, 103 MiB, 0x0000000000000001, Not Active, Not Active
2026/09/17 21:01:44.808, 40, 3.53 W, 0 %, 103 MiB, 0x0000000000000001, Not Active, Not Active
2026/09/17 21:01:46.880, 40, 3.46 W, 0 %, 103 MiB, 0x0000000000000001, Not Active, Not Active
2026/09/17 21:01:48.948, 40, 3.60 W, 0 %, 103 MiB, 0x0000000000000001, Not Active, Not Active
2026/09/17 21:01:51.015, 40, 3.82 W, 0 %, 103 MiB, 0x0000000000000001, Not Active, Not Active
2026/09/17 21:01:53.086, 40, 3.44 W, 0 %, 103 MiB, 0x0000000000000001, Not Active, Not Active
2026/09/17 21:01:55.155, 40, 3.49 W, 0 %, 103 MiB, 0x0000000000000001, Not Active, Not Active
2026/09/17 21:01:57.224, 40, 3.65 W, 0 %, 103 MiB, 0x0000000000000001, Not Active, Not Active
2026/09/17 21:01:59.294, 40, 3.41 W, 0 %, 103 MiB, 0x0000000000000001, Not Active, Not Active
2026/09/17 21:02:01.364, 40, 3.68 W, 0 %, 103 MiB, 0x0000000000000001, Not Active, Not Active
2026/09/17 21:02:03.436, 40, 3.66 W, 0 %, 103 MiB, 0x0000000000000001, Not Active, Not Active
2026/09/17 21:02:05.516, 40, 3.43 W, 0 %, 103 MiB, 0x0000000000000001, Not Active, Not Active
2026/09/17 21:02:07.584, 40, 3.45 W, 0 %, 103 MiB, 0x0000000000000001, Not Active, Not Active
2026/09/17 21:02:09.652, 40, 3.45 W, 0 %, 103 MiB, 0x0000000000000001, Not Active, Not Active
2026/09/17 21:02:11.721, 40, 3.40 W, 0 %, 103 MiB, 0x0000000000000001, Not Active, Not Active
2026/09/17 21:02:13.792, 39, 3.51 W, 0 %, 103 MiB, 0x0000000000000001, Not Active, Not Active
2026/09/17 21:02:15.860, 40, 3.49 W, 0 %, 103 MiB, 0x0000000000000001, Not Active, Not Active
2026/09/17 21:02:17.932, 40, 3.65 W, 0 %, 103 MiB, 0x0000000000000001, Not Active, Not Active
2026/09/17 21:02:20.001, 39, 3.51 W, 0 %, 103 MiB, 0x0000000000000001, Not Active, Not Active
2026/09/17 21:02:22.069, 40, 3.45 W, 0 %, 103 MiB, 0x0000000000000001, Not Active, Not Active
2026/09/17 21:02:24.137, 40, 3.45 W, 0 %, 103 MiB, 0x0000000000000001, Not Active, Not Active
2026/09/17 21:02:26.205, 40, 3.49 W, 0 %, 103 MiB, 0x0000000000000001, Not Active, Not Active
2026/09/17 21:02:28.273, 40, 3.48 W, 0 %, 103 MiB, 0x0000000000000001, Not Active, Not Active
2026/09/17 21:02:30.341, 40, 3.44 W, 0 %, 103 MiB, 0x0000000000000001, Not Active, Not Active
2026/09/17 21:02:32.415, 40, 3.69 W, 0 %, 103 MiB, 0x0000000000000001, Not Active, Not Active
2026/09/17 21:02:34.483, 40, 3.58 W, 0 %, 103 MiB, 0x0000000000000001, Not Active, Not Active
2026/09/17 21:02:36.552, 40, 3.39 W, 0 %, 103 MiB, 0x0000000000000001, Not Active, Not Active
2026/09/17 21:02:38.620, 40, 3.48 W, 0 %, 103 MiB, 0x0000000000000001, Not Active, Not Active
2026/09/17 21:02:40.687, 40, 3.44 W, 0 %, 103 MiB, 0x0000000000000001, Not Active, Not Active
2026/09/17 21:02:42.756, 40, 3.42 W, 0 %, 103 MiB, 0x0000000000000001, Not Active, Not Active
2026/09/17 21:02:44.824, 40, 3.53 W, 0 %, 103 MiB, 0x0000000000000001, Not Active, Not Active
2026/09/17 21:02:46.894, 40, 3.47 W, 0 %, 103 MiB, 0x0000000000000001, Not Active, Not Active
2026/09/17 21:02:48.963, 39, 3.55 W, 0 %, 103 MiB, 0x0000000000000001, Not Active, Not Active
2026/09/17 21:02:51.031, 40, 3.31 W, 0 %, 103 MiB, 0x0000000000000001, Not Active, Not Active
2026/09/17 21:02:53.100, 40, 3.47 W, 0 %, 103 MiB, 0x0000000000000001, Not Active, Not Active
2026/09/17 21:02:55.169, 40, 3.42 W, 0 %, 103 MiB, 0x0000000000000001, Not Active, Not Active
2026/09/17 21:02:57.238, 40, 3.38 W, 0 %, 103 MiB, 0x0000000000000001, Not Active, Not Active
2026/09/17 21:02:59.306, 39, 3.42 W, 0 %, 103 MiB, 0x0000000000000001, Not Active, Not Active
2026/09/17 21:03:01.374, 40, 3.41 W, 0 %, 103 MiB, 0x0000000000000001, Not Active, Not Active
2026/09/17 21:03:03.456, 40, 3.58 W, 0 %, 103 MiB, 0x0000000000000001, Not Active, Not Active
2026/09/17 21:03:05.525, 40, 3.67 W, 0 %, 103 MiB, 0x0000000000000001, Not Active, Not Active
2026/09/17 21:03:07.598, 39, 3.50 W, 0 %, 103 MiB, 0x0000000000000001, Not Active, Not Active
2026/09/17 21:03:09.670, 40, 3.42 W, 0 %, 103 MiB, 0x0000000000000001, Not Active, Not Active
2026/09/17 21:03:11.738, 40, 3.40 W, 0 %, 103 MiB, 0x0000000000000001, Not Active, Not Active
2026/09/17 21:03:13.808, 40, 3.38 W, 0 %, 103 MiB, 0x0000000000000001, Not Active, Not Active
2026/09/17 21:03:15.876, 39, 3.47 W, 0 %, 103 MiB, 0x0000000000000001, Not Active, Not Active
2026/09/17 21:03:17.952, 40, 3.43 W, 0 %, 103 MiB, 0x0000000000000001, Not Active, Not Active
2026/09/17 21:03:20.020, 40, 3.82 W, 0 %, 103 MiB, 0x0000000000000001, Not Active, Not Active
2026/09/17 21:03:22.088, 39, 3.39 W, 0 %, 103 MiB, 0x0000000000000001, Not Active, Not Active
2026/09/17 21:03:24.155, 39, 3.45 W, 0 %, 103 MiB, 0x0000000000000001, Not Active, Not Active
2026/09/17 21:03:26.225, 39, 3.57 W, 0 %, 103 MiB, 0x0000000000000001, Not Active, Not Active
2026/09/17 21:03:28.293, 40, 3.41 W, 0 %, 103 MiB, 0x0000000000000001, Not Active, Not Active
2026/09/17 21:03:30.361, 40, 3.66 W, 0 %, 103 MiB, 0x0000000000000001, Not Active, Not Active
2026/09/17 21:03:32.439, 40, 3.38 W, 0 %, 103 MiB, 0x0000000000000001, Not Active, Not Active
2026/09/17 21:03:34.508, 39, 3.54 W, 0 %, 103 MiB, 0x0000000000000001, Not Active, Not Active
2026/09/17 21:03:36.575, 39, 3.49 W, 0 %, 103 MiB, 0x0000000000000001, Not Active, Not Active
2026/09/17 21:03:38.642, 39, 3.38 W, 0 %, 103 MiB, 0x0000000000000001, Not Active, Not Active
2026/09/17 21:03:40.711, 40, 3.38 W, 0 %, 103 MiB, 0x0000000000000001, Not Active, Not Active
2026/09/17 21:03:42.778, 39, 3.43 W, 0 %, 103 MiB, 0x0000000000000001, Not Active, Not Active
2026/09/17 21:03:44.848, 40, 3.44 W, 0 %, 103 MiB, 0x0000000000000001, Not Active, Not Active
2026/09/17 21:03:46.920, 39, 3.35 W, 0 %, 103 MiB, 0x0000000000000001, Not Active, Not Active
2026/09/17 21:03:48.988, 39, 3.51 W, 0 %, 103 MiB, 0x0000000000000001, Not Active, Not Active
2026/09/17 21:03:51.057, 40, 3.47 W, 0 %, 103 MiB, 0x0000000000000001, Not Active, Not Active
2026/09/17 21:03:53.126, 39, 3.37 W, 0 %, 103 MiB, 0x0000000000000001, Not Active, Not Active
2026/09/17 21:03:55.194, 40, 3.30 W, 0 %, 103 MiB, 0x0000000000000001, Not Active, Not Active
2026/09/17 21:03:57.262, 39, 3.45 W, 0 %, 103 MiB, 0x0000000000000001, Not Active, Not Active
2026/09/17 21:03:59.330, 40, 3.39 W, 0 %, 103 MiB, 0x0000000000000001, Not Active, Not Active
2026/09/17 21:04:01.399, 40, 3.36 W, 0 %, 103 MiB, 0x0000000000000001, Not Active, Not Active
2026/09/17 21:04:03.482, 39, 3.77 W, 0 %, 103 MiB, 0x0000000000000001, Not Active, Not Active
2026/09/17 21:04:05.565, 40, 3.31 W, 0 %, 103 MiB, 0x0000000000000001, Not Active, Not Active
2026/09/17 21:04:07.649, 40, 3.37 W, 0 %, 103 MiB, 0x0000000000000001, Not Active, Not Active
2026/09/17 21:04:09.718, 40, 3.40 W, 0 %, 103 MiB, 0x0000000000000001, Not Active, Not Active
2026/09/17 21:04:11.785, 40, 3.36 W, 0 %, 103 MiB, 0x0000000000000001, Not Active, Not Active
2026/09/17 21:04:13.855, 39, 3.39 W, 0 %, 103 MiB, 0x0000000000000001, Not Active, Not Active
2026/09/17 21:04:15.925, 40, 3.43 W, 0 %, 103 MiB, 0x0000000000000001, Not Active, Not Active
2026/09/17 21:04:17.993, 39, 3.50 W, 0 %, 103 MiB, 0x0000000000000001, Not Active, Not Active
2026/09/17 21:04:20.062, 39, 3.39 W, 0 %, 103 MiB, 0x0000000000000001, Not Active, Not Active
2026/09/17 21:04:22.130, 40, 3.46 W, 0 %, 103 MiB, 0x0000000000000001, Not Active, Not Active
2026/09/17 21:04:24.198, 39, 3.38 W, 0 %, 103 MiB, 0x0000000000000001, Not Active, Not Active
2026/09/17 21:04:26.267, 39, 3.42 W, 0 %, 103 MiB, 0x0000000000000001, Not Active, Not Active
2026/09/17 21:04:28.335, 40, 3.37 W, 0 %, 103 MiB, 0x0000000000000001, Not Active, Not Active
2026/09/17 21:04:30.404, 40, 3.32 W, 0 %, 103 MiB, 0x0000000000000001, Not Active, Not Active
2026/09/17 21:04:32.478, 40, 3.64 W, 0 %, 103 MiB, 0x0000000000000001, Not Active, Not Active
2026/09/17 21:04:34.548, 39, 3.66 W, 0 %, 103 MiB, 0x0000000000000001, Not Active, Not Active
2026/09/17 21:04:36.616, 40, 3.48 W, 0 %, 103 MiB, 0x0000000000000001, Not Active, Not Active
2026/09/17 21:04:38.686, 39, 3.40 W, 0 %, 103 MiB, 0x0000000000000001, Not Active, Not Active
2026/09/17 21:04:40.753, 39, 3.53 W, 0 %, 103 MiB, 0x0000000000000001, Not Active, Not Active
2026/09/17 21:04:42.821, 39, 3.45 W, 0 %, 103 MiB, 0x0000000000000001, Not Active, Not Active
2026/09/17 21:04:44.891, 39, 3.40 W, 0 %, 103 MiB, 0x0000000000000001, Not Active, Not Active
2026/09/17 21:04:46.966, 39, 3.44 W, 0 %, 103 MiB, 0x0000000000000001, Not Active, Not Active
2026/09/17 21:04:49.036, 40, 3.67 W, 0 %, 103 MiB, 0x0000000000000001, Not Active, Not Active
2026/09/17 21:04:51.106, 40, 3.54 W, 0 %, 103 MiB, 0x0000000000000001, Not Active, Not Active
2026/09/17 21:04:53.174, 40, 3.56 W, 0 %, 103 MiB, 0x0000000000000001, Not Active, Not Active
2026/09/17 21:04:55.242, 39, 3.50 W, 0 %, 103 MiB, 0x0000000000000001, Not Active, Not Active
2026/09/17 21:04:57.310, 39, 3.61 W, 0 %, 103 MiB, 0x0000000000000001, Not Active, Not Active
2026/09/17 21:04:59.378, 40, 3.52 W, 0 %, 103 MiB, 0x0000000000000001, Not Active, Not Active
2026/09/17 21:05:01.448, 39, 3.41 W, 0 %, 103 MiB, 0x0000000000000001, Not Active, Not Active
2026/09/17 21:05:03.520, 39, 3.97 W, 0 %, 103 MiB, 0x0000000000000001, Not Active, Not Active
2026/09/17 21:05:05.591, 39, 3.76 W, 0 %, 103 MiB, 0x0000000000000001, Not Active, Not Active
2026/09/17 21:05:07.664, 39, 3.38 W, 0 %, 103 MiB, 0x0000000000000001, Not Active, Not Active
2026/09/17 21:05:09.737, 39, 3.37 W, 0 %, 103 MiB, 0x0000000000000001, Not Active, Not Active
2026/09/17 21:05:11.809, 39, 3.42 W, 0 %, 103 MiB, 0x0000000000000001, Not Active, Not Active
2026/09/17 21:05:13.877, 39, 3.40 W, 0 %, 103 MiB, 0x0000000000000001, Not Active, Not Active
2026/09/17 21:05:15.945, 39, 3.50 W, 0 %, 103 MiB, 0x0000000000000001, Not Active, Not Active
2026/09/17 21:05:18.016, 39, 3.49 W, 0 %, 103 MiB, 0x0000000000000001, Not Active, Not Active
2026/09/17 21:05:20.086, 39, 3.50 W, 0 %, 103 MiB, 0x0000000000000001, Not Active, Not Active
2026/09/17 21:05:22.154, 39, 3.46 W, 0 %, 103 MiB, 0x0000000000000001, Not Active, Not Active
2026/09/17 21:05:24.223, 39, 3.38 W, 0 %, 103 MiB, 0x0000000000000001, Not Active, Not Active
2026/09/17 21:05:26.291, 39, 3.37 W, 0 %, 103 MiB, 0x0000000000000001, Not Active, Not Active
2026/09/17 21:05:28.360, 39, 3.39 W, 0 %, 103 MiB, 0x0000000000000001, Not Active, Not Active
2026/09/17 21:05:30.427, 39, 3.42 W, 0 %, 103 MiB, 0x0000000000000001, Not Active, Not Active
2026/09/17 21:05:32.501, 39, 3.39 W, 0 %, 103 MiB, 0x0000000000000001, Not Active, Not Active
2026/09/17 21:05:34.570, 39, 3.60 W, 0 %, 103 MiB, 0x0000000000000001, Not Active, Not Active
2026/09/17 21:05:36.638, 39, 3.61 W, 0 %, 103 MiB, 0x0000000000000001, Not Active, Not Active
2026/09/17 21:05:38.704, 39, 3.41 W, 0 %, 103 MiB, 0x0000000000000001, Not Active, Not Active
2026/09/17 21:05:40.772, 39, 3.32 W, 0 %, 103 MiB, 0x0000000000000001, Not Active, Not Active
2026/09/17 21:05:42.840, 39, 3.44 W, 0 %, 103 MiB, 0x0000000000000001, Not Active, Not Active
2026/09/17 21:05:44.908, 39, 3.41 W, 0 %, 103 MiB, 0x0000000000000001, Not Active, Not Active
2026/09/17 21:05:46.975, 39, 3.37 W, 0 %, 103 MiB, 0x0000000000000001, Not Active, Not Active
2026/09/17 21:05:49.048, 39, 3.37 W, 0 %, 103 MiB, 0x0000000000000001, Not Active, Not Active
2026/09/17 21:05:51.114, 39, 3.47 W, 0 %, 103 MiB, 0x0000000000000001, Not Active, Not Active
2026/09/17 21:05:53.183, 39, 3.50 W, 0 %, 103 MiB, 0x0000000000000001, Not Active, Not Active
2026/09/17 21:05:55.250, 39, 3.45 W, 0 %, 103 MiB, 0x0000000000000001, Not Active, Not Active
2026/09/17 21:05:57.319, 39, 3.38 W, 0 %, 103 MiB, 0x0000000000000001, Not Active, Not Active
2026/09/17 21:05:59.386, 39, 3.41 W, 0 %, 103 MiB, 0x0000000000000001, Not Active, Not Active
2026/09/17 21:06:01.454, 39, 3.38 W, 0 %, 103 MiB, 0x0000000000000001, Not Active, Not Active
2026/09/17 21:06:03.533, 39, 3.44 W, 0 %, 103 MiB, 0x0000000000000001, Not Active, Not Active
2026/09/17 21:06:05.613, 39, 3.36 W, 0 %, 103 MiB, 0x0000000000000001, Not Active, Not Active
2026/09/17 21:06:07.696, 39, 3.37 W, 0 %, 103 MiB, 0x0000000000000001, Not Active, Not Active
2026/09/17 21:06:09.780, 39, 3.23 W, 0 %, 103 MiB, 0x0000000000000001, Not Active, Not Active
2026/09/17 21:06:11.847, 39, 3.50 W, 0 %, 103 MiB, 0x0000000000000001, Not Active, Not Active
2026/09/17 21:06:13.916, 39, 3.33 W, 0 %, 103 MiB, 0x0000000000000001, Not Active, Not Active
2026/09/17 21:06:15.985, 39, 3.33 W, 0 %, 103 MiB, 0x0000000000000001, Not Active, Not Active
2026/09/17 21:06:18.057, 39, 3.61 W, 0 %, 103 MiB, 0x0000000000000001, Not Active, Not Active
2026/09/17 21:06:20.125, 39, 3.38 W, 0 %, 103 MiB, 0x0000000000000001, Not Active, Not Active
2026/09/17 21:06:22.195, 39, 3.42 W, 0 %, 103 MiB, 0x0000000000000001, Not Active, Not Active
2026/09/17 21:06:24.264, 39, 3.44 W, 0 %, 103 MiB, 0x0000000000000001, Not Active, Not Active
2026/09/17 21:06:26.333, 39, 3.50 W, 0 %, 103 MiB, 0x0000000000000001, Not Active, Not Active
2026/09/17 21:06:28.401, 39, 3.51 W, 0 %, 103 MiB, 0x0000000000000001, Not Active, Not Active
2026/09/17 21:06:30.470, 39, 3.44 W, 0 %, 103 MiB, 0x0000000000000001, Not Active, Not Active
2026/09/17 21:06:32.544, 39, 3.65 W, 0 %, 103 MiB, 0x0000000000000001, Not Active, Not Active
2026/09/17 21:06:34.612, 39, 3.59 W, 0 %, 103 MiB, 0x0000000000000001, Not Active, Not Active
2026/09/17 21:06:36.681, 39, 3.67 W, 0 %, 103 MiB, 0x0000000000000001, Not Active, Not Active
2026/09/17 21:06:38.750, 39, 3.36 W, 0 %, 103 MiB, 0x0000000000000001, Not Active, Not Active
2026/09/17 21:06:40.819, 39, 3.36 W, 0 %, 103 MiB, 0x0000000000000001, Not Active, Not Active
2026/09/17 21:06:42.889, 39, 3.46 W, 0 %, 103 MiB, 0x0000000000000001, Not Active, Not Active
2026/09/17 21:06:44.956, 39, 3.52 W, 0 %, 103 MiB, 0x0000000000000001, Not Active, Not Active
2026/09/17 21:06:47.027, 39, 3.41 W, 0 %, 103 MiB, 0x0000000000000001, Not Active, Not Active
2026/09/17 21:06:49.096, 39, 3.63 W, 0 %, 103 MiB, 0x0000000000000001, Not Active, Not Active
2026/09/17 21:06:51.163, 39, 3.63 W, 0 %, 103 MiB, 0x0000000000000001, Not Active, Not Active
2026/09/17 21:06:53.231, 39, 3.43 W, 0 %, 103 MiB, 0x0000000000000001, Not Active, Not Active
2026/09/17 21:06:55.300, 39, 3.50 W, 0 %, 103 MiB, 0x0000000000000001, Not Active, Not Active
2026/09/17 21:06:57.367, 39, 3.43 W, 0 %, 103 MiB, 0x0000000000000001, Not Active, Not Active
2026/09/17 21:06:59.436, 39, 3.45 W, 0 %, 103 MiB, 0x0000000000000001, Not Active, Not Active
2026/09/17 21:07:01.503, 39, 3.39 W, 0 %, 103 MiB, 0x0000000000000001, Not Active, Not Active
2026/09/17 21:07:03.580, 39, 3.45 W, 0 %, 103 MiB, 0x0000000000000001, Not Active, Not Active
2026/09/17 21:07:05.658, 39, 3.68 W, 0 %, 103 MiB, 0x0000000000000001, Not Active, Not Active
2026/09/17 21:07:07.727, 39, 3.46 W, 0 %, 103 MiB, 0x0000000000000001, Not Active, Not Active
2026/09/17 21:07:09.794, 39, 3.45 W, 0 %, 103 MiB, 0x0000000000000001, Not Active, Not Active
2026/09/17 21:07:11.862, 39, 3.39 W, 0 %, 103 MiB, 0x0000000000000001, Not Active, Not Active
2026/09/17 21:07:13.930, 39, 3.49 W, 0 %, 103 MiB, 0x0000000000000001, Not Active, Not Active
2026/09/17 21:07:15.999, 39, 3.56 W, 0 %, 103 MiB, 0x0000000000000001, Not Active, Not Active
2026/09/17 21:07:18.071, 39, 3.40 W, 0 %, 103 MiB, 0x0000000000000001, Not Active, Not Active
2026/09/17 21:07:20.139, 39, 3.67 W, 0 %, 103 MiB, 0x0000000000000001, Not Active, Not Active
2026/09/17 21:07:22.208, 39, 3.54 W, 0 %, 103 MiB, 0x0000000000000001, Not Active, Not Active
2026/09/17 21:07:24.276, 39, 3.41 W, 0 %, 103 MiB, 0x0000000000000001, Not Active, Not Active
2026/09/17 21:07:26.345, 39, 3.50 W, 0 %, 103 MiB, 0x0000000000000001, Not Active, Not Active
2026/09/17 21:07:28.412, 39, 3.42 W, 0 %, 103 MiB, 0x0000000000000001, Not Active, Not Active
2026/09/17 21:07:30.480, 39, 3.38 W, 0 %, 103 MiB, 0x0000000000000001, Not Active, Not Active
2026/09/17 21:07:32.551, 39, 3.48 W, 0 %, 103 MiB, 0x0000000000000001, Not Active, Not Active
2026/09/17 21:07:34.619, 39, 3.43 W, 0 %, 103 MiB, 0x0000000000000001, Not Active, Not Active
2026/09/17 21:07:36.687, 39, 3.43 W, 0 %, 103 MiB, 0x0000000000000001, Not Active, Not Active
2026/09/17 21:07:38.755, 39, 3.46 W, 0 %, 103 MiB, 0x0000000000000001, Not Active, Not Active
2026/09/17 21:07:40.823, 39, 3.43 W, 0 %, 103 MiB, 0x0000000000000001, Not Active, Not Active
2026/09/17 21:07:42.891, 39, 3.37 W, 0 %, 103 MiB, 0x0000000000000001, Not Active, Not Active
2026/09/17 21:07:44.960, 39, 3.41 W, 0 %, 103 MiB, 0x0000000000000001, Not Active, Not Active
2026/09/17 21:07:47.027, 39, 3.43 W, 0 %, 103 MiB, 0x0000000000000001, Not Active, Not Active
2026/09/17 21:07:49.099, 39, 3.54 W, 0 %, 103 MiB, 0x0000000000000001, Not Active, Not Active
2026/09/17 21:07:51.168, 39, 3.42 W, 0 %, 103 MiB, 0x0000000000000001, Not Active, Not Active
2026/09/17 21:07:53.236, 39, 3.45 W, 0 %, 103 MiB, 0x0000000000000001, Not Active, Not Active
2026/09/17 21:07:55.304, 39, 3.40 W, 0 %, 103 MiB, 0x0000000000000001, Not Active, Not Active
2026/09/17 21:07:57.372, 39, 3.44 W, 0 %, 103 MiB, 0x0000000000000001, Not Active, Not Active
2026/09/17 21:07:59.439, 39, 3.51 W, 0 %, 103 MiB, 0x0000000000000001, Not Active, Not Active
2026/09/17 21:08:01.509, 39, 3.40 W, 0 %, 103 MiB, 0x0000000000000001, Not Active, Not Active
2026/09/17 21:08:03.592, 39, 3.62 W, 0 %, 103 MiB, 0x0000000000000001, Not Active, Not Active
2026/09/17 21:08:05.664, 39, 3.68 W, 0 %, 103 MiB, 0x0000000000000001, Not Active, Not Active
2026/09/17 21:08:07.736, 39, 3.46 W, 0 %, 103 MiB, 0x0000000000000001, Not Active, Not Active
2026/09/17 21:08:09.808, 39, 3.47 W, 0 %, 103 MiB, 0x0000000000000001, Not Active, Not Active
2026/09/17 21:08:11.882, 39, 3.41 W, 0 %, 103 MiB, 0x0000000000000001, Not Active, Not Active
2026/09/17 21:08:13.950, 39, 3.47 W, 0 %, 103 MiB, 0x0000000000000001, Not Active, Not Active
2026/09/17 21:08:16.017, 39, 3.50 W, 0 %, 103 MiB, 0x0000000000000001, Not Active, Not Active
2026/09/17 21:08:18.089, 39, 3.58 W, 0 %, 103 MiB, 0x0000000000000001, Not Active, Not Active
2026/09/17 21:08:20.157, 39, 3.46 W, 0 %, 103 MiB, 0x0000000000000001, Not Active, Not Active
2026/09/17 21:08:22.227, 39, 3.29 W, 0 %, 103 MiB, 0x0000000000000001, Not Active, Not Active
2026/09/17 21:08:24.294, 39, 3.61 W, 0 %, 103 MiB, 0x0000000000000001, Not Active, Not Active
2026/09/17 21:08:26.365, 39, 3.34 W, 0 %, 103 MiB, 0x0000000000000001, Not Active, Not Active
2026/09/17 21:08:28.433, 39, 3.51 W, 0 %, 103 MiB, 0x0000000000000001, Not Active, Not Active
2026/09/17 21:08:30.501, 39, 3.43 W, 0 %, 103 MiB, 0x0000000000000001, Not Active, Not Active
2026/09/17 21:08:32.571, 39, 3.32 W, 0 %, 103 MiB, 0x0000000000000001, Not Active, Not Active
2026/09/17 21:08:34.640, 39, 3.61 W, 0 %, 103 MiB, 0x0000000000000001, Not Active, Not Active
2026/09/17 21:08:36.707, 39, 3.54 W, 0 %, 103 MiB, 0x0000000000000001, Not Active, Not Active
2026/09/17 21:08:38.775, 39, 3.34 W, 0 %, 103 MiB, 0x0000000000000001, Not Active, Not Active
2026/09/17 21:08:40.844, 39, 3.35 W, 0 %, 103 MiB, 0x0000000000000001, Not Active, Not Active
2026/09/17 21:08:42.912, 39, 3.40 W, 0 %, 103 MiB, 0x0000000000000001, Not Active, Not Active
2026/09/17 21:08:44.980, 39, 3.33 W, 0 %, 103 MiB, 0x0000000000000001, Not Active, Not Active
2026/09/17 21:08:47.050, 39, 3.44 W, 0 %, 103 MiB, 0x0000000000000001, Not Active, Not Active
2026/09/17 21:08:49.121, 39, 3.45 W, 0 %, 103 MiB, 0x0000000000000001, Not Active, Not Active
2026/09/17 21:08:51.189, 39, 3.59 W, 0 %, 103 MiB, 0x0000000000000001, Not Active, Not Active
2026/09/17 21:08:53.258, 39, 3.46 W, 0 %, 103 MiB, 0x0000000000000001, Not Active, Not Active
2026/09/17 21:08:55.326, 39, 3.41 W, 0 %, 103 MiB, 0x0000000000000001, Not Active, Not Active
2026/09/17 21:08:57.394, 39, 3.34 W, 0 %, 103 MiB, 0x0000000000000001, Not Active, Not Active
2026/09/17 21:08:59.463, 39, 3.36 W, 0 %, 103 MiB, 0x0000000000000001, Not Active, Not Active
2026/09/17 21:09:01.530, 39, 3.54 W, 0 %, 103 MiB, 0x0000000000000001, Not Active, Not Active
2026/09/17 21:09:03.614, 39, 3.36 W, 0 %, 103 MiB, 0x0000000000000001, Not Active, Not Active
2026/09/17 21:09:05.696, 39, 3.54 W, 0 %, 103 MiB, 0x0000000000000001, Not Active, Not Active
2026/09/17 21:09:07.782, 39, 3.37 W, 0 %, 103 MiB, 0x0000000000000001, Not Active, Not Active
2026/09/17 21:09:09.851, 39, 3.44 W, 0 %, 103 MiB, 0x0000000000000001, Not Active, Not Active
2026/09/17 21:09:11.918, 39, 3.51 W, 0 %, 103 MiB, 0x0000000000000001, Not Active, Not Active
2026/09/17 21:09:13.986, 39, 3.39 W, 0 %, 103 MiB, 0x0000000000000001, Not Active, Not Active
2026/09/17 21:09:16.054, 39, 3.33 W, 0 %, 103 MiB, 0x0000000000000001, Not Active, Not Active
2026/09/17 21:09:18.126, 39, 3.53 W, 0 %, 103 MiB, 0x0000000000000001, Not Active, Not Active
2026/09/17 21:09:20.195, 39, 3.41 W, 0 %, 103 MiB, 0x0000000000000001, Not Active, Not Active
2026/09/17 21:09:22.264, 39, 3.26 W, 0 %, 103 MiB, 0x0000000000000001, Not Active, Not Active
2026/09/17 21:09:24.332, 39, 3.39 W, 0 %, 103 MiB, 0x0000000000000001, Not Active, Not Active
2026/09/17 21:09:26.399, 39, 3.35 W, 0 %, 103 MiB, 0x0000000000000001, Not Active, Not Active
2026/09/17 21:09:28.467, 39, 3.34 W, 0 %, 103 MiB, 0x0000000000000001, Not Active, Not Active
2026/09/17 21:09:30.536, 39, 3.41 W, 0 %, 103 MiB, 0x0000000000000001, Not Active, Not Active
2026/09/17 21:09:32.607, 39, 3.58 W, 0 %, 103 MiB, 0x0000000000000001, Not Active, Not Active
2026/09/17 21:09:34.677, 39, 3.52 W, 0 %, 103 MiB, 0x0000000000000001, Not Active, Not Active
2026/09/17 21:09:36.746, 39, 3.32 W, 0 %, 103 MiB, 0x0000000000000001, Not Active, Not Active
2026/09/17 21:09:38.814, 39, 3.33 W, 0 %, 103 MiB, 0x0000000000000001, Not Active, Not Active
2026/09/17 21:09:40.883, 39, 3.37 W, 0 %, 103 MiB, 0x0000000000000001, Not Active, Not Active
2026/09/17 21:09:42.951, 39, 3.41 W, 0 %, 103 MiB, 0x0000000000000001, Not Active, Not Active
2026/09/17 21:09:45.022, 39, 3.46 W, 0 %, 103 MiB, 0x0000000000000001, Not Active, Not Active
2026/09/17 21:09:47.090, 39, 3.41 W, 0 %, 103 MiB, 0x0000000000000001, Not Active, Not Active
2026/09/17 21:09:49.162, 39, 3.55 W, 0 %, 103 MiB, 0x0000000000000001, Not Active, Not Active
2026/09/17 21:09:51.230, 39, 3.48 W, 0 %, 103 MiB, 0x0000000000000001, Not Active, Not Active
2026/09/17 21:09:53.299, 39, 3.47 W, 0 %, 103 MiB, 0x0000000000000001, Not Active, Not Active
2026/09/17 21:09:55.366, 39, 3.38 W, 0 %, 103 MiB, 0x0000000000000001, Not Active, Not Active
2026/09/17 21:09:57.435, 39, 3.65 W, 0 %, 103 MiB, 0x0000000000000001, Not Active, Not Active
2026/09/17 21:09:59.506, 39, 3.33 W, 0 %, 103 MiB, 0x0000000000000001, Not Active, Not Active
2026/09/17 21:10:01.575, 39, 3.37 W, 0 %, 103 MiB, 0x0000000000000001, Not Active, Not Active
2026/09/17 21:10:03.663, 39, 3.65 W, 0 %, 103 MiB, 0x0000000000000001, Not Active, Not Active
2026/09/17 21:10:05.748, 39, 3.58 W, 0 %, 103 MiB, 0x0000000000000001, Not Active, Not Active
2026/09/17 21:10:07.817, 39, 3.43 W, 0 %, 103 MiB, 0x0000000000000001, Not Active, Not Active
2026/09/17 21:10:09.885, 39, 3.36 W, 0 %, 103 MiB, 0x0000000000000001, Not Active, Not Active
2026/09/17 21:10:11.952, 39, 3.45 W, 0 %, 103 MiB, 0x0000000000000001, Not Active, Not Active
2026/09/17 21:10:14.023, 39, 3.40 W, 0 %, 103 MiB, 0x0000000000000001, Not Active, Not Active
2026/09/17 21:10:16.091, 39, 3.29 W, 0 %, 103 MiB, 0x0000000000000001, Not Active, Not Active
2026/09/17 21:10:18.163, 39, 3.35 W, 0 %, 103 MiB, 0x0000000000000001, Not Active, Not Active
2026/09/17 21:10:20.231, 39, 3.59 W, 0 %, 103 MiB, 0x0000000000000001, Not Active, Not Active
2026/09/17 21:10:22.299, 39, 3.38 W, 0 %, 103 MiB, 0x0000000000000001, Not Active, Not Active
2026/09/17 21:10:24.367, 39, 3.31 W, 0 %, 103 MiB, 0x0000000000000001, Not Active, Not Active
2026/09/17 21:10:26.436, 39, 3.47 W, 0 %, 103 MiB, 0x0000000000000001, Not Active, Not Active
2026/09/17 21:10:28.504, 39, 3.38 W, 0 %, 103 MiB, 0x0000000000000001, Not Active, Not Active
2026/09/17 21:10:30.572, 39, 3.31 W, 0 %, 103 MiB, 0x0000000000000001, Not Active, Not Active
2026/09/17 21:10:32.640, 39, 3.46 W, 0 %, 103 MiB, 0x0000000000000001, Not Active, Not Active
2026/09/17 21:10:34.708, 39, 3.55 W, 0 %, 103 MiB, 0x0000000000000001, Not Active, Not Active
2026/09/17 21:10:36.777, 39, 3.52 W, 0 %, 103 MiB, 0x0000000000000001, Not Active, Not Active
2026/09/17 21:10:38.845, 39, 3.33 W, 0 %, 103 MiB, 0x0000000000000001, Not Active, Not Active
2026/09/17 21:10:40.912, 39, 3.30 W, 0 %, 103 MiB, 0x0000000000000001, Not Active, Not Active
2026/09/17 21:10:42.980, 39, 3.33 W, 0 %, 103 MiB, 0x0000000000000001, Not Active, Not Active
2026/09/17 21:10:45.048, 39, 3.45 W, 0 %, 103 MiB, 0x0000000000000001, Not Active, Not Active
2026/09/17 21:10:47.115, 39, 3.26 W, 0 %, 103 MiB, 0x0000000000000001, Not Active, Not Active
2026/09/17 21:10:49.188, 39, 3.37 W, 0 %, 103 MiB, 0x0000000000000001, Not Active, Not Active
2026/09/17 21:10:51.256, 39, 3.52 W, 0 %, 103 MiB, 0x0000000000000001, Not Active, Not Active
2026/09/17 21:10:53.323, 39, 3.33 W, 0 %, 103 MiB, 0x0000000000000001, Not Active, Not Active
2026/09/17 21:10:55.393, 39, 3.32 W, 0 %, 103 MiB, 0x0000000000000001, Not Active, Not Active
2026/09/17 21:10:57.461, 39, 3.40 W, 0 %, 103 MiB, 0x0000000000000001, Not Active, Not Active
2026/09/17 21:10:59.530, 39, 3.36 W, 0 %, 103 MiB, 0x0000000000000001, Not Active, Not Active
2026/09/17 21:11:01.598, 39, 3.35 W, 0 %, 103 MiB, 0x0000000000000001, Not Active, Not Active
2026/09/17 21:11:03.674, 39, 3.41 W, 0 %, 103 MiB, 0x0000000000000001, Not Active, Not Active
2026/09/17 21:11:05.743, 39, 3.60 W, 0 %, 103 MiB, 0x0000000000000001, Not Active, Not Active
2026/09/17 21:11:07.816, 39, 3.61 W, 0 %, 103 MiB, 0x0000000000000001, Not Active, Not Active
2026/09/17 21:11:09.888, 39, 3.35 W, 0 %, 103 MiB, 0x0000000000000001, Not Active, Not Active
2026/09/17 21:11:11.956, 39, 3.35 W, 0 %, 103 MiB, 0x0000000000000001, Not Active, Not Active
2026/09/17 21:11:14.026, 39, 3.43 W, 0 %, 103 MiB, 0x0000000000000001, Not Active, Not Active
2026/09/17 21:11:16.094, 39, 3.50 W, 0 %, 103 MiB, 0x0000000000000001, Not Active, Not Active
2026/09/17 21:11:18.161, 39, 3.32 W, 0 %, 103 MiB, 0x0000000000000001, Not Active, Not Active
2026/09/17 21:11:20.234, 39, 3.36 W, 0 %, 103 MiB, 0x0000000000000001, Not Active, Not Active
2026/09/17 21:11:22.303, 39, 3.76 W, 0 %, 103 MiB, 0x0000000000000001, Not Active, Not Active
2026/09/17 21:11:24.371, 39, 3.41 W, 0 %, 103 MiB, 0x0000000000000001, Not Active, Not Active
2026/09/17 21:11:26.439, 39, 3.50 W, 0 %, 103 MiB, 0x0000000000000001, Not Active, Not Active
2026/09/17 21:11:28.507, 39, 3.47 W, 0 %, 103 MiB, 0x0000000000000001, Not Active, Not Active
2026/09/17 21:11:30.575, 39, 3.58 W, 0 %, 103 MiB, 0x0000000000000001, Not Active, Not Active
2026/09/17 21:11:32.646, 39, 3.49 W, 0 %, 103 MiB, 0x0000000000000001, Not Active, Not Active
2026/09/17 21:11:34.721, 39, 3.54 W, 0 %, 103 MiB, 0x0000000000000001, Not Active, Not Active
2026/09/17 21:11:36.790, 39, 3.33 W, 0 %, 103 MiB, 0x0000000000000001, Not Active, Not Active
2026/09/17 21:11:38.859, 39, 3.36 W, 0 %, 103 MiB, 0x0000000000000001, Not Active, Not Active
2026/09/17 21:11:40.928, 39, 3.45 W, 0 %, 103 MiB, 0x0000000000000001, Not Active, Not Active
2026/09/17 21:11:42.995, 39, 3.42 W, 0 %, 103 MiB, 0x0000000000000001, Not Active, Not Active
2026/09/17 21:11:45.063, 39, 3.35 W, 0 %, 103 MiB, 0x0000000000000001, Not Active, Not Active
2026/09/17 21:11:47.133, 39, 3.44 W, 0 %, 103 MiB, 0x0000000000000001, Not Active, Not Active
2026/09/17 21:11:49.203, 39, 3.39 W, 0 %, 103 MiB, 0x0000000000000001, Not Active, Not Active
2026/09/17 21:11:51.271, 39, 3.48 W, 0 %, 103 MiB, 0x0000000000000001, Not Active, Not Active
2026/09/17 21:11:53.340, 39, 3.39 W, 0 %, 103 MiB, 0x0000000000000001, Not Active, Not Active
2026/09/17 21:11:55.409, 39, 3.32 W, 0 %, 103 MiB, 0x0000000000000001, Not Active, Not Active
2026/09/17 21:11:57.478, 39, 3.32 W, 0 %, 103 MiB, 0x0000000000000001, Not Active, Not Active
2026/09/17 21:11:59.547, 39, 3.37 W, 0 %, 103 MiB, 0x0000000000000001, Not Active, Not Active
2026/09/17 21:12:01.617, 39, 3.40 W, 0 %, 103 MiB, 0x0000000000000001, Not Active, Not Active
2026/09/17 21:12:03.694, 39, 3.28 W, 0 %, 103 MiB, 0x0000000000000001, Not Active, Not Active
2026/09/17 21:12:05.786, 39, 3.74 W, 0 %, 103 MiB, 0x0000000000000001, Not Active, Not Active
2026/09/17 21:12:07.870, 39, 3.42 W, 0 %, 103 MiB, 0x0000000000000001, Not Active, Not Active
2026/09/17 21:12:09.938, 39, 3.44 W, 0 %, 103 MiB, 0x0000000000000001, Not Active, Not Active
2026/09/17 21:12:12.006, 39, 3.30 W, 0 %, 103 MiB, 0x0000000000000001, Not Active, Not Active
2026/09/17 21:12:14.076, 39, 3.40 W, 0 %, 103 MiB, 0x0000000000000001, Not Active, Not Active
2026/09/17 21:12:16.143, 39, 3.44 W, 0 %, 103 MiB, 0x0000000000000001, Not Active, Not Active
2026/09/17 21:12:18.212, 39, 3.39 W, 0 %, 103 MiB, 0x0000000000000001, Not Active, Not Active
2026/09/17 21:12:20.285, 39, 3.52 W, 0 %, 103 MiB, 0x0000000000000001, Not Active, Not Active
2026/09/17 21:12:22.353, 39, 3.42 W, 0 %, 103 MiB, 0x0000000000000001, Not Active, Not Active
2026/09/17 21:12:24.421, 39, 3.47 W, 0 %, 103 MiB, 0x0000000000000001, Not Active, Not Active
2026/09/17 21:12:26.491, 39, 3.33 W, 0 %, 103 MiB, 0x0000000000000001, Not Active, Not Active
2026/09/17 21:12:28.558, 39, 3.35 W, 0 %, 103 MiB, 0x0000000000000001, Not Active, Not Active
2026/09/17 21:12:30.626, 39, 3.41 W, 0 %, 103 MiB, 0x0000000000000001, Not Active, Not Active
2026/09/17 21:12:32.695, 39, 3.43 W, 0 %, 103 MiB, 0x0000000000000001, Not Active, Not Active
2026/09/17 21:12:34.769, 39, 3.57 W, 0 %, 103 MiB, 0x0000000000000001, Not Active, Not Active
2026/09/17 21:12:36.837, 39, 3.60 W, 0 %, 103 MiB, 0x0000000000000001, Not Active, Not Active
2026/09/17 21:12:38.907, 39, 3.32 W, 0 %, 103 MiB, 0x0000000000000001, Not Active, Not Active
2026/09/17 21:12:40.973, 39, 3.31 W, 0 %, 103 MiB, 0x0000000000000001, Not Active, Not Active
2026/09/17 21:12:43.041, 39, 3.46 W, 0 %, 103 MiB, 0x0000000000000001, Not Active, Not Active
2026/09/17 21:12:45.110, 39, 3.37 W, 0 %, 103 MiB, 0x0000000000000001, Not Active, Not Active
2026/09/17 21:12:47.178, 39, 3.32 W, 0 %, 103 MiB, 0x0000000000000001, Not Active, Not Active
2026/09/17 21:12:49.248, 39, 3.44 W, 0 %, 103 MiB, 0x0000000000000001, Not Active, Not Active
2026/09/17 21:12:51.317, 39, 3.47 W, 0 %, 103 MiB, 0x0000000000000001, Not Active, Not Active
2026/09/17 21:12:53.387, 39, 3.54 W, 0 %, 103 MiB, 0x0000000000000001, Not Active, Not Active
2026/09/17 21:12:55.455, 39, 3.53 W, 0 %, 103 MiB, 0x0000000000000001, Not Active, Not Active
2026/09/17 21:12:57.522, 39, 3.39 W, 0 %, 103 MiB, 0x0000000000000001, Not Active, Not Active
2026/09/17 21:12:59.593, 39, 3.34 W, 0 %, 103 MiB, 0x0000000000000001, Not Active, Not Active
2026/09/17 21:13:01.661, 39, 3.40 W, 0 %, 103 MiB, 0x0000000000000001, Not Active, Not Active
2026/09/17 21:13:03.739, 39, 3.55 W, 0 %, 103 MiB, 0x0000000000000001, Not Active, Not Active
2026/09/17 21:13:05.817, 39, 3.59 W, 0 %, 103 MiB, 0x0000000000000001, Not Active, Not Active
2026/09/17 21:13:07.888, 39, 3.60 W, 0 %, 103 MiB, 0x0000000000000001, Not Active, Not Active
2026/09/17 21:13:09.960, 39, 3.34 W, 0 %, 103 MiB, 0x0000000000000001, Not Active, Not Active
2026/09/17 21:13:12.033, 39, 3.41 W, 0 %, 103 MiB, 0x0000000000000001, Not Active, Not Active
2026/09/17 21:13:14.101, 39, 3.34 W, 0 %, 103 MiB, 0x0000000000000001, Not Active, Not Active
2026/09/17 21:13:16.170, 39, 3.38 W, 0 %, 103 MiB, 0x0000000000000001, Not Active, Not Active
2026/09/17 21:13:18.237, 39, 3.44 W, 0 %, 103 MiB, 0x0000000000000001, Not Active, Not Active
2026/09/17 21:13:20.310, 39, 3.40 W, 0 %, 103 MiB, 0x0000000000000001, Not Active, Not Active
2026/09/17 21:13:22.379, 39, 3.53 W, 0 %, 103 MiB, 0x0000000000000001, Not Active, Not Active
2026/09/17 21:13:24.447, 39, 3.38 W, 0 %, 103 MiB, 0x0000000000000001, Not Active, Not Active
2026/09/17 21:13:26.514, 39, 3.35 W, 0 %, 103 MiB, 0x0000000000000001, Not Active, Not Active
2026/09/17 21:13:28.583, 39, 3.27 W, 0 %, 103 MiB, 0x0000000000000001, Not Active, Not Active
2026/09/17 21:13:30.651, 39, 3.34 W, 0 %, 103 MiB, 0x0000000000000001, Not Active, Not Active
2026/09/17 21:13:32.719, 39, 3.38 W, 0 %, 103 MiB, 0x0000000000000001, Not Active, Not Active
2026/09/17 21:13:34.792, 39, 3.35 W, 0 %, 103 MiB, 0x0000000000000001, Not Active, Not Active
2026/09/17 21:13:36.860, 39, 3.58 W, 0 %, 103 MiB, 0x0000000000000001, Not Active, Not Active
2026/09/17 21:13:38.928, 39, 3.60 W, 0 %, 103 MiB, 0x0000000000000001, Not Active, Not Active
2026/09/17 21:13:40.997, 39, 3.32 W, 0 %, 103 MiB, 0x0000000000000001, Not Active, Not Active
2026/09/17 21:13:43.064, 39, 3.37 W, 0 %, 103 MiB, 0x0000000000000001, Not Active, Not Active
2026/09/17 21:13:45.134, 39, 3.38 W, 0 %, 103 MiB, 0x0000000000000001, Not Active, Not Active
2026/09/17 21:13:47.202, 39, 3.32 W, 0 %, 103 MiB, 0x0000000000000001, Not Active, Not Active
2026/09/17 21:13:49.270, 39, 3.37 W, 0 %, 103 MiB, 0x0000000000000001, Not Active, Not Active
2026/09/17 21:13:51.343, 39, 3.43 W, 0 %, 103 MiB, 0x0000000000000001, Not Active, Not Active
2026/09/17 21:13:53.413, 39, 3.33 W, 0 %, 103 MiB, 0x0000000000000001, Not Active, Not Active
2026/09/17 21:13:55.479, 39, 3.34 W, 0 %, 103 MiB, 0x0000000000000001, Not Active, Not Active
2026/09/17 21:13:57.547, 39, 3.38 W, 0 %, 103 MiB, 0x0000000000000001, Not Active, Not Active
2026/09/17 21:13:59.616, 39, 3.35 W, 0 %, 103 MiB, 0x0000000000000001, Not Active, Not Active
2026/09/17 21:14:01.683, 39, 3.40 W, 0 %, 103 MiB, 0x0000000000000001, Not Active, Not Active
2026/09/17 21:14:03.756, 39, 3.35 W, 0 %, 103 MiB, 0x0000000000000001, Not Active, Not Active
2026/09/17 21:14:05.842, 39, 3.76 W, 0 %, 103 MiB, 0x0000000000000001, Not Active, Not Active
2026/09/17 21:14:07.925, 39, 3.34 W, 0 %, 103 MiB, 0x0000000000000001, Not Active, Not Active
2026/09/17 21:14:10.009, 39, 3.34 W, 0 %, 103 MiB, 0x0000000000000001, Not Active, Not Active
2026/09/17 21:14:12.076, 39, 3.34 W, 0 %, 103 MiB, 0x0000000000000001, Not Active, Not Active
2026/09/17 21:14:14.145, 39, 3.34 W, 0 %, 103 MiB, 0x0000000000000001, Not Active, Not Active
2026/09/17 21:14:16.214, 39, 3.35 W, 0 %, 103 MiB, 0x0000000000000001, Not Active, Not Active
2026/09/17 21:14:18.282, 39, 3.38 W, 0 %, 103 MiB, 0x0000000000000001, Not Active, Not Active
2026/09/17 21:14:20.354, 39, 3.59 W, 0 %, 103 MiB, 0x0000000000000001, Not Active, Not Active
2026/09/17 21:14:22.422, 39, 3.43 W, 0 %, 103 MiB, 0x0000000000000001, Not Active, Not Active
2026/09/17 21:14:24.490, 39, 3.39 W, 0 %, 103 MiB, 0x0000000000000001, Not Active, Not Active
2026/09/17 21:14:26.561, 39, 3.31 W, 0 %, 103 MiB, 0x0000000000000001, Not Active, Not Active
2026/09/17 21:14:28.629, 39, 3.37 W, 0 %, 103 MiB, 0x0000000000000001, Not Active, Not Active
2026/09/17 21:14:30.697, 39, 3.38 W, 0 %, 103 MiB, 0x0000000000000001, Not Active, Not Active
2026/09/17 21:14:32.765, 39, 3.50 W, 0 %, 103 MiB, 0x0000000000000001, Not Active, Not Active
2026/09/17 21:14:34.839, 39, 3.64 W, 0 %, 103 MiB, 0x0000000000000001, Not Active, Not Active
2026/09/17 21:14:36.907, 39, 3.54 W, 0 %, 103 MiB, 0x0000000000000001, Not Active, Not Active
2026/09/17 21:14:38.977, 39, 3.40 W, 0 %, 103 MiB, 0x0000000000000001, Not Active, Not Active
2026/09/17 21:14:41.045, 39, 3.43 W, 0 %, 103 MiB, 0x0000000000000001, Not Active, Not Active
2026/09/17 21:14:43.112, 39, 3.39 W, 0 %, 103 MiB, 0x0000000000000001, Not Active, Not Active
2026/09/17 21:14:45.180, 39, 3.36 W, 0 %, 103 MiB, 0x0000000000000001, Not Active, Not Active
2026/09/17 21:14:47.249, 39, 3.39 W, 0 %, 103 MiB, 0x0000000000000001, Not Active, Not Active
2026/09/17 21:14:49.320, 39, 3.36 W, 0 %, 103 MiB, 0x0000000000000001, Not Active, Not Active
2026/09/17 21:14:51.388, 39, 3.56 W, 0 %, 103 MiB, 0x0000000000000001, Not Active, Not Active
2026/09/17 21:14:53.455, 39, 3.53 W, 0 %, 103 MiB, 0x0000000000000001, Not Active, Not Active
2026/09/17 21:14:55.525, 39, 3.40 W, 0 %, 103 MiB, 0x0000000000000001, Not Active, Not Active
2026/09/17 21:14:57.593, 40, 21.79 W, 0 %, 176 MiB, 0x0000000000000000, Not Active, Not Active
2026/09/17 21:14:59.633, 41, 21.04 W, 0 %, 176 MiB, 0x0000000000000000, Not Active, Not Active
2026/09/17 21:15:01.672, 41, 21.10 W, 0 %, 176 MiB, 0x0000000000000000, Not Active, Not Active
2026/09/17 21:15:03.712, 41, 20.95 W, 0 %, 176 MiB, 0x0000000000000000, Not Active, Not Active
2026/09/17 21:15:05.749, 42, 20.92 W, 0 %, 176 MiB, 0x0000000000000000, Not Active, Not Active
2026/09/17 21:15:07.787, 42, 21.12 W, 0 %, 176 MiB, 0x0000000000000000, Not Active, Not Active
2026/09/17 21:15:09.829, 43, 29.77 W, 10 %, 4536 MiB, 0x0000000000000000, Not Active, Not Active
2026/09/17 21:15:11.862, 42, 21.29 W, 0 %, 4536 MiB, 0x0000000000000000, Not Active, Not Active
2026/09/17 21:15:13.900, 43, 21.35 W, 0 %, 4536 MiB, 0x0000000000000000, Not Active, Not Active
2026/09/17 21:15:15.939, 43, 21.35 W, 3 %, 4544 MiB, 0x0000000000000000, Not Active, Not Active
2026/09/17 21:15:17.980, 43, 21.42 W, 0 %, 4544 MiB, 0x0000000000000000, Not Active, Not Active
2026/09/17 21:15:20.018, 43, 21.41 W, 0 %, 4558 MiB, 0x0000000000000000, Not Active, Not Active
2026/09/17 21:15:22.058, 43, 21.32 W, 0 %, 4558 MiB, 0x0000000000000000, Not Active, Not Active
2026/09/17 21:15:24.096, 43, 21.39 W, 0 %, 4558 MiB, 0x0000000000000000, Not Active, Not Active
2026/09/17 21:15:26.133, 43, 21.50 W, 0 %, 4558 MiB, 0x0000000000000000, Not Active, Not Active
2026/09/17 21:15:28.173, 44, 21.41 W, 0 %, 4558 MiB, 0x0000000000000000, Not Active, Not Active
2026/09/17 21:15:30.212, 44, 21.42 W, 0 %, 4558 MiB, 0x0000000000000000, Not Active, Not Active
2026/09/17 21:15:32.251, 45, 30.10 W, 35 %, 4558 MiB, 0x0000000000000000, Not Active, Not Active
2026/09/17 21:15:34.286, 45, 32.88 W, 33 %, 4558 MiB, 0x0000000000000000, Not Active, Not Active
2026/09/17 21:15:36.321, 46, 31.02 W, 55 %, 4558 MiB, 0x0000000000000000, Not Active, Not Active
2026/09/17 21:15:38.357, 46, 27.35 W, 16 %, 4558 MiB, 0x0000000000000000, Not Active, Not Active
2026/09/17 21:15:40.397, 46, 22.92 W, 17 %, 4558 MiB, 0x0000000000000000, Not Active, Not Active
2026/09/17 21:15:42.436, 49, 44.14 W, 86 %, 4560 MiB, 0x0000000000000000, Not Active, Not Active
2026/09/17 21:15:44.472, 49, 43.94 W, 76 %, 4560 MiB, 0x0000000000000000, Not Active, Not Active
2026/09/17 21:15:46.507, 50, 48.66 W, 77 %, 4584 MiB, 0x0000000000000000, Not Active, Not Active
2026/09/17 21:15:48.543, 50, 47.71 W, 94 %, 4584 MiB, 0x0000000000000000, Not Active, Not Active
2026/09/17 21:15:50.577, 50, 48.28 W, 90 %, 4584 MiB, 0x0000000000000000, Not Active, Not Active
2026/09/17 21:15:52.611, 51, 51.58 W, 97 %, 4584 MiB, 0x0000000000000000, Not Active, Not Active
2026/09/17 21:15:54.646, 52, 33.43 W, 100 %, 4584 MiB, 0x0000000000000000, Not Active, Not Active
2026/09/17 21:15:56.682, 50, 28.95 W, 17 %, 4584 MiB, 0x0000000000000000, Not Active, Not Active
2026/09/17 21:15:58.723, 49, 27.17 W, 21 %, 4584 MiB, 0x0000000000000000, Not Active, Not Active
2026/09/17 21:16:00.763, 49, 24.78 W, 19 %, 4584 MiB, 0x0000000000000000, Not Active, Not Active
2026/09/17 21:16:02.803, 51, 43.30 W, 89 %, 4584 MiB, 0x0000000000000000, Not Active, Not Active
2026/09/17 21:16:04.842, 52, 48.31 W, 91 %, 4584 MiB, 0x0000000000000000, Not Active, Not Active
2026/09/17 21:16:06.878, 53, 48.12 W, 95 %, 4584 MiB, 0x0000000000000000, Not Active, Not Active
2026/09/17 21:16:08.915, 53, 50.12 W, 95 %, 4584 MiB, 0x0000000000000000, Not Active, Not Active
2026/09/17 21:16:10.951, 54, 51.42 W, 97 %, 4584 MiB, 0x0000000000000000, Not Active, Not Active
2026/09/17 21:16:12.989, 54, 37.85 W, 100 %, 4584 MiB, 0x0000000000000000, Not Active, Not Active
2026/09/17 21:16:15.024, 52, 29.40 W, 15 %, 4584 MiB, 0x0000000000000000, Not Active, Not Active
2026/09/17 21:16:17.064, 52, 29.38 W, 20 %, 4584 MiB, 0x0000000000000000, Not Active, Not Active
2026/09/17 21:16:19.106, 51, 22.18 W, 20 %, 4584 MiB, 0x0000000000000000, Not Active, Not Active
2026/09/17 21:16:21.144, 51, 22.23 W, 0 %, 4584 MiB, 0x0000000000000000, Not Active, Not Active
2026/09/17 21:16:23.183, 54, 46.68 W, 95 %, 4584 MiB, 0x0000000000000000, Not Active, Not Active
2026/09/17 21:16:25.218, 54, 51.43 W, 94 %, 4584 MiB, 0x0000000000000000, Not Active, Not Active
2026/09/17 21:16:27.252, 55, 52.49 W, 93 %, 4584 MiB, 0x0000000000000000, Not Active, Not Active
2026/09/17 21:16:29.288, 55, 46.10 W, 92 %, 4584 MiB, 0x0000000000000000, Not Active, Not Active
2026/09/17 21:16:31.324, 55, 51.90 W, 94 %, 4584 MiB, 0x0000000000000000, Not Active, Not Active
2026/09/17 21:16:33.361, 55, 44.90 W, 17 %, 4584 MiB, 0x0000000000000000, Not Active, Not Active
2026/09/17 21:16:35.398, 53, 29.13 W, 21 %, 4584 MiB, 0x0000000000000000, Not Active, Not Active
2026/09/17 21:16:37.438, 53, 28.95 W, 15 %, 4584 MiB, 0x0000000000000000, Not Active, Not Active
2026/09/17 21:16:39.479, 53, 29.48 W, 21 %, 4584 MiB, 0x0000000000000000, Not Active, Not Active
2026/09/17 21:16:41.519, 53, 29.52 W, 21 %, 4584 MiB, 0x0000000000000000, Not Active, Not Active
2026/09/17 21:16:43.560, 53, 29.41 W, 20 %, 4584 MiB, 0x0000000000000000, Not Active, Not Active
2026/09/17 21:16:45.600, 53, 28.35 W, 20 %, 4584 MiB, 0x0000000000000000, Not Active, Not Active
2026/09/17 21:16:47.641, 53, 27.57 W, 18 %, 4584 MiB, 0x0000000000000000, Not Active, Not Active
2026/09/17 21:16:49.683, 53, 28.64 W, 18 %, 4584 MiB, 0x0000000000000000, Not Active, Not Active
2026/09/17 21:16:51.724, 53, 29.55 W, 21 %, 4584 MiB, 0x0000000000000000, Not Active, Not Active
2026/09/17 21:16:53.765, 53, 29.58 W, 21 %, 4584 MiB, 0x0000000000000000, Not Active, Not Active
2026/09/17 21:16:55.805, 53, 28.31 W, 21 %, 4584 MiB, 0x0000000000000000, Not Active, Not Active
2026/09/17 21:16:57.849, 55, 44.03 W, 36 %, 4584 MiB, 0x0000000000000000, Not Active, Not Active
2026/09/17 21:16:59.883, 56, 40.04 W, 29 %, 4584 MiB, 0x0000000000000000, Not Active, Not Active
2026/09/17 21:17:01.917, 54, 27.23 W, 21 %, 4584 MiB, 0x0000000000000000, Not Active, Not Active
2026/09/17 21:17:03.959, 54, 29.69 W, 19 %, 4584 MiB, 0x0000000000000000, Not Active, Not Active
2026/09/17 21:17:06.000, 54, 29.61 W, 21 %, 4584 MiB, 0x0000000000000000, Not Active, Not Active
2026/09/17 21:17:08.040, 56, 46.00 W, 93 %, 4586 MiB, 0x0000000000000000, Not Active, Not Active
2026/09/17 21:17:10.075, 56, 44.82 W, 80 %, 4586 MiB, 0x0000000000000000, Not Active, Not Active
2026/09/17 21:17:12.112, 55, 27.80 W, 16 %, 4586 MiB, 0x0000000000000000, Not Active, Not Active
2026/09/17 21:17:14.153, 54, 29.77 W, 20 %, 4586 MiB, 0x0000000000000000, Not Active, Not Active
2026/09/17 21:17:16.194, 54, 30.02 W, 19 %, 4586 MiB, 0x0000000000000000, Not Active, Not Active
2026/09/17 21:17:18.235, 55, 29.92 W, 21 %, 4586 MiB, 0x0000000000000000, Not Active, Not Active
2026/09/17 21:17:20.275, 54, 29.79 W, 20 %, 4586 MiB, 0x0000000000000000, Not Active, Not Active
2026/09/17 21:17:22.316, 55, 26.35 W, 19 %, 4586 MiB, 0x0000000000000000, Not Active, Not Active
2026/09/17 21:17:24.359, 57, 46.37 W, 94 %, 4586 MiB, 0x0000000000000000, Not Active, Not Active
2026/09/17 21:17:26.394, 57, 40.02 W, 20 %, 4586 MiB, 0x0000000000000000, Not Active, Not Active
2026/09/17 21:17:28.429, 55, 26.82 W, 17 %, 4586 MiB, 0x0000000000000000, Not Active, Not Active
2026/09/17 21:17:30.470, 55, 29.81 W, 18 %, 4586 MiB, 0x0000000000000000, Not Active, Not Active
2026/09/17 21:17:32.510, 55, 29.83 W, 19 %, 4586 MiB, 0x0000000000000000, Not Active, Not Active
2026/09/17 21:17:34.551, 55, 26.96 W, 15 %, 4586 MiB, 0x0000000000000000, Not Active, Not Active
2026/09/17 21:17:36.591, 55, 26.69 W, 18 %, 4586 MiB, 0x0000000000000000, Not Active, Not Active
2026/09/17 21:17:38.632, 55, 28.72 W, 18 %, 4586 MiB, 0x0000000000000000, Not Active, Not Active
2026/09/17 21:17:40.671, 55, 27.58 W, 20 %, 4586 MiB, 0x0000000000000000, Not Active, Not Active
2026/09/17 21:17:42.713, 55, 27.25 W, 15 %, 4586 MiB, 0x0000000000000000, Not Active, Not Active
2026/09/17 21:17:44.755, 55, 29.10 W, 19 %, 4586 MiB, 0x0000000000000000, Not Active, Not Active
2026/09/17 21:17:46.796, 55, 29.63 W, 18 %, 4586 MiB, 0x0000000000000000, Not Active, Not Active
2026/09/17 21:17:48.837, 58, 45.62 W, 87 %, 4586 MiB, 0x0000000000000000, Not Active, Not Active
2026/09/17 21:17:50.875, 57, 33.43 W, 94 %, 4586 MiB, 0x0000000000000000, Not Active, Not Active
2026/09/17 21:17:52.910, 56, 30.21 W, 17 %, 4586 MiB, 0x0000000000000000, Not Active, Not Active
2026/09/17 21:17:54.950, 56, 27.47 W, 20 %, 4586 MiB, 0x0000000000000000, Not Active, Not Active
2026/09/17 21:17:56.988, 56, 30.24 W, 21 %, 4586 MiB, 0x0000000000000000, Not Active, Not Active
2026/09/17 21:17:59.030, 58, 46.72 W, 17 %, 4586 MiB, 0x0000000000000000, Not Active, Not Active
2026/09/17 21:18:01.067, 58, 46.81 W, 92 %, 4586 MiB, 0x0000000000000000, Not Active, Not Active
2026/09/17 21:18:03.103, 59, 45.26 W, 29 %, 4586 MiB, 0x0000000000000000, Not Active, Not Active
2026/09/17 21:18:05.139, 57, 27.99 W, 21 %, 4586 MiB, 0x0000000000000000, Not Active, Not Active
2026/09/17 21:18:07.180, 56, 30.13 W, 20 %, 4586 MiB, 0x0000000000000000, Not Active, Not Active
2026/09/17 21:18:09.220, 56, 30.08 W, 20 %, 4586 MiB, 0x0000000000000000, Not Active, Not Active
2026/09/17 21:18:11.261, 56, 30.33 W, 19 %, 4586 MiB, 0x0000000000000000, Not Active, Not Active
2026/09/17 21:18:13.302, 56, 30.04 W, 21 %, 4586 MiB, 0x0000000000000000, Not Active, Not Active
2026/09/17 21:18:15.341, 59, 48.60 W, 69 %, 4586 MiB, 0x0000000000000000, Not Active, Not Active
2026/09/17 21:18:17.380, 60, 52.62 W, 95 %, 4586 MiB, 0x0000000000000000, Not Active, Not Active
2026/09/17 21:18:19.414, 59, 44.51 W, 51 %, 4586 MiB, 0x0000000000000000, Not Active, Not Active
2026/09/17 21:18:21.454, 57, 29.01 W, 19 %, 4586 MiB, 0x0000000000000000, Not Active, Not Active
2026/09/17 21:18:23.494, 57, 30.31 W, 21 %, 4586 MiB, 0x0000000000000000, Not Active, Not Active
2026/09/17 21:18:25.537, 57, 29.99 W, 19 %, 4586 MiB, 0x0000000000000000, Not Active, Not Active
2026/09/17 21:18:27.578, 57, 30.44 W, 21 %, 4586 MiB, 0x0000000000000000, Not Active, Not Active
2026/09/17 21:18:29.618, 57, 30.32 W, 21 %, 4586 MiB, 0x0000000000000000, Not Active, Not Active
2026/09/17 21:18:31.659, 59, 45.85 W, 94 %, 4586 MiB, 0x0000000000000000, Not Active, Not Active
2026/09/17 21:18:33.694, 60, 48.67 W, 91 %, 4586 MiB, 0x0000000000000000, Not Active, Not Active
2026/09/17 21:18:35.729, 60, 45.67 W, 19 %, 4586 MiB, 0x0000000000000000, Not Active, Not Active
2026/09/17 21:18:37.766, 57, 28.17 W, 19 %, 4586 MiB, 0x0000000000000000, Not Active, Not Active
2026/09/17 21:18:39.805, 57, 29.75 W, 21 %, 4586 MiB, 0x0000000000000000, Not Active, Not Active
2026/09/17 21:18:41.844, 58, 30.48 W, 21 %, 4586 MiB, 0x0000000000000000, Not Active, Not Active
2026/09/17 21:18:43.888, 57, 29.99 W, 18 %, 4586 MiB, 0x0000000000000000, Not Active, Not Active
2026/09/17 21:18:45.928, 58, 30.51 W, 22 %, 4586 MiB, 0x0000000000000000, Not Active, Not Active
2026/09/17 21:18:47.968, 60, 46.70 W, 55 %, 4586 MiB, 0x0000000000000000, Not Active, Not Active
2026/09/17 21:18:50.004, 60, 46.60 W, 95 %, 4586 MiB, 0x0000000000000000, Not Active, Not Active
2026/09/17 21:18:52.040, 60, 45.69 W, 98 %, 4586 MiB, 0x0000000000000000, Not Active, Not Active
2026/09/17 21:18:54.076, 58, 27.30 W, 19 %, 4586 MiB, 0x0000000000000000, Not Active, Not Active
2026/09/17 21:18:56.116, 58, 30.34 W, 20 %, 4586 MiB, 0x0000000000000000, Not Active, Not Active
2026/09/17 21:18:58.156, 58, 30.64 W, 19 %, 4586 MiB, 0x0000000000000000, Not Active, Not Active
2026/09/17 21:19:00.195, 58, 30.25 W, 20 %, 4586 MiB, 0x0000000000000000, Not Active, Not Active
2026/09/17 21:19:02.237, 58, 30.43 W, 21 %, 4586 MiB, 0x0000000000000000, Not Active, Not Active
2026/09/17 21:19:04.278, 58, 30.61 W, 21 %, 4586 MiB, 0x0000000000000000, Not Active, Not Active
2026/09/17 21:19:06.318, 60, 46.20 W, 83 %, 4586 MiB, 0x0000000000000000, Not Active, Not Active
2026/09/17 21:19:08.352, 61, 33.83 W, 94 %, 4586 MiB, 0x0000000000000000, Not Active, Not Active
2026/09/17 21:19:10.390, 59, 30.69 W, 17 %, 4586 MiB, 0x0000000000000000, Not Active, Not Active
2026/09/17 21:19:12.430, 58, 30.57 W, 21 %, 4586 MiB, 0x0000000000000000, Not Active, Not Active
2026/09/17 21:19:14.472, 59, 28.07 W, 21 %, 4586 MiB, 0x0000000000000000, Not Active, Not Active
2026/09/17 21:19:16.515, 58, 27.96 W, 21 %, 4586 MiB, 0x0000000000000000, Not Active, Not Active
2026/09/17 21:19:18.556, 59, 30.62 W, 21 %, 4586 MiB, 0x0000000000000000, Not Active, Not Active
2026/09/17 21:19:20.597, 58, 30.25 W, 21 %, 4586 MiB, 0x0000000000000000, Not Active, Not Active
2026/09/17 21:19:22.638, 58, 29.41 W, 20 %, 4586 MiB, 0x0000000000000000, Not Active, Not Active
2026/09/17 21:19:24.680, 58, 28.23 W, 21 %, 4586 MiB, 0x0000000000000000, Not Active, Not Active
2026/09/17 21:19:26.720, 61, 46.43 W, 83 %, 4586 MiB, 0x0000000000000000, Not Active, Not Active
2026/09/17 21:19:28.755, 61, 45.94 W, 17 %, 4586 MiB, 0x0000000000000000, Not Active, Not Active
2026/09/17 21:19:30.792, 59, 30.75 W, 20 %, 4586 MiB, 0x0000000000000000, Not Active, Not Active
2026/09/17 21:19:32.833, 59, 30.53 W, 20 %, 4586 MiB, 0x0000000000000000, Not Active, Not Active
2026/09/17 21:19:34.874, 58, 48.48 W, 45 %, 4586 MiB, 0x0000000000000000, Not Active, Not Active
2026/09/17 21:19:36.913, 61, 48.00 W, 94 %, 4586 MiB, 0x0000000000000000, Not Active, Not Active
2026/09/17 21:19:38.949, 61, 46.84 W, 16 %, 4586 MiB, 0x0000000000000000, Not Active, Not Active
2026/09/17 21:19:40.986, 59, 30.85 W, 19 %, 4586 MiB, 0x0000000000000000, Not Active, Not Active
2026/09/17 21:19:43.026, 59, 30.81 W, 21 %, 4586 MiB, 0x0000000000000000, Not Active, Not Active
2026/09/17 21:19:45.066, 59, 30.24 W, 21 %, 4586 MiB, 0x0000000000000000, Not Active, Not Active
2026/09/17 21:19:47.107, 59, 30.79 W, 20 %, 4586 MiB, 0x0000000000000000, Not Active, Not Active
2026/09/17 21:19:49.147, 59, 30.87 W, 21 %, 4586 MiB, 0x0000000000000000, Not Active, Not Active
2026/09/17 21:19:51.187, 61, 52.54 W, 95 %, 4586 MiB, 0x0000000000000000, Not Active, Not Active
2026/09/17 21:19:53.225, 62, 54.63 W, 95 %, 4586 MiB, 0x0000000000000000, Not Active, Not Active
2026/09/17 21:19:55.260, 61, 47.56 W, 18 %, 4586 MiB, 0x0000000000000000, Not Active, Not Active
2026/09/17 21:19:57.294, 59, 30.74 W, 21 %, 4586 MiB, 0x0000000000000000, Not Active, Not Active
2026/09/17 21:19:59.336, 59, 30.89 W, 20 %, 4586 MiB, 0x0000000000000000, Not Active, Not Active
2026/09/17 21:20:01.377, 59, 30.60 W, 21 %, 4586 MiB, 0x0000000000000000, Not Active, Not Active
2026/09/17 21:20:03.421, 59, 30.26 W, 18 %, 4586 MiB, 0x0000000000000000, Not Active, Not Active
2026/09/17 21:20:05.463, 59, 34.38 W, 20 %, 4586 MiB, 0x0000000000000000, Not Active, Not Active
2026/09/17 21:20:07.501, 61, 49.30 W, 94 %, 4586 MiB, 0x0000000000000000, Not Active, Not Active
2026/09/17 21:20:09.537, 62, 47.73 W, 59 %, 4586 MiB, 0x0000000000000000, Not Active, Not Active
2026/09/17 21:20:11.574, 60, 30.89 W, 17 %, 4586 MiB, 0x0000000000000000, Not Active, Not Active
2026/09/17 21:20:13.615, 59, 28.16 W, 20 %, 4586 MiB, 0x0000000000000000, Not Active, Not Active
2026/09/17 21:20:15.654, 59, 30.70 W, 21 %, 4586 MiB, 0x0000000000000000, Not Active, Not Active
2026/09/17 21:20:17.696, 59, 28.34 W, 18 %, 4586 MiB, 0x0000000000000000, Not Active, Not Active
2026/09/17 21:20:19.737, 59, 39.63 W, 21 %, 4586 MiB, 0x0000000000000000, Not Active, Not Active
2026/09/17 21:20:21.772, 62, 52.10 W, 95 %, 4586 MiB, 0x0000000000000000, Not Active, Not Active
2026/09/17 21:20:23.808, 62, 43.73 W, 94 %, 4586 MiB, 0x0000000000000000, Not Active, Not Active
2026/09/17 21:20:25.845, 62, 52.13 W, 96 %, 4586 MiB, 0x0000000000000000, Not Active, Not Active
2026/09/17 21:20:27.880, 62, 52.13 W, 96 %, 4586 MiB, 0x0000000000000000, Not Active, Not Active
2026/09/17 21:20:29.920, 62, 47.54 W, 100 %, 4586 MiB, 0x0000000000000000, Not Active, Not Active
2026/09/17 21:20:31.957, 60, 30.39 W, 20 %, 4586 MiB, 0x0000000000000000, Not Active, Not Active
2026/09/17 21:20:33.998, 59, 30.61 W, 20 %, 4586 MiB, 0x0000000000000000, Not Active, Not Active
2026/09/17 21:20:36.039, 59, 30.59 W, 16 %, 4586 MiB, 0x0000000000000000, Not Active, Not Active
2026/09/17 21:20:38.078, 59, 28.92 W, 21 %, 4586 MiB, 0x0000000000000000, Not Active, Not Active
2026/09/17 21:20:40.120, 59, 30.64 W, 21 %, 4586 MiB, 0x0000000000000000, Not Active, Not Active
2026/09/17 21:20:42.162, 59, 30.75 W, 19 %, 4586 MiB, 0x0000000000000000, Not Active, Not Active
2026/09/17 21:20:44.202, 59, 30.80 W, 21 %, 4586 MiB, 0x0000000000000000, Not Active, Not Active
2026/09/17 21:20:46.244, 59, 30.36 W, 21 %, 4586 MiB, 0x0000000000000000, Not Active, Not Active
2026/09/17 21:20:48.283, 59, 30.56 W, 17 %, 4586 MiB, 0x0000000000000000, Not Active, Not Active
2026/09/17 21:20:50.322, 59, 30.75 W, 21 %, 4586 MiB, 0x0000000000000000, Not Active, Not Active
2026/09/17 21:20:52.362, 59, 30.77 W, 21 %, 4586 MiB, 0x0000000000000000, Not Active, Not Active
2026/09/17 21:20:54.407, 59, 30.49 W, 19 %, 4586 MiB, 0x0000000000000000, Not Active, Not Active
2026/09/17 21:20:56.446, 59, 30.82 W, 21 %, 4586 MiB, 0x0000000000000000, Not Active, Not Active
2026/09/17 21:20:58.487, 59, 29.47 W, 21 %, 4586 MiB, 0x0000000000000000, Not Active, Not Active
2026/09/17 21:21:00.529, 59, 28.25 W, 20 %, 4586 MiB, 0x0000000000000000, Not Active, Not Active
2026/09/17 21:21:02.568, 59, 29.30 W, 21 %, 4586 MiB, 0x0000000000000000, Not Active, Not Active
2026/09/17 21:21:04.610, 59, 30.91 W, 21 %, 4586 MiB, 0x0000000000000000, Not Active, Not Active
2026/09/17 21:21:06.652, 59, 30.56 W, 21 %, 4586 MiB, 0x0000000000000000, Not Active, Not Active
2026/09/17 21:21:08.695, 59, 30.78 W, 20 %, 4586 MiB, 0x0000000000000000, Not Active, Not Active
2026/09/17 21:21:10.737, 59, 30.73 W, 20 %, 4586 MiB, 0x0000000000000000, Not Active, Not Active
2026/09/17 21:21:12.777, 59, 28.12 W, 21 %, 4586 MiB, 0x0000000000000000, Not Active, Not Active
2026/09/17 21:21:14.818, 59, 28.26 W, 10 %, 4586 MiB, 0x0000000000000000, Not Active, Not Active
2026/09/17 21:21:16.860, 59, 27.93 W, 21 %, 4586 MiB, 0x0000000000000000, Not Active, Not Active
2026/09/17 21:21:18.907, 59, 28.00 W, 21 %, 4586 MiB, 0x0000000000000000, Not Active, Not Active
2026/09/17 21:21:20.949, 59, 30.68 W, 20 %, 4586 MiB, 0x0000000000000000, Not Active, Not Active
2026/09/17 21:21:22.991, 59, 30.66 W, 19 %, 4586 MiB, 0x0000000000000000, Not Active, Not Active
2026/09/17 21:21:25.031, 59, 30.74 W, 21 %, 4586 MiB, 0x0000000000000000, Not Active, Not Active
2026/09/17 21:21:27.073, 59, 30.71 W, 19 %, 4586 MiB, 0x0000000000000000, Not Active, Not Active
2026/09/17 21:21:29.114, 59, 30.78 W, 22 %, 4586 MiB, 0x0000000000000000, Not Active, Not Active
2026/09/17 21:21:31.155, 59, 30.50 W, 20 %, 4586 MiB, 0x0000000000000000, Not Active, Not Active
2026/09/17 21:21:33.197, 59, 28.16 W, 18 %, 4586 MiB, 0x0000000000000000, Not Active, Not Active
2026/09/17 21:21:35.240, 59, 30.63 W, 21 %, 4586 MiB, 0x0000000000000000, Not Active, Not Active
2026/09/17 21:21:37.280, 59, 29.44 W, 20 %, 4586 MiB, 0x0000000000000000, Not Active, Not Active
2026/09/17 21:21:39.319, 59, 30.84 W, 21 %, 4586 MiB, 0x0000000000000000, Not Active, Not Active
2026/09/17 21:21:41.361, 59, 29.57 W, 20 %, 4586 MiB, 0x0000000000000000, Not Active, Not Active
2026/09/17 21:21:43.402, 59, 30.46 W, 21 %, 4586 MiB, 0x0000000000000000, Not Active, Not Active
2026/09/17 21:21:45.445, 59, 30.60 W, 17 %, 4586 MiB, 0x0000000000000000, Not Active, Not Active
2026/09/17 21:21:47.485, 59, 30.80 W, 21 %, 4586 MiB, 0x0000000000000000, Not Active, Not Active
2026/09/17 21:21:49.527, 59, 28.70 W, 21 %, 4586 MiB, 0x0000000000000000, Not Active, Not Active
2026/09/17 21:21:51.568, 59, 30.76 W, 19 %, 4586 MiB, 0x0000000000000000, Not Active, Not Active
2026/09/17 21:21:53.610, 59, 29.54 W, 21 %, 4586 MiB, 0x0000000000000000, Not Active, Not Active
2026/09/17 21:21:55.649, 59, 30.49 W, 20 %, 4586 MiB, 0x0000000000000000, Not Active, Not Active
2026/09/17 21:21:57.690, 59, 28.20 W, 18 %, 4586 MiB, 0x0000000000000000, Not Active, Not Active
2026/09/17 21:21:59.731, 59, 30.79 W, 21 %, 4586 MiB, 0x0000000000000000, Not Active, Not Active
2026/09/17 21:22:01.772, 59, 30.80 W, 22 %, 4586 MiB, 0x0000000000000000, Not Active, Not Active
2026/09/17 21:22:03.812, 58, 30.47 W, 12 %, 4586 MiB, 0x0000000000000000, Not Active, Not Active
2026/09/17 21:22:05.852, 59, 30.76 W, 20 %, 4586 MiB, 0x0000000000000000, Not Active, Not Active
2026/09/17 21:22:07.894, 59, 29.82 W, 20 %, 4586 MiB, 0x0000000000000000, Not Active, Not Active
2026/09/17 21:22:09.939, 59, 27.79 W, 19 %, 4586 MiB, 0x0000000000000000, Not Active, Not Active
2026/09/17 21:22:11.980, 59, 28.44 W, 21 %, 4586 MiB, 0x0000000000000000, Not Active, Not Active
2026/09/17 21:22:14.021, 59, 28.69 W, 21 %, 4586 MiB, 0x0000000000000000, Not Active, Not Active
2026/09/17 21:22:16.062, 59, 30.45 W, 21 %, 4586 MiB, 0x0000000000000000, Not Active, Not Active
2026/09/17 21:22:18.102, 59, 30.11 W, 21 %, 4586 MiB, 0x0000000000000000, Not Active, Not Active
2026/09/17 21:22:20.143, 59, 28.38 W, 19 %, 4586 MiB, 0x0000000000000000, Not Active, Not Active
2026/09/17 21:22:22.184, 59, 28.85 W, 20 %, 4586 MiB, 0x0000000000000000, Not Active, Not Active
2026/09/17 21:22:24.226, 59, 29.45 W, 20 %, 4586 MiB, 0x0000000000000000, Not Active, Not Active
2026/09/17 21:22:26.266, 59, 30.81 W, 21 %, 4586 MiB, 0x0000000000000000, Not Active, Not Active
2026/09/17 21:22:28.307, 59, 28.27 W, 21 %, 4586 MiB, 0x0000000000000000, Not Active, Not Active
2026/09/17 21:22:30.347, 59, 30.63 W, 20 %, 4586 MiB, 0x0000000000000000, Not Active, Not Active
2026/09/17 21:22:32.389, 59, 30.88 W, 21 %, 4586 MiB, 0x0000000000000000, Not Active, Not Active
2026/09/17 21:22:34.432, 59, 30.64 W, 20 %, 4586 MiB, 0x0000000000000000, Not Active, Not Active
2026/09/17 21:22:36.473, 59, 29.09 W, 21 %, 4586 MiB, 0x0000000000000000, Not Active, Not Active
2026/09/17 21:22:38.513, 59, 30.84 W, 21 %, 4586 MiB, 0x0000000000000000, Not Active, Not Active
2026/09/17 21:22:40.553, 59, 28.71 W, 21 %, 4586 MiB, 0x0000000000000000, Not Active, Not Active
2026/09/17 21:22:42.592, 59, 28.59 W, 17 %, 4586 MiB, 0x0000000000000000, Not Active, Not Active
2026/09/17 21:22:44.635, 59, 28.91 W, 21 %, 4586 MiB, 0x0000000000000000, Not Active, Not Active
2026/09/17 21:22:46.675, 59, 28.41 W, 20 %, 4586 MiB, 0x0000000000000000, Not Active, Not Active
2026/09/17 21:22:48.714, 60, 48.90 W, 35 %, 4586 MiB, 0x0000000000000000, Not Active, Not Active
2026/09/17 21:22:50.748, 62, 48.93 W, 94 %, 4586 MiB, 0x0000000000000000, Not Active, Not Active
2026/09/17 21:22:52.785, 62, 47.34 W, 50 %, 4586 MiB, 0x0000000000000000, Not Active, Not Active
2026/09/17 21:22:54.819, 60, 30.56 W, 16 %, 4586 MiB, 0x0000000000000000, Not Active, Not Active
2026/09/17 21:22:56.861, 59, 30.72 W, 20 %, 4586 MiB, 0x0000000000000000, Not Active, Not Active
2026/09/17 21:22:58.902, 59, 30.79 W, 20 %, 4586 MiB, 0x0000000000000000, Not Active, Not Active
2026/09/17 21:23:00.945, 59, 30.51 W, 19 %, 4586 MiB, 0x0000000000000000, Not Active, Not Active
2026/09/17 21:23:02.985, 59, 30.77 W, 21 %, 4586 MiB, 0x0000000000000000, Not Active, Not Active
2026/09/17 21:23:05.025, 60, 30.50 W, 20 %, 4586 MiB, 0x0000000000000000, Not Active, Not Active
2026/09/17 21:23:07.065, 59, 30.55 W, 19 %, 4586 MiB, 0x0000000000000000, Not Active, Not Active
2026/09/17 21:23:09.106, 59, 30.10 W, 19 %, 4586 MiB, 0x0000000000000000, Not Active, Not Active
2026/09/17 21:23:11.145, 59, 29.73 W, 20 %, 4586 MiB, 0x0000000000000000, Not Active, Not Active
2026/09/17 21:23:13.185, 59, 30.22 W, 20 %, 4586 MiB, 0x0000000000000000, Not Active, Not Active
2026/09/17 21:23:15.226, 59, 30.78 W, 20 %, 4586 MiB, 0x0000000000000000, Not Active, Not Active
2026/09/17 21:23:17.266, 59, 30.80 W, 19 %, 4586 MiB, 0x0000000000000000, Not Active, Not Active
2026/09/17 21:23:19.308, 59, 27.70 W, 20 %, 4586 MiB, 0x0000000000000000, Not Active, Not Active
2026/09/17 21:23:21.348, 59, 30.79 W, 20 %, 4586 MiB, 0x0000000000000000, Not Active, Not Active
2026/09/17 21:23:23.387, 59, 30.16 W, 19 %, 4586 MiB, 0x0000000000000000, Not Active, Not Active
2026/09/17 21:23:25.428, 60, 30.61 W, 21 %, 4586 MiB, 0x0000000000000000, Not Active, Not Active
2026/09/17 21:23:27.469, 59, 30.45 W, 19 %, 4586 MiB, 0x0000000000000000, Not Active, Not Active
2026/09/17 21:23:29.510, 59, 30.76 W, 13 %, 4586 MiB, 0x0000000000000000, Not Active, Not Active
2026/09/17 21:23:31.552, 59, 30.58 W, 20 %, 4586 MiB, 0x0000000000000000, Not Active, Not Active
2026/09/17 21:23:33.592, 59, 30.68 W, 19 %, 4586 MiB, 0x0000000000000000, Not Active, Not Active
2026/09/17 21:23:35.633, 59, 30.63 W, 20 %, 4586 MiB, 0x0000000000000000, Not Active, Not Active
2026/09/17 21:23:37.674, 59, 28.14 W, 20 %, 4586 MiB, 0x0000000000000000, Not Active, Not Active
2026/09/17 21:23:39.714, 59, 29.08 W, 18 %, 4586 MiB, 0x0000000000000000, Not Active, Not Active
2026/09/17 21:23:41.755, 59, 30.67 W, 20 %, 4586 MiB, 0x0000000000000000, Not Active, Not Active
2026/09/17 21:23:43.795, 59, 30.41 W, 20 %, 4586 MiB, 0x0000000000000000, Not Active, Not Active
2026/09/17 21:23:45.835, 59, 30.75 W, 19 %, 4586 MiB, 0x0000000000000000, Not Active, Not Active
2026/09/17 21:23:47.873, 59, 27.88 W, 20 %, 4586 MiB, 0x0000000000000000, Not Active, Not Active
2026/09/17 21:23:49.914, 59, 30.71 W, 20 %, 4586 MiB, 0x0000000000000000, Not Active, Not Active
2026/09/17 21:23:51.957, 59, 30.01 W, 17 %, 4586 MiB, 0x0000000000000000, Not Active, Not Active
2026/09/17 21:23:53.996, 59, 30.61 W, 20 %, 4586 MiB, 0x0000000000000000, Not Active, Not Active
2026/09/17 21:23:56.037, 59, 30.82 W, 20 %, 4586 MiB, 0x0000000000000000, Not Active, Not Active
2026/09/17 21:23:58.078, 59, 27.41 W, 19 %, 4586 MiB, 0x0000000000000000, Not Active, Not Active
2026/09/17 21:24:00.119, 60, 30.81 W, 20 %, 4586 MiB, 0x0000000000000000, Not Active, Not Active
2026/09/17 21:24:02.161, 59, 24.16 W, 10 %, 4586 MiB, 0x0000000000000000, Not Active, Not Active
2026/09/17 21:24:04.200, 59, 30.29 W, 20 %, 4586 MiB, 0x0000000000000000, Not Active, Not Active
2026/09/17 21:24:06.242, 59, 30.73 W, 20 %, 4586 MiB, 0x0000000000000000, Not Active, Not Active
2026/09/17 21:24:08.283, 59, 30.60 W, 20 %, 4586 MiB, 0x0000000000000000, Not Active, Not Active
2026/09/17 21:24:10.325, 60, 30.44 W, 20 %, 4586 MiB, 0x0000000000000000, Not Active, Not Active
2026/09/17 21:24:12.364, 59, 30.72 W, 19 %, 4586 MiB, 0x0000000000000000, Not Active, Not Active
2026/09/17 21:24:14.406, 59, 30.64 W, 18 %, 4586 MiB, 0x0000000000000000, Not Active, Not Active
2026/09/17 21:24:16.447, 59, 30.22 W, 20 %, 4586 MiB, 0x0000000000000000, Not Active, Not Active
2026/09/17 21:24:18.490, 59, 30.74 W, 20 %, 4586 MiB, 0x0000000000000000, Not Active, Not Active
2026/09/17 21:24:20.529, 59, 30.70 W, 20 %, 4586 MiB, 0x0000000000000000, Not Active, Not Active
2026/09/17 21:24:22.569, 60, 28.28 W, 21 %, 4586 MiB, 0x0000000000000000, Not Active, Not Active
2026/09/17 21:24:24.609, 59, 27.70 W, 20 %, 4586 MiB, 0x0000000000000000, Not Active, Not Active
2026/09/17 21:24:26.651, 60, 28.75 W, 19 %, 4586 MiB, 0x0000000000000000, Not Active, Not Active
2026/09/17 21:24:28.692, 61, 48.57 W, 20 %, 4586 MiB, 0x0000000000000000, Not Active, Not Active
2026/09/17 21:24:30.729, 62, 50.33 W, 95 %, 4586 MiB, 0x0000000000000000, Not Active, Not Active
2026/09/17 21:24:32.764, 63, 55.28 W, 99 %, 4586 MiB, 0x0000000000000000, Not Active, Not Active
2026/09/17 21:24:34.798, 62, 43.79 W, 17 %, 4586 MiB, 0x0000000000000000, Not Active, Not Active
2026/09/17 21:24:36.840, 60, 28.80 W, 19 %, 4586 MiB, 0x0000000000000000, Not Active, Not Active
2026/09/17 21:24:38.881, 60, 30.75 W, 20 %, 4586 MiB, 0x0000000000000000, Not Active, Not Active
2026/09/17 21:24:40.922, 60, 28.19 W, 19 %, 4586 MiB, 0x0000000000000000, Not Active, Not Active
2026/09/17 21:24:42.967, 60, 30.83 W, 21 %, 4586 MiB, 0x0000000000000000, Not Active, Not Active
2026/09/17 21:24:45.008, 60, 30.84 W, 20 %, 4586 MiB, 0x0000000000000000, Not Active, Not Active
2026/09/17 21:24:47.049, 60, 30.60 W, 20 %, 4586 MiB, 0x0000000000000000, Not Active, Not Active
2026/09/17 21:24:49.089, 60, 30.93 W, 18 %, 4586 MiB, 0x0000000000000000, Not Active, Not Active
2026/09/17 21:24:51.129, 60, 30.17 W, 21 %, 4586 MiB, 0x0000000000000000, Not Active, Not Active
2026/09/17 21:24:53.169, 60, 30.82 W, 21 %, 4586 MiB, 0x0000000000000000, Not Active, Not Active
2026/09/17 21:24:55.210, 60, 29.98 W, 20 %, 4586 MiB, 0x0000000000000000, Not Active, Not Active
2026/09/17 21:24:57.249, 60, 30.79 W, 21 %, 4586 MiB, 0x0000000000000000, Not Active, Not Active
2026/09/17 21:24:59.289, 60, 30.74 W, 21 %, 4586 MiB, 0x0000000000000000, Not Active, Not Active
2026/09/17 21:25:01.330, 60, 30.85 W, 19 %, 4586 MiB, 0x0000000000000000, Not Active, Not Active
2026/09/17 21:25:03.372, 60, 30.24 W, 20 %, 4586 MiB, 0x0000000000000000, Not Active, Not Active
2026/09/17 21:25:05.412, 60, 30.11 W, 21 %, 4586 MiB, 0x0000000000000000, Not Active, Not Active
2026/09/17 21:25:07.455, 60, 30.83 W, 11 %, 4586 MiB, 0x0000000000000000, Not Active, Not Active
2026/09/17 21:25:09.495, 60, 29.04 W, 20 %, 4586 MiB, 0x0000000000000000, Not Active, Not Active
2026/09/17 21:25:11.536, 60, 30.52 W, 20 %, 4586 MiB, 0x0000000000000000, Not Active, Not Active
2026/09/17 21:25:13.577, 60, 30.77 W, 18 %, 4586 MiB, 0x0000000000000000, Not Active, Not Active
2026/09/17 21:25:15.617, 59, 30.58 W, 20 %, 4586 MiB, 0x0000000000000000, Not Active, Not Active
2026/09/17 21:25:17.656, 60, 30.78 W, 20 %, 4586 MiB, 0x0000000000000000, Not Active, Not Active
2026/09/17 21:25:19.698, 60, 30.79 W, 19 %, 4586 MiB, 0x0000000000000000, Not Active, Not Active
2026/09/17 21:25:21.740, 60, 30.74 W, 21 %, 4586 MiB, 0x0000000000000000, Not Active, Not Active
2026/09/17 21:25:23.781, 60, 30.76 W, 17 %, 4586 MiB, 0x0000000000000000, Not Active, Not Active
2026/09/17 21:25:25.822, 60, 30.78 W, 19 %, 4586 MiB, 0x0000000000000000, Not Active, Not Active
2026/09/17 21:25:27.865, 60, 30.74 W, 21 %, 4586 MiB, 0x0000000000000000, Not Active, Not Active
2026/09/17 21:25:29.906, 60, 30.76 W, 21 %, 4586 MiB, 0x0000000000000000, Not Active, Not Active
2026/09/17 21:25:31.947, 60, 29.26 W, 20 %, 4586 MiB, 0x0000000000000000, Not Active, Not Active
2026/09/17 21:25:33.991, 60, 30.59 W, 18 %, 4586 MiB, 0x0000000000000000, Not Active, Not Active
2026/09/17 21:25:36.030, 60, 29.31 W, 21 %, 4586 MiB, 0x0000000000000000, Not Active, Not Active
2026/09/17 21:25:38.070, 59, 26.28 W, 4 %, 4586 MiB, 0x0000000000000000, Not Active, Not Active
2026/09/17 21:25:40.111, 60, 30.70 W, 21 %, 4586 MiB, 0x0000000000000000, Not Active, Not Active
2026/09/17 21:25:42.151, 60, 30.83 W, 20 %, 4586 MiB, 0x0000000000000000, Not Active, Not Active
2026/09/17 21:25:44.193, 60, 30.71 W, 19 %, 4586 MiB, 0x0000000000000000, Not Active, Not Active
2026/09/17 21:25:46.234, 60, 29.19 W, 19 %, 4586 MiB, 0x0000000000000000, Not Active, Not Active
2026/09/17 21:25:48.276, 60, 30.83 W, 20 %, 4586 MiB, 0x0000000000000000, Not Active, Not Active
2026/09/17 21:25:50.316, 60, 30.86 W, 19 %, 4586 MiB, 0x0000000000000000, Not Active, Not Active
2026/09/17 21:25:52.358, 60, 30.89 W, 20 %, 4586 MiB, 0x0000000000000000, Not Active, Not Active
2026/09/17 21:25:54.399, 60, 30.85 W, 21 %, 4586 MiB, 0x0000000000000000, Not Active, Not Active
2026/09/17 21:25:56.440, 60, 30.59 W, 19 %, 4586 MiB, 0x0000000000000000, Not Active, Not Active
2026/09/17 21:25:58.483, 60, 29.89 W, 20 %, 4586 MiB, 0x0000000000000000, Not Active, Not Active
2026/09/17 21:26:00.524, 60, 30.84 W, 21 %, 4586 MiB, 0x0000000000000000, Not Active, Not Active
2026/09/17 21:26:02.563, 60, 30.86 W, 19 %, 4586 MiB, 0x0000000000000000, Not Active, Not Active
2026/09/17 21:26:04.602, 60, 31.00 W, 21 %, 4586 MiB, 0x0000000000000000, Not Active, Not Active
2026/09/17 21:26:06.641, 60, 30.83 W, 21 %, 4586 MiB, 0x0000000000000000, Not Active, Not Active
2026/09/17 21:26:08.683, 62, 52.15 W, 53 %, 4586 MiB, 0x0000000000000000, Not Active, Not Active
2026/09/17 21:26:10.719, 63, 53.29 W, 96 %, 4586 MiB, 0x0000000000000000, Not Active, Not Active
2026/09/17 21:26:12.756, 64, 55.96 W, 97 %, 4586 MiB, 0x0000000000000000, Not Active, Not Active
2026/09/17 21:26:14.793, 63, 50.38 W, 93 %, 4586 MiB, 0x0000000000000000, Not Active, Not Active
2026/09/17 21:26:16.828, 64, 53.52 W, 92 %, 4586 MiB, 0x0000000000000000, Not Active, Not Active
2026/09/17 21:26:18.866, 64, 54.14 W, 97 %, 4586 MiB, 0x0000000000000000, Not Active, Not Active
2026/09/17 21:26:20.903, 64, 54.68 W, 96 %, 4586 MiB, 0x0000000000000000, Not Active, Not Active
2026/09/17 21:26:22.937, 64, 56.69 W, 97 %, 4586 MiB, 0x0000000000000000, Not Active, Not Active
2026/09/17 21:26:24.972, 64, 47.90 W, 100 %, 4586 MiB, 0x0000000000000000, Not Active, Not Active
2026/09/17 21:26:27.009, 61, 31.18 W, 17 %, 4586 MiB, 0x0000000000000000, Not Active, Not Active
2026/09/17 21:26:29.050, 61, 29.14 W, 20 %, 4586 MiB, 0x0000000000000000, Not Active, Not Active
2026/09/17 21:26:31.091, 61, 31.00 W, 19 %, 4586 MiB, 0x0000000000000000, Not Active, Not Active
2026/09/17 21:26:33.132, 61, 31.15 W, 20 %, 4586 MiB, 0x0000000000000000, Not Active, Not Active
2026/09/17 21:26:35.173, 61, 31.10 W, 21 %, 4586 MiB, 0x0000000000000000, Not Active, Not Active
2026/09/17 21:26:37.213, 61, 30.93 W, 21 %, 4586 MiB, 0x0000000000000000, Not Active, Not Active
2026/09/17 21:26:39.253, 61, 30.80 W, 21 %, 4586 MiB, 0x0000000000000000, Not Active, Not Active
2026/09/17 21:26:41.295, 61, 30.97 W, 20 %, 4586 MiB, 0x0000000000000000, Not Active, Not Active
2026/09/17 21:26:43.335, 61, 29.32 W, 21 %, 4586 MiB, 0x0000000000000000, Not Active, Not Active
2026/09/17 21:26:45.376, 61, 28.44 W, 20 %, 4586 MiB, 0x0000000000000000, Not Active, Not Active
2026/09/17 21:26:47.417, 61, 31.19 W, 22 %, 4586 MiB, 0x0000000000000000, Not Active, Not Active
2026/09/17 21:26:49.458, 61, 31.00 W, 21 %, 4586 MiB, 0x0000000000000000, Not Active, Not Active
2026/09/17 21:26:51.500, 61, 31.03 W, 21 %, 4586 MiB, 0x0000000000000000, Not Active, Not Active
2026/09/17 21:26:53.542, 61, 31.17 W, 21 %, 4586 MiB, 0x0000000000000000, Not Active, Not Active
2026/09/17 21:26:55.584, 61, 31.10 W, 22 %, 4586 MiB, 0x0000000000000000, Not Active, Not Active
2026/09/17 21:26:57.626, 63, 52.68 W, 36 %, 4586 MiB, 0x0000000000000000, Not Active, Not Active
2026/09/17 21:26:59.660, 64, 51.30 W, 97 %, 4586 MiB, 0x0000000000000000, Not Active, Not Active
2026/09/17 21:27:01.696, 64, 53.90 W, 97 %, 4586 MiB, 0x0000000000000000, Not Active, Not Active
2026/09/17 21:27:03.733, 65, 57.05 W, 98 %, 4586 MiB, 0x0000000000000000, Not Active, Not Active
2026/09/17 21:27:05.770, 64, 47.20 W, 53 %, 4586 MiB, 0x0000000000000000, Not Active, Not Active
2026/09/17 21:27:07.807, 62, 31.15 W, 20 %, 4586 MiB, 0x0000000000000000, Not Active, Not Active
2026/09/17 21:27:09.850, 61, 31.21 W, 17 %, 4586 MiB, 0x0000000000000000, Not Active, Not Active
2026/09/17 21:27:11.891, 61, 31.01 W, 22 %, 4586 MiB, 0x0000000000000000, Not Active, Not Active
2026/09/17 21:27:13.931, 61, 28.54 W, 21 %, 4586 MiB, 0x0000000000000000, Not Active, Not Active
2026/09/17 21:27:15.972, 61, 31.07 W, 18 %, 4586 MiB, 0x0000000000000000, Not Active, Not Active
2026/09/17 21:27:18.015, 61, 29.65 W, 22 %, 4586 MiB, 0x0000000000000000, Not Active, Not Active
2026/09/17 21:27:20.054, 61, 29.02 W, 21 %, 4586 MiB, 0x0000000000000000, Not Active, Not Active
2026/09/17 21:27:22.097, 61, 29.13 W, 21 %, 4586 MiB, 0x0000000000000000, Not Active, Not Active
2026/09/17 21:27:24.137, 61, 31.09 W, 22 %, 4586 MiB, 0x0000000000000000, Not Active, Not Active
2026/09/17 21:27:26.179, 61, 28.57 W, 22 %, 4586 MiB, 0x0000000000000000, Not Active, Not Active
2026/09/17 21:27:28.219, 61, 30.04 W, 20 %, 4586 MiB, 0x0000000000000000, Not Active, Not Active
2026/09/17 21:27:30.259, 61, 31.02 W, 21 %, 4586 MiB, 0x0000000000000000, Not Active, Not Active
2026/09/17 21:27:32.300, 61, 31.09 W, 21 %, 4586 MiB, 0x0000000000000000, Not Active, Not Active
2026/09/17 21:27:34.342, 61, 31.11 W, 18 %, 4586 MiB, 0x0000000000000000, Not Active, Not Active
2026/09/17 21:27:36.385, 61, 27.98 W, 20 %, 4586 MiB, 0x0000000000000000, Not Active, Not Active
2026/09/17 21:27:38.426, 61, 31.19 W, 20 %, 4586 MiB, 0x0000000000000000, Not Active, Not Active
2026/09/17 21:27:40.466, 61, 31.09 W, 20 %, 4586 MiB, 0x0000000000000000, Not Active, Not Active
2026/09/17 21:27:42.510, 64, 52.99 W, 80 %, 4586 MiB, 0x0000000000000000, Not Active, Not Active
2026/09/17 21:27:44.546, 64, 53.36 W, 97 %, 4586 MiB, 0x0000000000000000, Not Active, Not Active
2026/09/17 21:27:46.581, 64, 53.98 W, 96 %, 4586 MiB, 0x0000000000000000, Not Active, Not Active
2026/09/17 21:27:48.615, 65, 56.24 W, 99 %, 4586 MiB, 0x0000000000000000, Not Active, Not Active
2026/09/17 21:27:50.652, 64, 48.83 W, 18 %, 4586 MiB, 0x0000000000000000, Not Active, Not Active
2026/09/17 21:27:52.688, 62, 31.26 W, 20 %, 4586 MiB, 0x0000000000000000, Not Active, Not Active
2026/09/17 21:27:54.729, 62, 29.50 W, 21 %, 4586 MiB, 0x0000000000000000, Not Active, Not Active
2026/09/17 21:27:56.769, 61, 31.24 W, 22 %, 4586 MiB, 0x0000000000000000, Not Active, Not Active
2026/09/17 21:27:58.809, 61, 31.01 W, 18 %, 4586 MiB, 0x0000000000000000, Not Active, Not Active
2026/09/17 21:28:00.849, 61, 31.22 W, 19 %, 4586 MiB, 0x0000000000000000, Not Active, Not Active
2026/09/17 21:28:02.891, 61, 31.28 W, 21 %, 4586 MiB, 0x0000000000000000, Not Active, Not Active
2026/09/17 21:28:04.932, 61, 31.10 W, 19 %, 4586 MiB, 0x0000000000000000, Not Active, Not Active
2026/09/17 21:28:06.974, 61, 28.97 W, 21 %, 4586 MiB, 0x0000000000000000, Not Active, Not Active
2026/09/17 21:28:09.018, 61, 31.24 W, 21 %, 4586 MiB, 0x0000000000000000, Not Active, Not Active
2026/09/17 21:28:11.058, 61, 30.72 W, 20 %, 4586 MiB, 0x0000000000000000, Not Active, Not Active
2026/09/17 21:28:13.102, 61, 31.36 W, 20 %, 4586 MiB, 0x0000000000000000, Not Active, Not Active
2026/09/17 21:28:15.143, 61, 31.31 W, 20 %, 4586 MiB, 0x0000000000000000, Not Active, Not Active
2026/09/17 21:28:17.182, 61, 30.88 W, 20 %, 4586 MiB, 0x0000000000000000, Not Active, Not Active
2026/09/17 21:28:19.222, 61, 31.25 W, 21 %, 4586 MiB, 0x0000000000000000, Not Active, Not Active
2026/09/17 21:28:21.264, 61, 31.24 W, 21 %, 4586 MiB, 0x0000000000000000, Not Active, Not Active
2026/09/17 21:28:23.304, 61, 28.16 W, 21 %, 4586 MiB, 0x0000000000000000, Not Active, Not Active
2026/09/17 21:28:25.343, 61, 31.30 W, 20 %, 4586 MiB, 0x0000000000000000, Not Active, Not Active
2026/09/17 21:28:27.383, 61, 31.20 W, 22 %, 4586 MiB, 0x0000000000000000, Not Active, Not Active
2026/09/17 21:28:29.424, 61, 30.13 W, 21 %, 4586 MiB, 0x0000000000000000, Not Active, Not Active
2026/09/17 21:28:31.464, 61, 31.24 W, 20 %, 4586 MiB, 0x0000000000000000, Not Active, Not Active
2026/09/17 21:28:33.505, 61, 30.41 W, 21 %, 4586 MiB, 0x0000000000000000, Not Active, Not Active
2026/09/17 21:28:35.545, 61, 31.00 W, 21 %, 4586 MiB, 0x0000000000000000, Not Active, Not Active
2026/09/17 21:28:37.585, 60, 23.75 W, 11 %, 4586 MiB, 0x0000000000000000, Not Active, Not Active
2026/09/17 21:28:39.627, 61, 31.13 W, 21 %, 4586 MiB, 0x0000000000000000, Not Active, Not Active
2026/09/17 21:28:41.667, 61, 30.81 W, 21 %, 4586 MiB, 0x0000000000000000, Not Active, Not Active
2026/09/17 21:28:43.708, 61, 29.77 W, 22 %, 4586 MiB, 0x0000000000000000, Not Active, Not Active
2026/09/17 21:28:45.751, 61, 30.97 W, 20 %, 4586 MiB, 0x0000000000000000, Not Active, Not Active
2026/09/17 21:28:47.791, 61, 31.08 W, 19 %, 4586 MiB, 0x0000000000000000, Not Active, Not Active
2026/09/17 21:28:49.830, 61, 31.14 W, 21 %, 4586 MiB, 0x0000000000000000, Not Active, Not Active
2026/09/17 21:28:51.871, 61, 31.09 W, 21 %, 4586 MiB, 0x0000000000000000, Not Active, Not Active
2026/09/17 21:28:53.912, 61, 28.64 W, 22 %, 4586 MiB, 0x0000000000000000, Not Active, Not Active
2026/09/17 21:28:55.954, 61, 31.05 W, 21 %, 4586 MiB, 0x0000000000000000, Not Active, Not Active
2026/09/17 21:28:57.995, 61, 31.09 W, 20 %, 4586 MiB, 0x0000000000000000, Not Active, Not Active
2026/09/17 21:29:00.038, 61, 28.49 W, 21 %, 4586 MiB, 0x0000000000000000, Not Active, Not Active
2026/09/17 21:29:02.080, 61, 31.07 W, 20 %, 4586 MiB, 0x0000000000000000, Not Active, Not Active
2026/09/17 21:29:04.121, 61, 31.10 W, 22 %, 4586 MiB, 0x0000000000000000, Not Active, Not Active
2026/09/17 21:29:06.162, 61, 31.09 W, 20 %, 4586 MiB, 0x0000000000000000, Not Active, Not Active
2026/09/17 21:29:08.203, 61, 29.15 W, 20 %, 4586 MiB, 0x0000000000000000, Not Active, Not Active
2026/09/17 21:29:10.244, 61, 31.16 W, 21 %, 4586 MiB, 0x0000000000000000, Not Active, Not Active
2026/09/17 21:29:12.285, 61, 31.06 W, 20 %, 4586 MiB, 0x0000000000000000, Not Active, Not Active
2026/09/17 21:29:14.324, 61, 31.10 W, 19 %, 4586 MiB, 0x0000000000000000, Not Active, Not Active
2026/09/17 21:29:16.365, 61, 31.06 W, 21 %, 4586 MiB, 0x0000000000000000, Not Active, Not Active
2026/09/17 21:29:18.404, 61, 52.29 W, 21 %, 4586 MiB, 0x0000000000000000, Not Active, Not Active
2026/09/17 21:29:20.440, 64, 53.50 W, 95 %, 4586 MiB, 0x0000000000000000, Not Active, Not Active
2026/09/17 21:29:22.474, 64, 52.55 W, 97 %, 4586 MiB, 0x0000000000000000, Not Active, Not Active
2026/09/17 21:29:24.514, 65, 56.44 W, 97 %, 4586 MiB, 0x0000000000000000, Not Active, Not Active
2026/09/17 21:29:26.550, 64, 48.84 W, 88 %, 4586 MiB, 0x0000000000000000, Not Active, Not Active
2026/09/17 21:29:28.585, 62, 31.27 W, 19 %, 4586 MiB, 0x0000000000000000, Not Active, Not Active
2026/09/17 21:29:30.625, 62, 30.80 W, 21 %, 4586 MiB, 0x0000000000000000, Not Active, Not Active
2026/09/17 21:29:32.668, 62, 31.25 W, 21 %, 4586 MiB, 0x0000000000000000, Not Active, Not Active
2026/09/17 21:29:34.708, 61, 31.24 W, 22 %, 4586 MiB, 0x0000000000000000, Not Active, Not Active
2026/09/17 21:29:36.749, 61, 29.81 W, 20 %, 4586 MiB, 0x0000000000000000, Not Active, Not Active
2026/09/17 21:29:38.790, 61, 31.09 W, 21 %, 4586 MiB, 0x0000000000000000, Not Active, Not Active
2026/09/17 21:29:40.831, 61, 31.11 W, 22 %, 4586 MiB, 0x0000000000000000, Not Active, Not Active
2026/09/17 21:29:42.872, 61, 29.90 W, 20 %, 4586 MiB, 0x0000000000000000, Not Active, Not Active
2026/09/17 21:29:44.913, 61, 28.85 W, 21 %, 4586 MiB, 0x0000000000000000, Not Active, Not Active
2026/09/17 21:29:46.953, 61, 30.09 W, 21 %, 4586 MiB, 0x0000000000000000, Not Active, Not Active
2026/09/17 21:29:48.995, 61, 29.16 W, 21 %, 4586 MiB, 0x0000000000000000, Not Active, Not Active
2026/09/17 21:29:51.040, 61, 31.22 W, 20 %, 4586 MiB, 0x0000000000000000, Not Active, Not Active
2026/09/17 21:29:53.080, 61, 28.58 W, 19 %, 4586 MiB, 0x0000000000000000, Not Active, Not Active
2026/09/17 21:29:55.119, 61, 29.43 W, 22 %, 4586 MiB, 0x0000000000000000, Not Active, Not Active
2026/09/17 21:29:57.160, 61, 31.16 W, 20 %, 4586 MiB, 0x0000000000000000, Not Active, Not Active
2026/09/17 21:29:59.201, 61, 30.96 W, 21 %, 4586 MiB, 0x0000000000000000, Not Active, Not Active
2026/09/17 21:30:01.242, 61, 31.19 W, 21 %, 4586 MiB, 0x0000000000000000, Not Active, Not Active
2026/09/17 21:30:03.281, 61, 31.24 W, 20 %, 4586 MiB, 0x0000000000000000, Not Active, Not Active
2026/09/17 21:30:05.322, 61, 31.28 W, 20 %, 4586 MiB, 0x0000000000000000, Not Active, Not Active
2026/09/17 21:30:07.363, 61, 31.23 W, 22 %, 4586 MiB, 0x0000000000000000, Not Active, Not Active
2026/09/17 21:30:09.405, 61, 30.99 W, 19 %, 4586 MiB, 0x0000000000000000, Not Active, Not Active
2026/09/17 21:30:11.444, 61, 30.28 W, 21 %, 4586 MiB, 0x0000000000000000, Not Active, Not Active
2026/09/17 21:30:13.486, 61, 30.72 W, 21 %, 4586 MiB, 0x0000000000000000, Not Active, Not Active
2026/09/17 21:30:15.529, 64, 52.80 W, 49 %, 4586 MiB, 0x0000000000000000, Not Active, Not Active
2026/09/17 21:30:17.563, 64, 54.63 W, 96 %, 4586 MiB, 0x0000000000000000, Not Active, Not Active
2026/09/17 21:30:19.600, 65, 56.39 W, 97 %, 4586 MiB, 0x0000000000000000, Not Active, Not Active
2026/09/17 21:30:21.636, 65, 52.08 W, 97 %, 4586 MiB, 0x0000000000000000, Not Active, Not Active
2026/09/17 21:30:23.672, 65, 52.27 W, 97 %, 4586 MiB, 0x0000000000000000, Not Active, Not Active
2026/09/17 21:30:25.706, 65, 55.97 W, 98 %, 4586 MiB, 0x0000000000000000, Not Active, Not Active
2026/09/17 21:30:27.740, 66, 56.49 W, 97 %, 4586 MiB, 0x0000000000000000, Not Active, Not Active
2026/09/17 21:30:29.777, 65, 52.69 W, 100 %, 4586 MiB, 0x0000000000000000, Not Active, Not Active
2026/09/17 21:30:31.814, 63, 31.24 W, 19 %, 4586 MiB, 0x0000000000000000, Not Active, Not Active
2026/09/17 21:30:33.855, 62, 31.48 W, 19 %, 4586 MiB, 0x0000000000000000, Not Active, Not Active
2026/09/17 21:30:35.897, 62, 31.38 W, 22 %, 4586 MiB, 0x0000000000000000, Not Active, Not Active
2026/09/17 21:30:37.937, 62, 28.84 W, 20 %, 4586 MiB, 0x0000000000000000, Not Active, Not Active
2026/09/17 21:30:39.978, 62, 28.99 W, 22 %, 4586 MiB, 0x0000000000000000, Not Active, Not Active
2026/09/17 21:30:42.019, 62, 31.32 W, 22 %, 4586 MiB, 0x0000000000000000, Not Active, Not Active
2026/09/17 21:30:44.062, 62, 29.52 W, 22 %, 4586 MiB, 0x0000000000000000, Not Active, Not Active
2026/09/17 21:30:46.104, 62, 29.47 W, 22 %, 4586 MiB, 0x0000000000000000, Not Active, Not Active
2026/09/17 21:30:48.146, 62, 31.10 W, 22 %, 4586 MiB, 0x0000000000000000, Not Active, Not Active
2026/09/17 21:30:50.186, 61, 28.71 W, 21 %, 4586 MiB, 0x0000000000000000, Not Active, Not Active
2026/09/17 21:30:52.227, 61, 31.43 W, 22 %, 4586 MiB, 0x0000000000000000, Not Active, Not Active
2026/09/17 21:30:54.268, 61, 31.34 W, 22 %, 4586 MiB, 0x0000000000000000, Not Active, Not Active
2026/09/17 21:30:56.310, 61, 31.24 W, 22 %, 4586 MiB, 0x0000000000000000, Not Active, Not Active
2026/09/17 21:30:58.350, 61, 30.20 W, 20 %, 4586 MiB, 0x0000000000000000, Not Active, Not Active
2026/09/17 21:31:00.390, 61, 29.99 W, 20 %, 4586 MiB, 0x0000000000000000, Not Active, Not Active
2026/09/17 21:31:02.431, 62, 28.91 W, 22 %, 4586 MiB, 0x0000000000000000, Not Active, Not Active
2026/09/17 21:31:04.472, 61, 26.98 W, 21 %, 4586 MiB, 0x0000000000000000, Not Active, Not Active
2026/09/17 21:31:06.512, 61, 31.36 W, 22 %, 4586 MiB, 0x0000000000000000, Not Active, Not Active
2026/09/17 21:31:08.555, 61, 31.07 W, 22 %, 4586 MiB, 0x0000000000000000, Not Active, Not Active
2026/09/17 21:31:10.596, 61, 31.06 W, 20 %, 4586 MiB, 0x0000000000000000, Not Active, Not Active
2026/09/17 21:31:12.638, 61, 31.20 W, 20 %, 4586 MiB, 0x0000000000000000, Not Active, Not Active
2026/09/17 21:31:14.679, 61, 28.11 W, 22 %, 4586 MiB, 0x0000000000000000, Not Active, Not Active
2026/09/17 21:31:16.720, 61, 31.27 W, 20 %, 4586 MiB, 0x0000000000000000, Not Active, Not Active
2026/09/17 21:31:18.759, 61, 28.93 W, 22 %, 4586 MiB, 0x0000000000000000, Not Active, Not Active
2026/09/17 21:31:20.799, 61, 31.34 W, 22 %, 4586 MiB, 0x0000000000000000, Not Active, Not Active
2026/09/17 21:31:22.842, 61, 28.49 W, 19 %, 4586 MiB, 0x0000000000000000, Not Active, Not Active
2026/09/17 21:31:24.882, 61, 31.22 W, 22 %, 4586 MiB, 0x0000000000000000, Not Active, Not Active
2026/09/17 21:31:26.922, 61, 28.97 W, 22 %, 4586 MiB, 0x0000000000000000, Not Active, Not Active
2026/09/17 21:31:28.961, 61, 31.17 W, 21 %, 4586 MiB, 0x0000000000000000, Not Active, Not Active
2026/09/17 21:31:31.001, 61, 30.03 W, 22 %, 4586 MiB, 0x0000000000000000, Not Active, Not Active
2026/09/17 21:31:33.043, 61, 31.12 W, 21 %, 4586 MiB, 0x0000000000000000, Not Active, Not Active
2026/09/17 21:31:35.084, 61, 28.57 W, 18 %, 4586 MiB, 0x0000000000000000, Not Active, Not Active
2026/09/17 21:31:37.125, 61, 31.38 W, 21 %, 4586 MiB, 0x0000000000000000, Not Active, Not Active
2026/09/17 21:31:39.166, 61, 28.90 W, 22 %, 4586 MiB, 0x0000000000000000, Not Active, Not Active
2026/09/17 21:31:41.207, 61, 30.64 W, 21 %, 4586 MiB, 0x0000000000000000, Not Active, Not Active
2026/09/17 21:31:43.249, 61, 31.16 W, 22 %, 4586 MiB, 0x0000000000000000, Not Active, Not Active
2026/09/17 21:31:45.292, 61, 31.28 W, 22 %, 4586 MiB, 0x0000000000000000, Not Active, Not Active
2026/09/17 21:31:47.333, 61, 30.36 W, 6 %, 4586 MiB, 0x0000000000000000, Not Active, Not Active
2026/09/17 21:31:49.374, 61, 31.05 W, 22 %, 4586 MiB, 0x0000000000000000, Not Active, Not Active
2026/09/17 21:31:51.414, 61, 29.55 W, 22 %, 4586 MiB, 0x0000000000000000, Not Active, Not Active
2026/09/17 21:31:53.456, 61, 29.69 W, 21 %, 4586 MiB, 0x0000000000000000, Not Active, Not Active
2026/09/17 21:31:55.497, 61, 31.19 W, 22 %, 4586 MiB, 0x0000000000000000, Not Active, Not Active
2026/09/17 21:31:57.538, 61, 31.21 W, 20 %, 4586 MiB, 0x0000000000000000, Not Active, Not Active
2026/09/17 21:31:59.581, 61, 28.67 W, 22 %, 4586 MiB, 0x0000000000000000, Not Active, Not Active
2026/09/17 21:32:01.622, 61, 31.36 W, 22 %, 4586 MiB, 0x0000000000000000, Not Active, Not Active
2026/09/17 21:32:03.662, 61, 31.08 W, 22 %, 4586 MiB, 0x0000000000000000, Not Active, Not Active
2026/09/17 21:32:05.703, 61, 31.16 W, 22 %, 4586 MiB, 0x0000000000000000, Not Active, Not Active
2026/09/17 21:32:07.745, 61, 31.04 W, 22 %, 4586 MiB, 0x0000000000000000, Not Active, Not Active
2026/09/17 21:32:09.787, 61, 31.17 W, 21 %, 4586 MiB, 0x0000000000000000, Not Active, Not Active
2026/09/17 21:32:11.828, 61, 28.72 W, 22 %, 4586 MiB, 0x0000000000000000, Not Active, Not Active
2026/09/17 21:32:13.867, 61, 31.01 W, 21 %, 4586 MiB, 0x0000000000000000, Not Active, Not Active
2026/09/17 21:32:15.908, 61, 31.23 W, 22 %, 4586 MiB, 0x0000000000000000, Not Active, Not Active
2026/09/17 21:32:17.950, 61, 28.72 W, 22 %, 4586 MiB, 0x0000000000000000, Not Active, Not Active
2026/09/17 21:32:19.991, 61, 30.77 W, 20 %, 4586 MiB, 0x0000000000000000, Not Active, Not Active
2026/09/17 21:32:22.032, 61, 30.71 W, 22 %, 4586 MiB, 0x0000000000000000, Not Active, Not Active
2026/09/17 21:32:24.074, 61, 31.06 W, 22 %, 4586 MiB, 0x0000000000000000, Not Active, Not Active
2026/09/17 21:32:26.113, 61, 31.32 W, 21 %, 4586 MiB, 0x0000000000000000, Not Active, Not Active
2026/09/17 21:32:28.154, 61, 26.36 W, 21 %, 103 MiB, 0x0000000000000000, Not Active, Not Active
2026/09/17 21:32:30.195, 60, 16.27 W, 0 %, 103 MiB, 0x0000000000000001, Not Active, Not Active
2026/09/17 21:32:32.271, 58, 4.09 W, 0 %, 103 MiB, 0x0000000000000001, Not Active, Not Active
2026/09/17 21:32:34.340, 58, 4.14 W, 0 %, 103 MiB, 0x0000000000000001, Not Active, Not Active
2026/09/17 21:32:36.407, 57, 4.10 W, 0 %, 103 MiB, 0x0000000000000001, Not Active, Not Active
2026/09/17 21:32:38.476, 57, 3.98 W, 0 %, 103 MiB, 0x0000000000000001, Not Active, Not Active
2026/09/17 21:32:40.543, 57, 4.00 W, 0 %, 103 MiB, 0x0000000000000001, Not Active, Not Active
2026/09/17 21:32:42.614, 57, 4.04 W, 0 %, 103 MiB, 0x0000000000000001, Not Active, Not Active
2026/09/17 21:32:44.683, 56, 4.11 W, 0 %, 103 MiB, 0x0000000000000001, Not Active, Not Active
2026/09/17 21:32:46.749, 56, 3.89 W, 0 %, 103 MiB, 0x0000000000000001, Not Active, Not Active
2026/09/17 21:32:48.817, 56, 3.93 W, 0 %, 103 MiB, 0x0000000000000001, Not Active, Not Active
2026/09/17 21:32:50.884, 56, 3.87 W, 0 %, 103 MiB, 0x0000000000000001, Not Active, Not Active
2026/09/17 21:32:52.951, 55, 4.07 W, 0 %, 103 MiB, 0x0000000000000001, Not Active, Not Active
2026/09/17 21:32:55.018, 55, 3.91 W, 0 %, 103 MiB, 0x0000000000000001, Not Active, Not Active
2026/09/17 21:32:57.088, 55, 3.88 W, 0 %, 103 MiB, 0x0000000000000001, Not Active, Not Active
2026/09/17 21:32:59.155, 55, 4.19 W, 0 %, 103 MiB, 0x0000000000000001, Not Active, Not Active
2026/09/17 21:33:01.222, 55, 4.26 W, 0 %, 103 MiB, 0x0000000000000001, Not Active, Not Active
2026/09/17 21:33:03.294, 55, 3.96 W, 0 %, 103 MiB, 0x0000000000000001, Not Active, Not Active
2026/09/17 21:33:05.373, 55, 3.92 W, 0 %, 103 MiB, 0x0000000000000001, Not Active, Not Active
2026/09/17 21:33:07.456, 54, 3.84 W, 0 %, 103 MiB, 0x0000000000000001, Not Active, Not Active
2026/09/17 21:33:09.540, 54, 3.83 W, 0 %, 103 MiB, 0x0000000000000001, Not Active, Not Active
2026/09/17 21:33:11.610, 54, 3.89 W, 0 %, 103 MiB, 0x0000000000000001, Not Active, Not Active
2026/09/17 21:33:13.678, 54, 3.98 W, 0 %, 103 MiB, 0x0000000000000001, Not Active, Not Active
2026/09/17 21:33:15.746, 54, 4.06 W, 0 %, 103 MiB, 0x0000000000000001, Not Active, Not Active
2026/09/17 21:33:17.814, 54, 3.82 W, 0 %, 103 MiB, 0x0000000000000001, Not Active, Not Active
2026/09/17 21:33:19.881, 54, 3.74 W, 0 %, 103 MiB, 0x0000000000000001, Not Active, Not Active
2026/09/17 21:33:21.950, 54, 3.80 W, 0 %, 103 MiB, 0x0000000000000001, Not Active, Not Active
2026/09/17 21:33:24.018, 53, 3.89 W, 0 %, 103 MiB, 0x0000000000000001, Not Active, Not Active
2026/09/17 21:33:26.088, 53, 3.83 W, 0 %, 103 MiB, 0x0000000000000001, Not Active, Not Active
2026/09/17 21:33:28.162, 53, 3.77 W, 0 %, 103 MiB, 0x0000000000000001, Not Active, Not Active
2026/09/17 21:33:30.230, 53, 4.14 W, 0 %, 103 MiB, 0x0000000000000001, Not Active, Not Active
2026/09/17 21:33:32.298, 53, 3.88 W, 0 %, 103 MiB, 0x0000000000000001, Not Active, Not Active
2026/09/17 21:33:34.366, 53, 3.91 W, 0 %, 103 MiB, 0x0000000000000001, Not Active, Not Active
2026/09/17 21:33:36.434, 53, 3.85 W, 0 %, 103 MiB, 0x0000000000000001, Not Active, Not Active
2026/09/17 21:33:38.502, 53, 3.94 W, 0 %, 103 MiB, 0x0000000000000001, Not Active, Not Active
2026/09/17 21:33:40.572, 53, 3.84 W, 0 %, 103 MiB, 0x0000000000000001, Not Active, Not Active
2026/09/17 21:33:42.646, 52, 4.13 W, 0 %, 103 MiB, 0x0000000000000001, Not Active, Not Active
2026/09/17 21:33:44.714, 52, 4.05 W, 0 %, 103 MiB, 0x0000000000000001, Not Active, Not Active
2026/09/17 21:33:46.783, 52, 3.72 W, 0 %, 103 MiB, 0x0000000000000001, Not Active, Not Active
2026/09/17 21:33:48.851, 52, 3.94 W, 0 %, 103 MiB, 0x0000000000000001, Not Active, Not Active
2026/09/17 21:33:50.918, 52, 3.87 W, 0 %, 103 MiB, 0x0000000000000001, Not Active, Not Active
2026/09/17 21:33:52.990, 52, 3.78 W, 0 %, 103 MiB, 0x0000000000000001, Not Active, Not Active
2026/09/17 21:33:55.057, 52, 3.93 W, 0 %, 103 MiB, 0x0000000000000001, Not Active, Not Active
2026/09/17 21:33:57.126, 52, 3.91 W, 0 %, 103 MiB, 0x0000000000000001, Not Active, Not Active
2026/09/17 21:33:59.193, 52, 4.03 W, 0 %, 103 MiB, 0x0000000000000001, Not Active, Not Active
2026/09/17 21:34:01.261, 52, 3.73 W, 0 %, 103 MiB, 0x0000000000000001, Not Active, Not Active
2026/09/17 21:34:03.339, 52, 3.81 W, 0 %, 103 MiB, 0x0000000000000001, Not Active, Not Active
2026/09/17 21:34:05.423, 51, 3.95 W, 0 %, 103 MiB, 0x0000000000000001, Not Active, Not Active
2026/09/17 21:34:07.493, 51, 3.73 W, 0 %, 103 MiB, 0x0000000000000001, Not Active, Not Active
2026/09/17 21:34:09.561, 51, 3.74 W, 0 %, 103 MiB, 0x0000000000000001, Not Active, Not Active
2026/09/17 21:34:11.631, 51, 3.62 W, 0 %, 103 MiB, 0x0000000000000001, Not Active, Not Active
2026/09/17 21:34:13.699, 51, 3.90 W, 0 %, 103 MiB, 0x0000000000000001, Not Active, Not Active
2026/09/17 21:34:15.767, 51, 3.66 W, 0 %, 103 MiB, 0x0000000000000001, Not Active, Not Active
2026/09/17 21:34:17.835, 51, 3.73 W, 0 %, 103 MiB, 0x0000000000000001, Not Active, Not Active
2026/09/17 21:34:19.903, 51, 3.73 W, 0 %, 103 MiB, 0x0000000000000001, Not Active, Not Active
2026/09/17 21:34:21.971, 51, 3.80 W, 0 %, 103 MiB, 0x0000000000000001, Not Active, Not Active
2026/09/17 21:34:24.039, 51, 3.70 W, 0 %, 103 MiB, 0x0000000000000001, Not Active, Not Active
2026/09/17 21:34:26.109, 51, 3.75 W, 0 %, 103 MiB, 0x0000000000000001, Not Active, Not Active
2026/09/17 21:34:28.183, 51, 3.85 W, 0 %, 103 MiB, 0x0000000000000001, Not Active, Not Active
2026/09/17 21:34:30.251, 50, 3.97 W, 0 %, 103 MiB, 0x0000000000000001, Not Active, Not Active
2026/09/17 21:34:32.320, 50, 3.73 W, 0 %, 103 MiB, 0x0000000000000001, Not Active, Not Active
2026/09/17 21:34:34.387, 50, 3.63 W, 0 %, 103 MiB, 0x0000000000000001, Not Active, Not Active
2026/09/17 21:34:36.461, 50, 3.74 W, 0 %, 103 MiB, 0x0000000000000001, Not Active, Not Active
2026/09/17 21:34:38.531, 50, 3.75 W, 0 %, 103 MiB, 0x0000000000000001, Not Active, Not Active
2026/09/17 21:34:40.598, 50, 3.66 W, 0 %, 103 MiB, 0x0000000000000001, Not Active, Not Active
2026/09/17 21:34:42.670, 50, 3.60 W, 0 %, 103 MiB, 0x0000000000000001, Not Active, Not Active
2026/09/17 21:34:44.739, 50, 3.83 W, 0 %, 103 MiB, 0x0000000000000001, Not Active, Not Active
2026/09/17 21:34:46.807, 50, 3.84 W, 0 %, 103 MiB, 0x0000000000000001, Not Active, Not Active
2026/09/17 21:34:48.875, 50, 3.59 W, 0 %, 103 MiB, 0x0000000000000001, Not Active, Not Active
2026/09/17 21:34:50.943, 50, 3.78 W, 0 %, 103 MiB, 0x0000000000000001, Not Active, Not Active
2026/09/17 21:34:53.010, 50, 3.70 W, 0 %, 103 MiB, 0x0000000000000001, Not Active, Not Active
2026/09/17 21:34:55.078, 50, 3.62 W, 0 %, 103 MiB, 0x0000000000000001, Not Active, Not Active
2026/09/17 21:34:57.149, 50, 3.67 W, 0 %, 103 MiB, 0x0000000000000001, Not Active, Not Active
2026/09/17 21:34:59.217, 50, 3.79 W, 0 %, 103 MiB, 0x0000000000000001, Not Active, Not Active
2026/09/17 21:35:01.287, 50, 3.79 W, 0 %, 103 MiB, 0x0000000000000001, Not Active, Not Active
2026/09/17 21:35:03.363, 50, 3.69 W, 0 %, 103 MiB, 0x0000000000000001, Not Active, Not Active
2026/09/17 21:35:05.434, 50, 3.72 W, 0 %, 103 MiB, 0x0000000000000001, Not Active, Not Active
2026/09/17 21:35:07.506, 50, 3.64 W, 0 %, 103 MiB, 0x0000000000000001, Not Active, Not Active
2026/09/17 21:35:09.579, 49, 3.79 W, 0 %, 103 MiB, 0x0000000000000001, Not Active, Not Active
2026/09/17 21:35:11.655, 49, 3.83 W, 0 %, 103 MiB, 0x0000000000000001, Not Active, Not Active
2026/09/17 21:35:13.724, 49, 3.81 W, 0 %, 103 MiB, 0x0000000000000001, Not Active, Not Active
2026/09/17 21:35:15.791, 49, 3.66 W, 0 %, 103 MiB, 0x0000000000000001, Not Active, Not Active
2026/09/17 21:35:17.858, 49, 3.62 W, 0 %, 103 MiB, 0x0000000000000001, Not Active, Not Active
2026/09/17 21:35:19.926, 49, 3.69 W, 0 %, 103 MiB, 0x0000000000000001, Not Active, Not Active
2026/09/17 21:35:21.995, 49, 3.83 W, 0 %, 103 MiB, 0x0000000000000001, Not Active, Not Active
2026/09/17 21:35:24.063, 49, 3.61 W, 0 %, 103 MiB, 0x0000000000000001, Not Active, Not Active
2026/09/17 21:35:26.132, 49, 3.63 W, 0 %, 103 MiB, 0x0000000000000001, Not Active, Not Active
2026/09/17 21:35:28.205, 49, 4.00 W, 0 %, 103 MiB, 0x0000000000000001, Not Active, Not Active
2026/09/17 21:35:30.273, 49, 3.67 W, 0 %, 103 MiB, 0x0000000000000001, Not Active, Not Active
2026/09/17 21:35:32.341, 49, 3.85 W, 0 %, 103 MiB, 0x0000000000000001, Not Active, Not Active
2026/09/17 21:35:34.409, 49, 3.69 W, 0 %, 103 MiB, 0x0000000000000001, Not Active, Not Active
2026/09/17 21:35:36.476, 49, 3.65 W, 0 %, 103 MiB, 0x0000000000000001, Not Active, Not Active
2026/09/17 21:35:38.545, 49, 3.88 W, 0 %, 103 MiB, 0x0000000000000001, Not Active, Not Active
2026/09/17 21:35:40.614, 49, 3.66 W, 0 %, 103 MiB, 0x0000000000000001, Not Active, Not Active
2026/09/17 21:35:42.687, 49, 3.66 W, 0 %, 103 MiB, 0x0000000000000001, Not Active, Not Active
2026/09/17 21:35:44.755, 49, 3.71 W, 0 %, 103 MiB, 0x0000000000000001, Not Active, Not Active
2026/09/17 21:35:46.823, 49, 3.69 W, 0 %, 103 MiB, 0x0000000000000001, Not Active, Not Active
2026/09/17 21:35:48.891, 49, 3.60 W, 0 %, 103 MiB, 0x0000000000000001, Not Active, Not Active
2026/09/17 21:35:50.959, 49, 3.59 W, 0 %, 103 MiB, 0x0000000000000001, Not Active, Not Active
2026/09/17 21:35:53.026, 49, 3.68 W, 0 %, 103 MiB, 0x0000000000000001, Not Active, Not Active
2026/09/17 21:35:55.095, 49, 3.64 W, 0 %, 103 MiB, 0x0000000000000001, Not Active, Not Active
2026/09/17 21:35:57.165, 49, 3.59 W, 0 %, 103 MiB, 0x0000000000000001, Not Active, Not Active
2026/09/17 21:35:59.233, 49, 3.78 W, 0 %, 103 MiB, 0x0000000000000001, Not Active, Not Active
2026/09/17 21:36:01.301, 49, 3.85 W, 0 %, 103 MiB, 0x0000000000000001, Not Active, Not Active
2026/09/17 21:36:03.378, 49, 3.58 W, 0 %, 103 MiB, 0x0000000000000001, Not Active, Not Active
2026/09/17 21:36:05.460, 49, 3.65 W, 0 %, 103 MiB, 0x0000000000000001, Not Active, Not Active
2026/09/17 21:36:07.545, 49, 3.69 W, 0 %, 103 MiB, 0x0000000000000001, Not Active, Not Active
2026/09/17 21:36:09.613, 49, 3.66 W, 0 %, 103 MiB, 0x0000000000000001, Not Active, Not Active
2026/09/17 21:36:11.684, 48, 3.67 W, 0 %, 103 MiB, 0x0000000000000001, Not Active, Not Active
2026/09/17 21:36:13.752, 48, 3.73 W, 0 %, 103 MiB, 0x0000000000000001, Not Active, Not Active
2026/09/17 21:36:15.820, 48, 3.77 W, 0 %, 103 MiB, 0x0000000000000001, Not Active, Not Active
2026/09/17 21:36:17.888, 48, 3.57 W, 0 %, 103 MiB, 0x0000000000000001, Not Active, Not Active
2026/09/17 21:36:19.957, 48, 3.57 W, 0 %, 103 MiB, 0x0000000000000001, Not Active, Not Active
2026/09/17 21:36:22.025, 48, 3.60 W, 0 %, 103 MiB, 0x0000000000000001, Not Active, Not Active
2026/09/17 21:36:24.093, 48, 3.56 W, 0 %, 103 MiB, 0x0000000000000001, Not Active, Not Active
2026/09/17 21:36:26.160, 48, 3.61 W, 0 %, 103 MiB, 0x0000000000000001, Not Active, Not Active
2026/09/17 21:36:28.233, 48, 3.58 W, 0 %, 103 MiB, 0x0000000000000001, Not Active, Not Active
2026/09/17 21:36:30.301, 48, 3.80 W, 0 %, 103 MiB, 0x0000000000000001, Not Active, Not Active
2026/09/17 21:36:32.369, 48, 3.60 W, 0 %, 103 MiB, 0x0000000000000001, Not Active, Not Active
2026/09/17 21:36:34.435, 48, 3.69 W, 0 %, 103 MiB, 0x0000000000000001, Not Active, Not Active
2026/09/17 21:36:36.504, 48, 3.60 W, 0 %, 103 MiB, 0x0000000000000001, Not Active, Not Active
2026/09/17 21:36:38.572, 48, 3.62 W, 0 %, 103 MiB, 0x0000000000000001, Not Active, Not Active
2026/09/17 21:36:40.641, 48, 3.68 W, 0 %, 103 MiB, 0x0000000000000001, Not Active, Not Active
2026/09/17 21:36:42.711, 48, 3.72 W, 0 %, 103 MiB, 0x0000000000000001, Not Active, Not Active
2026/09/17 21:36:44.779, 48, 3.56 W, 0 %, 103 MiB, 0x0000000000000001, Not Active, Not Active
2026/09/17 21:36:46.846, 48, 3.63 W, 0 %, 103 MiB, 0x0000000000000001, Not Active, Not Active
2026/09/17 21:36:48.914, 48, 3.66 W, 0 %, 103 MiB, 0x0000000000000001, Not Active, Not Active
2026/09/17 21:36:50.983, 48, 3.57 W, 0 %, 103 MiB, 0x0000000000000001, Not Active, Not Active
2026/09/17 21:36:53.051, 48, 3.73 W, 0 %, 103 MiB, 0x0000000000000001, Not Active, Not Active
2026/09/17 21:36:55.118, 48, 3.63 W, 0 %, 103 MiB, 0x0000000000000001, Not Active, Not Active
2026/09/17 21:36:57.186, 48, 3.61 W, 0 %, 103 MiB, 0x0000000000000001, Not Active, Not Active
2026/09/17 21:36:59.260, 48, 3.79 W, 0 %, 103 MiB, 0x0000000000000001, Not Active, Not Active
2026/09/17 21:37:01.329, 48, 3.61 W, 0 %, 103 MiB, 0x0000000000000001, Not Active, Not Active
2026/09/17 21:37:03.405, 48, 3.65 W, 0 %, 103 MiB, 0x0000000000000001, Not Active, Not Active
2026/09/17 21:37:05.487, 48, 3.64 W, 0 %, 103 MiB, 0x0000000000000001, Not Active, Not Active
2026/09/17 21:37:07.555, 48, 3.81 W, 0 %, 103 MiB, 0x0000000000000001, Not Active, Not Active
2026/09/17 21:37:09.623, 48, 3.83 W, 0 %, 103 MiB, 0x0000000000000001, Not Active, Not Active
2026/09/17 21:37:11.691, 48, 3.74 W, 0 %, 103 MiB, 0x0000000000000001, Not Active, Not Active
2026/09/17 21:37:13.765, 48, 3.87 W, 0 %, 103 MiB, 0x0000000000000001, Not Active, Not Active
2026/09/17 21:37:15.832, 48, 3.54 W, 0 %, 103 MiB, 0x0000000000000001, Not Active, Not Active
2026/09/17 21:37:17.900, 48, 3.69 W, 0 %, 103 MiB, 0x0000000000000001, Not Active, Not Active
2026/09/17 21:37:19.968, 48, 3.57 W, 0 %, 103 MiB, 0x0000000000000001, Not Active, Not Active
2026/09/17 21:37:22.037, 48, 3.61 W, 0 %, 103 MiB, 0x0000000000000001, Not Active, Not Active
2026/09/17 21:37:24.105, 48, 3.57 W, 0 %, 103 MiB, 0x0000000000000001, Not Active, Not Active
2026/09/17 21:37:26.173, 48, 3.58 W, 0 %, 103 MiB, 0x0000000000000001, Not Active, Not Active
2026/09/17 21:37:28.248, 48, 3.79 W, 0 %, 103 MiB, 0x0000000000000001, Not Active, Not Active
2026/09/17 21:37:30.316, 48, 3.86 W, 0 %, 103 MiB, 0x0000000000000001, Not Active, Not Active
2026/09/17 21:37:32.384, 48, 3.60 W, 0 %, 103 MiB, 0x0000000000000001, Not Active, Not Active
2026/09/17 21:37:34.452, 48, 3.59 W, 0 %, 103 MiB, 0x0000000000000001, Not Active, Not Active
2026/09/17 21:37:36.519, 48, 3.70 W, 0 %, 103 MiB, 0x0000000000000001, Not Active, Not Active
2026/09/17 21:37:38.588, 48, 3.54 W, 0 %, 103 MiB, 0x0000000000000001, Not Active, Not Active
2026/09/17 21:37:40.657, 48, 3.61 W, 0 %, 103 MiB, 0x0000000000000001, Not Active, Not Active
2026/09/17 21:37:42.729, 48, 3.68 W, 0 %, 103 MiB, 0x0000000000000001, Not Active, Not Active
2026/09/17 21:37:44.796, 48, 3.67 W, 0 %, 103 MiB, 0x0000000000000001, Not Active, Not Active
2026/09/17 21:37:46.864, 48, 3.64 W, 0 %, 103 MiB, 0x0000000000000001, Not Active, Not Active
2026/09/17 21:37:48.932, 48, 3.61 W, 0 %, 103 MiB, 0x0000000000000001, Not Active, Not Active
2026/09/17 21:37:51.000, 48, 3.53 W, 0 %, 103 MiB, 0x0000000000000001, Not Active, Not Active
2026/09/17 21:37:53.067, 48, 3.56 W, 0 %, 103 MiB, 0x0000000000000001, Not Active, Not Active
2026/09/17 21:37:55.136, 48, 3.64 W, 0 %, 103 MiB, 0x0000000000000001, Not Active, Not Active
2026/09/17 21:37:57.204, 48, 3.51 W, 0 %, 103 MiB, 0x0000000000000001, Not Active, Not Active
2026/09/17 21:37:59.278, 48, 3.64 W, 0 %, 103 MiB, 0x0000000000000001, Not Active, Not Active
2026/09/17 21:38:01.346, 48, 3.84 W, 0 %, 103 MiB, 0x0000000000000001, Not Active, Not Active
2026/09/17 21:38:03.424, 48, 3.61 W, 0 %, 103 MiB, 0x0000000000000001, Not Active, Not Active
2026/09/17 21:38:05.492, 48, 3.49 W, 0 %, 103 MiB, 0x0000000000000001, Not Active, Not Active
2026/09/17 21:38:07.565, 48, 3.64 W, 0 %, 103 MiB, 0x0000000000000001, Not Active, Not Active
2026/09/17 21:38:09.638, 48, 3.65 W, 0 %, 103 MiB, 0x0000000000000001, Not Active, Not Active
2026/09/17 21:38:11.707, 48, 3.68 W, 0 %, 103 MiB, 0x0000000000000001, Not Active, Not Active
2026/09/17 21:38:13.778, 48, 3.66 W, 0 %, 103 MiB, 0x0000000000000001, Not Active, Not Active
2026/09/17 21:38:15.846, 48, 3.67 W, 0 %, 103 MiB, 0x0000000000000001, Not Active, Not Active
2026/09/17 21:38:17.915, 48, 3.64 W, 0 %, 103 MiB, 0x0000000000000001, Not Active, Not Active
2026/09/17 21:38:19.983, 48, 3.58 W, 0 %, 103 MiB, 0x0000000000000001, Not Active, Not Active
2026/09/17 21:38:22.051, 48, 3.47 W, 0 %, 103 MiB, 0x0000000000000001, Not Active, Not Active
2026/09/17 21:38:24.119, 48, 3.47 W, 0 %, 103 MiB, 0x0000000000000001, Not Active, Not Active
2026/09/17 21:38:26.186, 48, 3.60 W, 0 %, 103 MiB, 0x0000000000000001, Not Active, Not Active
2026/09/17 21:38:28.257, 48, 3.49 W, 0 %, 103 MiB, 0x0000000000000001, Not Active, Not Active
2026/09/17 21:38:30.324, 48, 3.54 W, 0 %, 103 MiB, 0x0000000000000001, Not Active, Not Active
2026/09/17 21:38:32.392, 48, 3.80 W, 0 %, 103 MiB, 0x0000000000000001, Not Active, Not Active
2026/09/17 21:38:34.460, 48, 3.52 W, 0 %, 103 MiB, 0x0000000000000001, Not Active, Not Active
2026/09/17 21:38:36.530, 48, 3.59 W, 0 %, 103 MiB, 0x0000000000000001, Not Active, Not Active
2026/09/17 21:38:38.599, 48, 3.63 W, 0 %, 103 MiB, 0x0000000000000001, Not Active, Not Active
2026/09/17 21:38:40.668, 48, 3.59 W, 0 %, 103 MiB, 0x0000000000000001, Not Active, Not Active
2026/09/17 21:38:42.735, 48, 3.50 W, 0 %, 103 MiB, 0x0000000000000001, Not Active, Not Active
2026/09/17 21:38:44.807, 48, 3.89 W, 0 %, 103 MiB, 0x0000000000000001, Not Active, Not Active
2026/09/17 21:38:46.878, 48, 3.67 W, 0 %, 103 MiB, 0x0000000000000001, Not Active, Not Active
2026/09/17 21:38:48.946, 48, 3.64 W, 0 %, 103 MiB, 0x0000000000000001, Not Active, Not Active
2026/09/17 21:38:51.013, 48, 3.62 W, 0 %, 103 MiB, 0x0000000000000001, Not Active, Not Active
2026/09/17 21:38:53.081, 48, 3.56 W, 0 %, 103 MiB, 0x0000000000000001, Not Active, Not Active
2026/09/17 21:38:55.150, 48, 3.72 W, 0 %, 103 MiB, 0x0000000000000001, Not Active, Not Active
2026/09/17 21:38:57.217, 48, 3.59 W, 0 %, 103 MiB, 0x0000000000000001, Not Active, Not Active
2026/09/17 21:38:59.290, 48, 3.78 W, 0 %, 103 MiB, 0x0000000000000001, Not Active, Not Active
2026/09/17 21:39:01.358, 48, 3.82 W, 0 %, 103 MiB, 0x0000000000000001, Not Active, Not Active
2026/09/17 21:39:03.434, 48, 3.63 W, 0 %, 103 MiB, 0x0000000000000001, Not Active, Not Active
2026/09/17 21:39:05.517, 48, 3.56 W, 0 %, 103 MiB, 0x0000000000000001, Not Active, Not Active
2026/09/17 21:39:07.603, 48, 3.67 W, 0 %, 103 MiB, 0x0000000000000001, Not Active, Not Active
2026/09/17 21:39:09.671, 48, 3.68 W, 0 %, 103 MiB, 0x0000000000000001, Not Active, Not Active
2026/09/17 21:39:11.738, 48, 3.60 W, 0 %, 103 MiB, 0x0000000000000001, Not Active, Not Active
2026/09/17 21:39:13.812, 48, 3.83 W, 0 %, 103 MiB, 0x0000000000000001, Not Active, Not Active
2026/09/17 21:39:15.880, 48, 3.75 W, 0 %, 103 MiB, 0x0000000000000001, Not Active, Not Active
2026/09/17 21:39:17.947, 48, 3.54 W, 0 %, 103 MiB, 0x0000000000000001, Not Active, Not Active
2026/09/17 21:39:20.017, 48, 3.57 W, 0 %, 103 MiB, 0x0000000000000001, Not Active, Not Active
2026/09/17 21:39:22.085, 48, 3.61 W, 0 %, 103 MiB, 0x0000000000000001, Not Active, Not Active
2026/09/17 21:39:24.151, 48, 3.62 W, 0 %, 103 MiB, 0x0000000000000001, Not Active, Not Active
2026/09/17 21:39:26.219, 48, 3.61 W, 0 %, 103 MiB, 0x0000000000000001, Not Active, Not Active
2026/09/17 21:39:28.289, 48, 3.58 W, 0 %, 103 MiB, 0x0000000000000001, Not Active, Not Active
2026/09/17 21:39:30.357, 48, 3.73 W, 0 %, 103 MiB, 0x0000000000000001, Not Active, Not Active
2026/09/17 21:39:32.424, 48, 3.59 W, 0 %, 103 MiB, 0x0000000000000001, Not Active, Not Active
2026/09/17 21:39:34.491, 48, 3.62 W, 0 %, 103 MiB, 0x0000000000000001, Not Active, Not Active
2026/09/17 21:39:36.559, 48, 3.52 W, 0 %, 103 MiB, 0x0000000000000001, Not Active, Not Active
2026/09/17 21:39:38.627, 48, 3.47 W, 0 %, 103 MiB, 0x0000000000000001, Not Active, Not Active
2026/09/17 21:39:40.693, 48, 3.54 W, 0 %, 103 MiB, 0x0000000000000001, Not Active, Not Active
2026/09/17 21:39:42.761, 47, 3.53 W, 0 %, 103 MiB, 0x0000000000000001, Not Active, Not Active
2026/09/17 21:39:44.833, 48, 3.53 W, 0 %, 103 MiB, 0x0000000000000001, Not Active, Not Active
2026/09/17 21:39:46.900, 48, 3.81 W, 0 %, 103 MiB, 0x0000000000000001, Not Active, Not Active
2026/09/17 21:39:48.967, 48, 3.54 W, 0 %, 103 MiB, 0x0000000000000001, Not Active, Not Active
2026/09/17 21:39:51.036, 47, 3.58 W, 0 %, 103 MiB, 0x0000000000000001, Not Active, Not Active
2026/09/17 21:39:53.103, 47, 3.60 W, 0 %, 103 MiB, 0x0000000000000001, Not Active, Not Active
2026/09/17 21:39:55.171, 48, 3.54 W, 0 %, 103 MiB, 0x0000000000000001, Not Active, Not Active
2026/09/17 21:39:57.239, 47, 3.54 W, 0 %, 103 MiB, 0x0000000000000001, Not Active, Not Active
2026/09/17 21:39:59.310, 48, 3.51 W, 0 %, 103 MiB, 0x0000000000000001, Not Active, Not Active
2026/09/17 21:40:01.377, 47, 3.76 W, 0 %, 103 MiB, 0x0000000000000001, Not Active, Not Active
2026/09/17 21:40:03.454, 47, 3.91 W, 0 %, 103 MiB, 0x0000000000000001, Not Active, Not Active
2026/09/17 21:40:05.538, 47, 3.62 W, 0 %, 103 MiB, 0x0000000000000001, Not Active, Not Active
2026/09/17 21:40:07.607, 47, 3.55 W, 0 %, 103 MiB, 0x0000000000000001, Not Active, Not Active
2026/09/17 21:40:09.676, 47, 3.62 W, 0 %, 103 MiB, 0x0000000000000001, Not Active, Not Active
2026/09/17 21:40:11.743, 47, 3.68 W, 0 %, 103 MiB, 0x0000000000000001, Not Active, Not Active
2026/09/17 21:40:13.812, 47, 3.57 W, 0 %, 103 MiB, 0x0000000000000001, Not Active, Not Active
2026/09/17 21:40:15.883, 47, 3.90 W, 0 %, 103 MiB, 0x0000000000000001, Not Active, Not Active
2026/09/17 21:40:17.950, 47, 3.91 W, 0 %, 103 MiB, 0x0000000000000001, Not Active, Not Active
2026/09/17 21:40:20.018, 47, 3.56 W, 0 %, 103 MiB, 0x0000000000000001, Not Active, Not Active
2026/09/17 21:40:22.086, 47, 3.59 W, 0 %, 103 MiB, 0x0000000000000001, Not Active, Not Active
2026/09/17 21:40:24.154, 47, 3.68 W, 0 %, 103 MiB, 0x0000000000000001, Not Active, Not Active
2026/09/17 21:40:26.221, 47, 3.79 W, 0 %, 103 MiB, 0x0000000000000001, Not Active, Not Active
2026/09/17 21:40:28.290, 47, 3.67 W, 0 %, 103 MiB, 0x0000000000000001, Not Active, Not Active
2026/09/17 21:40:30.364, 47, 3.80 W, 0 %, 103 MiB, 0x0000000000000001, Not Active, Not Active
2026/09/17 21:40:32.432, 47, 3.67 W, 0 %, 103 MiB, 0x0000000000000001, Not Active, Not Active
2026/09/17 21:40:34.502, 47, 3.67 W, 0 %, 103 MiB, 0x0000000000000001, Not Active, Not Active
2026/09/17 21:40:36.570, 47, 3.55 W, 0 %, 103 MiB, 0x0000000000000001, Not Active, Not Active
2026/09/17 21:40:38.638, 47, 3.54 W, 0 %, 103 MiB, 0x0000000000000001, Not Active, Not Active
2026/09/17 21:40:40.707, 47, 3.53 W, 0 %, 103 MiB, 0x0000000000000001, Not Active, Not Active
2026/09/17 21:40:42.775, 47, 3.62 W, 0 %, 116 MiB, 0x0000000000000000, Not Active, Not Active
2026/09/17 21:40:44.827, 49, 21.97 W, 0 %, 176 MiB, 0x0000000000000000, Not Active, Not Active
2026/09/17 21:40:46.867, 49, 21.90 W, 0 %, 176 MiB, 0x0000000000000000, Not Active, Not Active
2026/09/17 21:40:48.906, 49, 21.88 W, 0 %, 176 MiB, 0x0000000000000000, Not Active, Not Active
2026/09/17 21:40:50.944, 49, 21.90 W, 0 %, 176 MiB, 0x0000000000000000, Not Active, Not Active
2026/09/17 21:40:52.983, 49, 21.91 W, 0 %, 176 MiB, 0x0000000000000000, Not Active, Not Active
2026/09/17 21:40:55.022, 51, 30.65 W, 0 %, 3646 MiB, 0x0000000000000000, Not Active, Not Active
2026/09/17 21:40:57.057, 50, 22.12 W, 0 %, 3646 MiB, 0x0000000000000000, Not Active, Not Active
2026/09/17 21:40:59.096, 50, 22.13 W, 0 %, 3664 MiB, 0x0000000000000000, Not Active, Not Active
2026/09/17 21:41:01.136, 50, 22.08 W, 0 %, 3664 MiB, 0x0000000000000000, Not Active, Not Active
2026/09/17 21:41:03.177, 50, 22.01 W, 0 %, 3664 MiB, 0x0000000000000000, Not Active, Not Active
2026/09/17 21:41:05.216, 50, 22.17 W, 0 %, 3664 MiB, 0x0000000000000000, Not Active, Not Active
2026/09/17 21:41:07.254, 50, 22.14 W, 0 %, 3664 MiB, 0x0000000000000000, Not Active, Not Active
2026/09/17 21:41:09.293, 50, 22.18 W, 0 %, 3664 MiB, 0x0000000000000000, Not Active, Not Active
2026/09/17 21:41:11.335, 50, 22.10 W, 0 %, 3664 MiB, 0x0000000000000000, Not Active, Not Active
2026/09/17 21:41:13.374, 50, 22.18 W, 0 %, 3664 MiB, 0x0000000000000000, Not Active, Not Active
2026/09/17 21:41:15.412, 50, 22.16 W, 0 %, 3664 MiB, 0x0000000000000000, Not Active, Not Active
2026/09/17 21:41:17.451, 49, 3.72 W, 0 %, 3664 MiB, 0x0000000000000001, Not Active, Not Active
2026/09/17 21:41:19.518, 49, 3.65 W, 0 %, 3664 MiB, 0x0000000000000001, Not Active, Not Active
2026/09/17 21:41:21.584, 50, 22.15 W, 0 %, 3664 MiB, 0x0000000000000000, Not Active, Not Active
2026/09/17 21:41:23.624, 50, 22.19 W, 0 %, 3664 MiB, 0x0000000000000000, Not Active, Not Active
2026/09/17 21:41:25.662, 50, 22.13 W, 0 %, 3664 MiB, 0x0000000000000000, Not Active, Not Active
2026/09/17 21:41:27.700, 50, 22.20 W, 0 %, 3664 MiB, 0x0000000000000000, Not Active, Not Active
2026/09/17 21:41:29.739, 50, 22.21 W, 0 %, 3664 MiB, 0x0000000000000000, Not Active, Not Active
2026/09/17 21:41:31.779, 50, 22.18 W, 0 %, 3664 MiB, 0x0000000000000000, Not Active, Not Active
2026/09/17 21:41:33.821, 50, 22.26 W, 0 %, 3664 MiB, 0x0000000000000000, Not Active, Not Active
2026/09/17 21:41:35.860, 50, 22.19 W, 0 %, 3664 MiB, 0x0000000000000000, Not Active, Not Active
2026/09/17 21:41:37.901, 51, 22.25 W, 0 %, 3664 MiB, 0x0000000000000000, Not Active, Not Active
2026/09/17 21:41:39.941, 51, 22.19 W, 0 %, 3664 MiB, 0x0000000000000000, Not Active, Not Active
2026/09/17 21:41:41.980, 51, 22.25 W, 0 %, 3664 MiB, 0x0000000000000000, Not Active, Not Active
2026/09/17 21:41:44.017, 51, 22.27 W, 0 %, 3664 MiB, 0x0000000000000000, Not Active, Not Active
2026/09/17 21:41:46.057, 51, 22.15 W, 0 %, 3664 MiB, 0x0000000000000000, Not Active, Not Active
2026/09/17 21:41:48.098, 51, 22.94 W, 3 %, 3678 MiB, 0x0000000000000000, Not Active, Not Active
2026/09/17 21:41:50.137, 51, 23.85 W, 18 %, 3678 MiB, 0x0000000000000000, Not Active, Not Active
2026/09/17 21:41:52.175, 52, 30.93 W, 5 %, 3678 MiB, 0x0000000000000000, Not Active, Not Active
2026/09/17 21:41:54.208, 51, 22.27 W, 0 %, 3678 MiB, 0x0000000000000000, Not Active, Not Active
2026/09/17 21:41:56.246, 51, 22.24 W, 0 %, 3678 MiB, 0x0000000000000000, Not Active, Not Active
2026/09/17 21:41:58.284, 51, 22.17 W, 0 %, 3678 MiB, 0x0000000000000000, Not Active, Not Active
2026/09/17 21:42:00.323, 51, 22.24 W, 0 %, 3678 MiB, 0x0000000000000000, Not Active, Not Active
2026/09/17 21:42:02.362, 51, 22.42 W, 0 %, 3678 MiB, 0x0000000000000000, Not Active, Not Active
2026/09/17 21:42:04.401, 51, 23.12 W, 0 %, 3678 MiB, 0x0000000000000000, Not Active, Not Active
2026/09/17 21:42:06.443, 53, 31.62 W, 32 %, 3678 MiB, 0x0000000000000000, Not Active, Not Active
2026/09/17 21:42:08.482, 54, 43.38 W, 40 %, 3678 MiB, 0x0000000000000000, Not Active, Not Active
2026/09/17 21:42:10.520, 55, 44.21 W, 43 %, 3712 MiB, 0x0000000000000000, Not Active, Not Active
2026/09/17 21:42:12.557, 56, 43.47 W, 89 %, 3712 MiB, 0x0000000000000000, Not Active, Not Active
2026/09/17 21:42:14.593, 56, 45.65 W, 87 %, 3712 MiB, 0x0000000000000000, Not Active, Not Active
2026/09/17 21:42:16.630, 57, 53.01 W, 73 %, 3712 MiB, 0x0000000000000000, Not Active, Not Active
2026/09/17 21:42:18.665, 57, 50.42 W, 85 %, 3712 MiB, 0x0000000000000000, Not Active, Not Active
2026/09/17 21:42:20.701, 57, 49.09 W, 96 %, 3712 MiB, 0x0000000000000000, Not Active, Not Active
2026/09/17 21:42:22.739, 57, 46.73 W, 92 %, 3712 MiB, 0x0000000000000000, Not Active, Not Active
2026/09/17 21:42:24.776, 58, 50.00 W, 97 %, 3712 MiB, 0x0000000000000000, Not Active, Not Active
2026/09/17 21:42:26.810, 59, 58.72 W, 67 %, 3712 MiB, 0x0000000000000000, Not Active, Not Active
2026/09/17 21:42:28.847, 59, 58.22 W, 43 %, 3712 MiB, 0x0000000000000000, Not Active, Not Active
2026/09/17 21:42:30.882, 59, 49.22 W, 67 %, 3712 MiB, 0x0000000000000000, Not Active, Not Active
2026/09/17 21:42:32.919, 59, 52.58 W, 98 %, 3712 MiB, 0x0000000000000000, Not Active, Not Active
2026/09/17 21:42:34.954, 59, 51.32 W, 98 %, 3712 MiB, 0x0000000000000000, Not Active, Not Active
2026/09/17 21:42:36.990, 60, 48.67 W, 94 %, 3712 MiB, 0x0000000000000000, Not Active, Not Active
2026/09/17 21:42:39.026, 59, 53.35 W, 98 %, 3712 MiB, 0x0000000000000000, Not Active, Not Active
2026/09/17 21:42:41.060, 60, 49.90 W, 98 %, 3712 MiB, 0x0000000000000000, Not Active, Not Active
2026/09/17 21:42:43.095, 60, 49.88 W, 98 %, 3712 MiB, 0x0000000000000000, Not Active, Not Active
2026/09/17 21:42:45.132, 61, 53.54 W, 96 %, 3712 MiB, 0x0000000000000000, Not Active, Not Active
2026/09/17 21:42:47.168, 61, 57.19 W, 39 %, 3712 MiB, 0x0000000000000000, Not Active, Not Active
2026/09/17 21:42:49.204, 59, 33.21 W, 48 %, 3712 MiB, 0x0000000000000000, Not Active, Not Active
2026/09/17 21:42:51.236, 57, 23.22 W, 0 %, 3712 MiB, 0x0000000000000000, Not Active, Not Active
2026/09/17 21:42:53.275, 61, 50.21 W, 74 %, 3712 MiB, 0x0000000000000000, Not Active, Not Active
2026/09/17 21:42:55.311, 61, 54.01 W, 94 %, 3712 MiB, 0x0000000000000000, Not Active, Not Active
2026/09/17 21:42:57.350, 61, 50.69 W, 96 %, 3712 MiB, 0x0000000000000000, Not Active, Not Active
2026/09/17 21:42:59.386, 62, 52.53 W, 97 %, 3712 MiB, 0x0000000000000000, Not Active, Not Active
2026/09/17 21:43:01.424, 62, 60.03 W, 67 %, 3712 MiB, 0x0000000000000000, Not Active, Not Active
2026/09/17 21:43:03.460, 62, 56.96 W, 41 %, 3712 MiB, 0x0000000000000000, Not Active, Not Active
2026/09/17 21:43:05.496, 63, 59.64 W, 45 %, 3712 MiB, 0x0000000000000000, Not Active, Not Active
2026/09/17 21:43:07.535, 63, 61.52 W, 45 %, 3712 MiB, 0x0000000000000000, Not Active, Not Active
2026/09/17 21:43:09.569, 63, 56.53 W, 40 %, 3712 MiB, 0x0000000000000000, Not Active, Not Active
2026/09/17 21:43:11.604, 64, 62.39 W, 45 %, 3712 MiB, 0x0000000000000000, Not Active, Not Active
2026/09/17 21:43:13.641, 64, 59.84 W, 42 %, 3712 MiB, 0x0000000000000000, Not Active, Not Active
2026/09/17 21:43:15.678, 64, 56.93 W, 45 %, 3712 MiB, 0x0000000000000000, Not Active, Not Active
2026/09/17 21:43:17.714, 64, 59.59 W, 48 %, 3712 MiB, 0x0000000000000000, Not Active, Not Active
2026/09/17 21:43:19.753, 64, 56.12 W, 45 %, 3712 MiB, 0x0000000000000000, Not Active, Not Active
2026/09/17 21:43:21.789, 64, 59.74 W, 47 %, 3712 MiB, 0x0000000000000000, Not Active, Not Active
2026/09/17 21:43:23.827, 65, 61.49 W, 48 %, 3712 MiB, 0x0000000000000000, Not Active, Not Active
2026/09/17 21:43:25.863, 65, 59.72 W, 47 %, 3712 MiB, 0x0000000000000000, Not Active, Not Active
2026/09/17 21:43:27.899, 65, 57.66 W, 48 %, 3712 MiB, 0x0000000000000000, Not Active, Not Active
2026/09/17 21:43:29.934, 65, 60.20 W, 44 %, 3712 MiB, 0x0000000000000000, Not Active, Not Active
2026/09/17 21:43:31.968, 66, 61.12 W, 43 %, 3712 MiB, 0x0000000000000000, Not Active, Not Active
2026/09/17 21:43:34.005, 66, 58.90 W, 48 %, 3712 MiB, 0x0000000000000000, Not Active, Not Active
2026/09/17 21:43:36.043, 66, 59.13 W, 47 %, 3712 MiB, 0x0000000000000000, Not Active, Not Active
2026/09/17 21:43:38.079, 66, 63.11 W, 48 %, 3712 MiB, 0x0000000000000000, Not Active, Not Active
2026/09/17 21:43:40.115, 66, 58.60 W, 48 %, 3712 MiB, 0x0000000000000000, Not Active, Not Active
2026/09/17 21:43:42.151, 66, 59.67 W, 44 %, 3712 MiB, 0x0000000000000000, Not Active, Not Active
2026/09/17 21:43:44.186, 67, 60.13 W, 48 %, 3712 MiB, 0x0000000000000000, Not Active, Not Active
2026/09/17 21:43:46.221, 67, 59.62 W, 49 %, 3712 MiB, 0x0000000000000000, Not Active, Not Active
2026/09/17 21:43:48.258, 67, 58.63 W, 46 %, 3712 MiB, 0x0000000000000000, Not Active, Not Active
2026/09/17 21:43:50.295, 67, 61.88 W, 51 %, 3712 MiB, 0x0000000000000000, Not Active, Not Active
2026/09/17 21:43:52.334, 67, 59.39 W, 51 %, 3712 MiB, 0x0000000000000000, Not Active, Not Active
2026/09/17 21:43:54.372, 67, 56.15 W, 43 %, 3712 MiB, 0x0000000000000000, Not Active, Not Active
2026/09/17 21:43:56.408, 67, 59.74 W, 51 %, 3712 MiB, 0x0000000000000000, Not Active, Not Active
2026/09/17 21:43:58.444, 67, 60.36 W, 49 %, 3712 MiB, 0x0000000000000000, Not Active, Not Active
2026/09/17 21:44:00.481, 67, 60.08 W, 47 %, 3712 MiB, 0x0000000000000000, Not Active, Not Active
2026/09/17 21:44:02.517, 67, 61.03 W, 50 %, 3712 MiB, 0x0000000000000000, Not Active, Not Active
2026/09/17 21:44:04.552, 67, 58.37 W, 50 %, 3712 MiB, 0x0000000000000000, Not Active, Not Active
2026/09/17 21:44:06.589, 67, 58.28 W, 44 %, 3712 MiB, 0x0000000000000000, Not Active, Not Active
2026/09/17 21:44:08.623, 67, 60.88 W, 51 %, 3712 MiB, 0x0000000000000000, Not Active, Not Active
2026/09/17 21:44:10.661, 67, 62.76 W, 51 %, 3712 MiB, 0x0000000000000000, Not Active, Not Active
2026/09/17 21:44:12.697, 67, 58.79 W, 47 %, 3712 MiB, 0x0000000000000000, Not Active, Not Active
2026/09/17 21:44:14.735, 68, 62.45 W, 52 %, 3712 MiB, 0x0000000000000000, Not Active, Not Active
2026/09/17 21:44:16.770, 67, 57.99 W, 47 %, 3712 MiB, 0x0000000000000000, Not Active, Not Active
2026/09/17 21:44:18.805, 67, 57.07 W, 47 %, 3712 MiB, 0x0000000000000000, Not Active, Not Active
2026/09/17 21:44:20.841, 68, 59.54 W, 51 %, 3712 MiB, 0x0000000000000000, Not Active, Not Active
2026/09/17 21:44:22.878, 68, 60.12 W, 54 %, 3712 MiB, 0x0000000000000000, Not Active, Not Active
2026/09/17 21:44:24.916, 67, 58.42 W, 51 %, 3712 MiB, 0x0000000000000000, Not Active, Not Active
2026/09/17 21:44:26.953, 67, 59.69 W, 53 %, 3712 MiB, 0x0000000000000000, Not Active, Not Active
2026/09/17 21:44:28.989, 67, 60.08 W, 50 %, 3712 MiB, 0x0000000000000000, Not Active, Not Active
2026/09/17 21:44:31.024, 68, 57.51 W, 43 %, 3712 MiB, 0x0000000000000000, Not Active, Not Active
2026/09/17 21:44:33.058, 68, 62.15 W, 45 %, 3712 MiB, 0x0000000000000000, Not Active, Not Active
2026/09/17 21:44:35.095, 68, 59.98 W, 45 %, 3712 MiB, 0x0000000000000000, Not Active, Not Active
2026/09/17 21:44:37.132, 68, 60.98 W, 44 %, 3712 MiB, 0x0000000000000000, Not Active, Not Active
2026/09/17 21:44:39.170, 68, 59.64 W, 43 %, 3712 MiB, 0x0000000000000000, Not Active, Not Active
2026/09/17 21:44:41.206, 68, 60.43 W, 45 %, 3712 MiB, 0x0000000000000000, Not Active, Not Active
2026/09/17 21:44:43.244, 68, 57.93 W, 43 %, 3712 MiB, 0x0000000000000000, Not Active, Not Active
2026/09/17 21:44:45.280, 68, 58.46 W, 47 %, 3712 MiB, 0x0000000000000000, Not Active, Not Active
2026/09/17 21:44:47.314, 68, 62.87 W, 48 %, 3712 MiB, 0x0000000000000000, Not Active, Not Active
2026/09/17 21:44:49.353, 68, 58.62 W, 48 %, 3712 MiB, 0x0000000000000000, Not Active, Not Active
2026/09/17 21:44:51.387, 68, 62.75 W, 41 %, 3712 MiB, 0x0000000000000000, Not Active, Not Active
2026/09/17 21:44:53.426, 68, 60.24 W, 47 %, 3712 MiB, 0x0000000000000000, Not Active, Not Active
2026/09/17 21:44:55.462, 68, 59.39 W, 47 %, 3712 MiB, 0x0000000000000000, Not Active, Not Active
2026/09/17 21:44:57.500, 68, 62.94 W, 45 %, 3712 MiB, 0x0000000000000000, Not Active, Not Active
2026/09/17 21:44:59.536, 68, 60.60 W, 48 %, 3712 MiB, 0x0000000000000000, Not Active, Not Active
2026/09/17 21:45:01.573, 68, 60.43 W, 47 %, 3712 MiB, 0x0000000000000000, Not Active, Not Active
2026/09/17 21:45:03.609, 68, 61.04 W, 41 %, 3712 MiB, 0x0000000000000000, Not Active, Not Active
2026/09/17 21:45:05.644, 68, 61.17 W, 49 %, 3712 MiB, 0x0000000000000000, Not Active, Not Active
2026/09/17 21:45:07.682, 68, 62.36 W, 49 %, 3712 MiB, 0x0000000000000000, Not Active, Not Active
2026/09/17 21:45:09.718, 69, 60.99 W, 44 %, 3712 MiB, 0x0000000000000000, Not Active, Not Active
2026/09/17 21:45:11.757, 69, 60.69 W, 48 %, 3712 MiB, 0x0000000000000000, Not Active, Not Active
2026/09/17 21:45:13.793, 68, 58.85 W, 43 %, 3712 MiB, 0x0000000000000000, Not Active, Not Active
2026/09/17 21:45:15.828, 68, 59.06 W, 45 %, 3712 MiB, 0x0000000000000000, Not Active, Not Active
2026/09/17 21:45:17.866, 69, 60.62 W, 51 %, 3712 MiB, 0x0000000000000000, Not Active, Not Active
2026/09/17 21:45:19.901, 68, 62.08 W, 50 %, 3712 MiB, 0x0000000000000000, Not Active, Not Active
2026/09/17 21:45:21.937, 69, 59.02 W, 48 %, 3712 MiB, 0x0000000000000000, Not Active, Not Active
2026/09/17 21:45:23.972, 69, 62.04 W, 51 %, 3712 MiB, 0x0000000000000000, Not Active, Not Active
2026/09/17 21:45:26.010, 68, 59.08 W, 48 %, 3712 MiB, 0x0000000000000000, Not Active, Not Active
2026/09/17 21:45:28.045, 69, 60.83 W, 45 %, 3712 MiB, 0x0000000000000000, Not Active, Not Active
2026/09/17 21:45:30.083, 69, 63.19 W, 51 %, 3712 MiB, 0x0000000000000000, Not Active, Not Active
2026/09/17 21:45:32.120, 69, 60.78 W, 51 %, 3712 MiB, 0x0000000000000000, Not Active, Not Active
2026/09/17 21:45:34.156, 69, 63.42 W, 47 %, 3712 MiB, 0x0000000000000000, Not Active, Not Active
2026/09/17 21:45:36.194, 69, 59.33 W, 49 %, 3712 MiB, 0x0000000000000000, Not Active, Not Active
2026/09/17 21:45:38.231, 69, 63.31 W, 51 %, 3712 MiB, 0x0000000000000000, Not Active, Not Active
2026/09/17 21:45:40.268, 69, 63.49 W, 46 %, 3712 MiB, 0x0000000000000000, Not Active, Not Active
2026/09/17 21:45:42.306, 69, 61.20 W, 51 %, 3712 MiB, 0x0000000000000000, Not Active, Not Active
2026/09/17 21:45:44.343, 69, 60.57 W, 48 %, 3712 MiB, 0x0000000000000000, Not Active, Not Active
2026/09/17 21:45:46.380, 69, 60.50 W, 47 %, 3712 MiB, 0x0000000000000000, Not Active, Not Active
2026/09/17 21:45:48.417, 69, 61.62 W, 45 %, 3712 MiB, 0x0000000000000000, Not Active, Not Active
2026/09/17 21:45:50.454, 69, 60.46 W, 52 %, 3712 MiB, 0x0000000000000000, Not Active, Not Active
2026/09/17 21:45:52.490, 69, 60.48 W, 51 %, 3712 MiB, 0x0000000000000000, Not Active, Not Active
2026/09/17 21:45:54.527, 69, 62.13 W, 54 %, 3712 MiB, 0x0000000000000000, Not Active, Not Active
2026/09/17 21:45:56.563, 69, 59.18 W, 53 %, 3712 MiB, 0x0000000000000000, Not Active, Not Active
2026/09/17 21:45:58.600, 68, 49.21 W, 51 %, 3712 MiB, 0x0000000000000000, Not Active, Not Active
2026/09/17 21:46:00.635, 69, 63.02 W, 56 %, 3712 MiB, 0x0000000000000000, Not Active, Not Active
2026/09/17 21:46:02.670, 69, 60.51 W, 45 %, 3712 MiB, 0x0000000000000000, Not Active, Not Active
2026/09/17 21:46:04.709, 69, 58.90 W, 42 %, 3712 MiB, 0x0000000000000000, Not Active, Not Active
2026/09/17 21:46:06.744, 69, 63.17 W, 44 %, 3712 MiB, 0x0000000000000000, Not Active, Not Active
2026/09/17 21:46:08.781, 69, 61.67 W, 45 %, 3712 MiB, 0x0000000000000000, Not Active, Not Active
2026/09/17 21:46:10.818, 69, 58.24 W, 39 %, 3712 MiB, 0x0000000000000000, Not Active, Not Active
2026/09/17 21:46:12.856, 69, 61.14 W, 44 %, 3712 MiB, 0x0000000000000000, Not Active, Not Active
2026/09/17 21:46:14.891, 69, 61.32 W, 45 %, 3712 MiB, 0x0000000000000000, Not Active, Not Active
2026/09/17 21:46:16.928, 69, 58.65 W, 45 %, 3712 MiB, 0x0000000000000000, Not Active, Not Active
2026/09/17 21:46:18.966, 70, 60.70 W, 48 %, 3712 MiB, 0x0000000000000000, Not Active, Not Active
2026/09/17 21:46:21.003, 69, 58.93 W, 45 %, 3712 MiB, 0x0000000000000000, Not Active, Not Active
2026/09/17 21:46:23.037, 69, 58.65 W, 45 %, 3712 MiB, 0x0000000000000000, Not Active, Not Active
2026/09/17 21:46:25.074, 70, 60.79 W, 48 %, 3712 MiB, 0x0000000000000000, Not Active, Not Active
2026/09/17 21:46:27.111, 69, 60.71 W, 48 %, 3712 MiB, 0x0000000000000000, Not Active, Not Active
2026/09/17 21:46:29.148, 69, 58.08 W, 45 %, 3712 MiB, 0x0000000000000000, Not Active, Not Active
2026/09/17 21:46:31.185, 70, 59.03 W, 47 %, 3712 MiB, 0x0000000000000000, Not Active, Not Active
2026/09/17 21:46:33.222, 70, 61.65 W, 44 %, 3712 MiB, 0x0000000000000000, Not Active, Not Active
2026/09/17 21:46:35.258, 69, 59.24 W, 46 %, 3712 MiB, 0x0000000000000000, Not Active, Not Active
2026/09/17 21:46:37.293, 70, 60.88 W, 48 %, 3712 MiB, 0x0000000000000000, Not Active, Not Active
2026/09/17 21:46:39.329, 69, 63.93 W, 48 %, 3712 MiB, 0x0000000000000000, Not Active, Not Active
2026/09/17 21:46:41.366, 70, 59.11 W, 47 %, 3712 MiB, 0x0000000000000000, Not Active, Not Active
2026/09/17 21:46:43.400, 69, 60.19 W, 47 %, 3712 MiB, 0x0000000000000000, Not Active, Not Active
2026/09/17 21:46:45.437, 70, 61.56 W, 48 %, 3712 MiB, 0x0000000000000000, Not Active, Not Active
2026/09/17 21:46:47.474, 70, 59.47 W, 47 %, 3712 MiB, 0x0000000000000000, Not Active, Not Active
2026/09/17 21:46:49.511, 70, 61.53 W, 48 %, 3712 MiB, 0x0000000000000000, Not Active, Not Active
2026/09/17 21:46:51.548, 70, 60.67 W, 52 %, 3712 MiB, 0x0000000000000000, Not Active, Not Active
2026/09/17 21:46:53.584, 70, 58.60 W, 51 %, 3712 MiB, 0x0000000000000000, Not Active, Not Active
2026/09/17 21:46:55.622, 70, 62.12 W, 44 %, 3712 MiB, 0x0000000000000000, Not Active, Not Active
2026/09/17 21:46:57.658, 70, 61.12 W, 51 %, 3712 MiB, 0x0000000000000000, Not Active, Not Active
2026/09/17 21:46:59.697, 70, 59.22 W, 51 %, 3712 MiB, 0x0000000000000000, Not Active, Not Active
2026/09/17 21:47:01.732, 70, 58.77 W, 48 %, 3712 MiB, 0x0000000000000000, Not Active, Not Active
2026/09/17 21:47:03.767, 70, 61.06 W, 51 %, 3712 MiB, 0x0000000000000000, Not Active, Not Active
2026/09/17 21:47:05.804, 70, 58.59 W, 51 %, 3712 MiB, 0x0000000000000000, Not Active, Not Active
2026/09/17 21:47:07.839, 70, 60.69 W, 42 %, 3712 MiB, 0x0000000000000000, Not Active, Not Active
2026/09/17 21:47:09.877, 70, 61.26 W, 51 %, 3712 MiB, 0x0000000000000000, Not Active, Not Active
2026/09/17 21:47:11.913, 70, 60.61 W, 52 %, 3712 MiB, 0x0000000000000000, Not Active, Not Active
2026/09/17 21:47:13.950, 70, 60.11 W, 46 %, 3712 MiB, 0x0000000000000000, Not Active, Not Active
2026/09/17 21:47:15.987, 70, 61.21 W, 51 %, 3712 MiB, 0x0000000000000000, Not Active, Not Active
2026/09/17 21:47:18.024, 70, 59.80 W, 49 %, 3712 MiB, 0x0000000000000000, Not Active, Not Active
2026/09/17 21:47:20.061, 70, 59.67 W, 44 %, 3712 MiB, 0x0000000000000000, Not Active, Not Active
2026/09/17 21:47:22.099, 70, 61.30 W, 52 %, 3712 MiB, 0x0000000000000000, Not Active, Not Active
2026/09/17 21:47:24.135, 70, 58.73 W, 51 %, 3712 MiB, 0x0000000000000000, Not Active, Not Active
2026/09/17 21:47:26.174, 70, 61.10 W, 51 %, 3712 MiB, 0x0000000000000000, Not Active, Not Active
2026/09/17 21:47:28.211, 69, 51.58 W, 93 %, 3712 MiB, 0x0000000000000000, Not Active, Not Active
2026/09/17 21:47:30.249, 69, 56.21 W, 93 %, 3712 MiB, 0x0000000000000000, Not Active, Not Active
2026/09/17 21:47:32.285, 69, 57.01 W, 37 %, 3712 MiB, 0x0000000000000000, Not Active, Not Active
2026/09/17 21:47:34.323, 70, 61.07 W, 45 %, 3712 MiB, 0x0000000000000000, Not Active, Not Active
2026/09/17 21:47:36.361, 71, 63.74 W, 46 %, 3712 MiB, 0x0000000000000000, Not Active, Not Active
2026/09/17 21:47:38.399, 70, 58.54 W, 40 %, 3712 MiB, 0x0000000000000000, Not Active, Not Active
2026/09/17 21:47:40.434, 70, 61.48 W, 43 %, 3712 MiB, 0x0000000000000000, Not Active, Not Active
2026/09/17 21:47:42.471, 70, 63.88 W, 45 %, 3712 MiB, 0x0000000000000000, Not Active, Not Active
2026/09/17 21:47:44.508, 70, 61.45 W, 42 %, 3712 MiB, 0x0000000000000000, Not Active, Not Active
2026/09/17 21:47:46.545, 70, 61.60 W, 45 %, 3712 MiB, 0x0000000000000000, Not Active, Not Active
2026/09/17 21:47:48.581, 70, 61.43 W, 43 %, 3712 MiB, 0x0000000000000000, Not Active, Not Active
2026/09/17 21:47:50.617, 70, 58.43 W, 45 %, 3712 MiB, 0x0000000000000000, Not Active, Not Active
2026/09/17 21:47:52.654, 70, 63.50 W, 44 %, 3712 MiB, 0x0000000000000000, Not Active, Not Active
2026/09/17 21:47:54.689, 70, 61.01 W, 48 %, 3712 MiB, 0x0000000000000000, Not Active, Not Active
2026/09/17 21:47:56.725, 70, 61.64 W, 46 %, 3712 MiB, 0x0000000000000000, Not Active, Not Active
2026/09/17 21:47:58.759, 70, 63.59 W, 47 %, 3712 MiB, 0x0000000000000000, Not Active, Not Active
2026/09/17 21:48:00.796, 70, 62.58 W, 48 %, 3712 MiB, 0x0000000000000000, Not Active, Not Active
2026/09/17 21:48:02.831, 70, 56.06 W, 44 %, 3712 MiB, 0x0000000000000000, Not Active, Not Active
2026/09/17 21:48:04.870, 70, 63.52 W, 41 %, 3712 MiB, 0x0000000000000000, Not Active, Not Active
2026/09/17 21:48:06.907, 70, 63.94 W, 48 %, 3712 MiB, 0x0000000000000000, Not Active, Not Active
2026/09/17 21:48:08.943, 70, 59.87 W, 47 %, 3712 MiB, 0x0000000000000000, Not Active, Not Active
2026/09/17 21:48:10.977, 71, 63.82 W, 44 %, 3712 MiB, 0x0000000000000000, Not Active, Not Active
2026/09/17 21:48:13.015, 70, 61.87 W, 48 %, 3712 MiB, 0x0000000000000000, Not Active, Not Active
2026/09/17 21:48:15.051, 70, 58.58 W, 47 %, 3712 MiB, 0x0000000000000000, Not Active, Not Active
2026/09/17 21:48:17.088, 71, 64.25 W, 42 %, 3712 MiB, 0x0000000000000000, Not Active, Not Active
2026/09/17 21:48:19.125, 71, 62.15 W, 47 %, 3712 MiB, 0x0000000000000000, Not Active, Not Active
2026/09/17 21:48:21.163, 71, 62.05 W, 47 %, 3712 MiB, 0x0000000000000000, Not Active, Not Active
2026/09/17 21:48:23.200, 71, 59.69 W, 44 %, 3712 MiB, 0x0000000000000000, Not Active, Not Active
2026/09/17 21:48:25.237, 70, 61.19 W, 50 %, 3712 MiB, 0x0000000000000000, Not Active, Not Active
2026/09/17 21:48:27.274, 70, 61.16 W, 48 %, 3712 MiB, 0x0000000000000000, Not Active, Not Active
2026/09/17 21:48:29.311, 71, 60.53 W, 48 %, 3712 MiB, 0x0000000000000000, Not Active, Not Active
2026/09/17 21:48:31.348, 71, 61.37 W, 51 %, 3712 MiB, 0x0000000000000000, Not Active, Not Active
2026/09/17 21:48:33.388, 71, 59.83 W, 49 %, 3712 MiB, 0x0000000000000000, Not Active, Not Active
2026/09/17 21:48:35.425, 71, 62.96 W, 47 %, 3712 MiB, 0x0000000000000000, Not Active, Not Active
2026/09/17 21:48:37.461, 71, 59.84 W, 49 %, 3712 MiB, 0x0000000000000000, Not Active, Not Active
2026/09/17 21:48:39.499, 71, 61.81 W, 50 %, 3712 MiB, 0x0000000000000000, Not Active, Not Active
2026/09/17 21:48:41.536, 71, 61.40 W, 46 %, 3712 MiB, 0x0000000000000000, Not Active, Not Active
2026/09/17 21:48:43.574, 71, 59.69 W, 50 %, 3712 MiB, 0x0000000000000000, Not Active, Not Active
2026/09/17 21:48:45.610, 71, 61.69 W, 50 %, 3712 MiB, 0x0000000000000000, Not Active, Not Active
2026/09/17 21:48:47.648, 71, 63.86 W, 46 %, 3712 MiB, 0x0000000000000000, Not Active, Not Active
2026/09/17 21:48:49.683, 71, 61.66 W, 45 %, 3712 MiB, 0x0000000000000000, Not Active, Not Active
2026/09/17 21:48:51.717, 71, 61.65 W, 51 %, 3712 MiB, 0x0000000000000000, Not Active, Not Active
2026/09/17 21:48:53.753, 71, 59.90 W, 45 %, 3712 MiB, 0x0000000000000000, Not Active, Not Active
2026/09/17 21:48:55.790, 71, 64.35 W, 51 %, 3712 MiB, 0x0000000000000000, Not Active, Not Active
2026/09/17 21:48:57.828, 71, 61.40 W, 53 %, 3712 MiB, 0x0000000000000000, Not Active, Not Active
2026/09/17 21:48:59.865, 70, 50.93 W, 92 %, 3712 MiB, 0x0000000000000000, Not Active, Not Active
2026/09/17 21:49:01.903, 70, 63.69 W, 95 %, 3712 MiB, 0x0000000000000000, Not Active, Not Active
2026/09/17 21:49:03.938, 70, 62.30 W, 44 %, 3712 MiB, 0x0000000000000000, Not Active, Not Active
2026/09/17 21:49:05.975, 71, 63.81 W, 38 %, 3712 MiB, 0x0000000000000000, Not Active, Not Active
2026/09/17 21:49:08.012, 71, 60.67 W, 46 %, 3712 MiB, 0x0000000000000000, Not Active, Not Active
2026/09/17 21:49:10.049, 71, 63.44 W, 44 %, 3712 MiB, 0x0000000000000000, Not Active, Not Active
2026/09/17 21:49:12.086, 70, 59.63 W, 39 %, 3712 MiB, 0x0000000000000000, Not Active, Not Active
2026/09/17 21:49:14.124, 71, 63.13 W, 44 %, 3712 MiB, 0x0000000000000000, Not Active, Not Active
2026/09/17 21:49:16.160, 71, 63.72 W, 45 %, 3712 MiB, 0x0000000000000000, Not Active, Not Active
2026/09/17 21:49:18.196, 71, 61.47 W, 45 %, 3712 MiB, 0x0000000000000000, Not Active, Not Active
2026/09/17 21:49:20.231, 71, 62.05 W, 45 %, 3712 MiB, 0x0000000000000000, Not Active, Not Active
2026/09/17 21:49:22.266, 71, 61.53 W, 48 %, 3712 MiB, 0x0000000000000000, Not Active, Not Active
2026/09/17 21:49:24.303, 71, 58.08 W, 44 %, 3712 MiB, 0x0000000000000000, Not Active, Not Active
2026/09/17 21:49:26.339, 71, 63.94 W, 48 %, 3712 MiB, 0x0000000000000000, Not Active, Not Active
2026/09/17 21:49:28.377, 71, 61.37 W, 49 %, 3712 MiB, 0x0000000000000000, Not Active, Not Active
2026/09/17 21:49:30.411, 71, 59.14 W, 48 %, 3712 MiB, 0x0000000000000000, Not Active, Not Active
2026/09/17 21:49:32.449, 71, 64.24 W, 47 %, 3712 MiB, 0x0000000000000000, Not Active, Not Active
2026/09/17 21:49:34.485, 71, 57.31 W, 47 %, 3712 MiB, 0x0000000000000000, Not Active, Not Active
2026/09/17 21:49:36.523, 71, 59.22 W, 47 %, 3712 MiB, 0x0000000000000000, Not Active, Not Active
2026/09/17 21:49:38.559, 72, 63.50 W, 47 %, 3712 MiB, 0x0000000000000000, Not Active, Not Active
2026/09/17 21:49:40.597, 71, 61.71 W, 48 %, 3712 MiB, 0x0000000000000000, Not Active, Not Active
2026/09/17 21:49:42.633, 71, 62.55 W, 45 %, 3712 MiB, 0x0000000000000000, Not Active, Not Active
2026/09/17 21:49:44.668, 71, 60.53 W, 48 %, 3712 MiB, 0x0000000000000000, Not Active, Not Active
2026/09/17 21:49:46.703, 71, 62.16 W, 46 %, 3712 MiB, 0x0000000000000000, Not Active, Not Active
2026/09/17 21:49:48.740, 71, 59.97 W, 43 %, 3712 MiB, 0x0000000000000000, Not Active, Not Active
2026/09/17 21:49:50.776, 72, 64.37 W, 48 %, 3712 MiB, 0x0000000000000000, Not Active, Not Active
2026/09/17 21:49:52.814, 71, 64.69 W, 49 %, 3712 MiB, 0x0000000000000000, Not Active, Not Active
2026/09/17 21:49:54.852, 71, 59.20 W, 50 %, 3712 MiB, 0x0000000000000000, Not Active, Not Active
2026/09/17 21:49:56.891, 71, 59.65 W, 48 %, 3712 MiB, 0x0000000000000000, Not Active, Not Active
2026/09/17 21:49:58.927, 72, 61.62 W, 52 %, 3712 MiB, 0x0000000000000000, Not Active, Not Active
2026/09/17 21:50:00.964, 71, 59.94 W, 50 %, 3712 MiB, 0x0000000000000000, Not Active, Not Active
2026/09/17 21:50:03.000, 71, 60.47 W, 51 %, 3712 MiB, 0x0000000000000000, Not Active, Not Active
2026/09/17 21:50:05.037, 72, 61.32 W, 49 %, 3712 MiB, 0x0000000000000000, Not Active, Not Active
2026/09/17 21:50:07.076, 71, 58.80 W, 50 %, 3712 MiB, 0x0000000000000000, Not Active, Not Active
2026/09/17 21:50:09.114, 71, 62.53 W, 44 %, 3712 MiB, 0x0000000000000000, Not Active, Not Active
2026/09/17 21:50:11.151, 71, 63.33 W, 50 %, 3712 MiB, 0x0000000000000000, Not Active, Not Active
2026/09/17 21:50:13.187, 71, 63.32 W, 51 %, 3712 MiB, 0x0000000000000000, Not Active, Not Active
2026/09/17 21:50:15.225, 71, 59.06 W, 46 %, 3712 MiB, 0x0000000000000000, Not Active, Not Active
2026/09/17 21:50:17.262, 71, 62.21 W, 51 %, 3712 MiB, 0x0000000000000000, Not Active, Not Active
2026/09/17 21:50:19.300, 71, 59.54 W, 52 %, 3712 MiB, 0x0000000000000000, Not Active, Not Active
2026/09/17 21:50:21.336, 71, 58.91 W, 44 %, 3712 MiB, 0x0000000000000000, Not Active, Not Active
2026/09/17 21:50:23.373, 71, 61.47 W, 50 %, 3712 MiB, 0x0000000000000000, Not Active, Not Active
2026/09/17 21:50:25.411, 71, 61.25 W, 52 %, 3712 MiB, 0x0000000000000000, Not Active, Not Active
2026/09/17 21:50:27.447, 71, 61.11 W, 49 %, 3712 MiB, 0x0000000000000000, Not Active, Not Active
2026/09/17 21:50:29.481, 70, 51.23 W, 54 %, 3712 MiB, 0x0000000000000000, Not Active, Not Active
2026/09/17 21:50:31.516, 70, 52.27 W, 93 %, 3712 MiB, 0x0000000000000000, Not Active, Not Active
2026/09/17 21:50:33.553, 71, 63.19 W, 96 %, 3712 MiB, 0x0000000000000000, Not Active, Not Active
2026/09/17 21:50:35.591, 71, 61.18 W, 43 %, 3712 MiB, 0x0000000000000000, Not Active, Not Active
2026/09/17 21:50:37.627, 71, 58.70 W, 46 %, 3712 MiB, 0x0000000000000000, Not Active, Not Active
2026/09/17 21:50:39.665, 71, 63.12 W, 42 %, 3712 MiB, 0x0000000000000000, Not Active, Not Active
2026/09/17 21:50:41.703, 71, 59.77 W, 44 %, 3712 MiB, 0x0000000000000000, Not Active, Not Active
2026/09/17 21:50:43.740, 71, 63.50 W, 44 %, 3712 MiB, 0x0000000000000000, Not Active, Not Active
2026/09/17 21:50:45.777, 71, 63.71 W, 42 %, 3712 MiB, 0x0000000000000000, Not Active, Not Active
2026/09/17 21:50:47.814, 71, 63.86 W, 46 %, 3712 MiB, 0x0000000000000000, Not Active, Not Active
2026/09/17 21:50:49.851, 71, 62.16 W, 44 %, 3712 MiB, 0x0000000000000000, Not Active, Not Active
2026/09/17 21:50:51.887, 71, 61.91 W, 42 %, 3712 MiB, 0x0000000000000000, Not Active, Not Active
2026/09/17 21:50:53.925, 71, 60.84 W, 44 %, 3712 MiB, 0x0000000000000000, Not Active, Not Active
2026/09/17 21:50:55.961, 71, 63.47 W, 48 %, 3712 MiB, 0x0000000000000000, Not Active, Not Active
2026/09/17 21:50:57.997, 71, 58.99 W, 43 %, 3712 MiB, 0x0000000000000000, Not Active, Not Active
2026/09/17 21:51:00.032, 71, 63.16 W, 48 %, 3712 MiB, 0x0000000000000000, Not Active, Not Active
2026/09/17 21:51:02.067, 71, 62.62 W, 46 %, 3712 MiB, 0x0000000000000000, Not Active, Not Active
2026/09/17 21:51:04.104, 71, 57.86 W, 44 %, 3712 MiB, 0x0000000000000000, Not Active, Not Active
2026/09/17 21:51:06.140, 71, 63.58 W, 44 %, 3712 MiB, 0x0000000000000000, Not Active, Not Active
2026/09/17 21:51:08.177, 71, 58.39 W, 49 %, 3712 MiB, 0x0000000000000000, Not Active, Not Active
2026/09/17 21:51:10.212, 71, 60.27 W, 46 %, 3712 MiB, 0x0000000000000000, Not Active, Not Active
2026/09/17 21:51:12.247, 72, 61.86 W, 48 %, 3712 MiB, 0x0000000000000000, Not Active, Not Active
2026/09/17 21:51:14.282, 71, 62.17 W, 49 %, 3712 MiB, 0x0000000000000000, Not Active, Not Active
2026/09/17 21:51:16.319, 71, 56.78 W, 45 %, 3712 MiB, 0x0000000000000000, Not Active, Not Active
2026/09/17 21:51:18.357, 71, 61.46 W, 44 %, 3712 MiB, 0x0000000000000000, Not Active, Not Active
2026/09/17 21:51:20.392, 71, 61.43 W, 48 %, 3712 MiB, 0x0000000000000000, Not Active, Not Active
2026/09/17 21:51:22.431, 72, 63.82 W, 46 %, 3712 MiB, 0x0000000000000000, Not Active, Not Active
2026/09/17 21:51:24.468, 72, 60.29 W, 45 %, 3712 MiB, 0x0000000000000000, Not Active, Not Active
2026/09/17 21:51:26.505, 72, 60.85 W, 51 %, 3712 MiB, 0x0000000000000000, Not Active, Not Active
2026/09/17 21:51:28.542, 71, 63.18 W, 48 %, 3712 MiB, 0x0000000000000000, Not Active, Not Active
2026/09/17 21:51:30.579, 71, 60.84 W, 48 %, 3712 MiB, 0x0000000000000000, Not Active, Not Active
2026/09/17 21:51:32.616, 71, 63.31 W, 51 %, 3712 MiB, 0x0000000000000000, Not Active, Not Active
2026/09/17 21:51:34.653, 71, 59.53 W, 51 %, 3712 MiB, 0x0000000000000000, Not Active, Not Active
2026/09/17 21:51:36.691, 71, 61.25 W, 45 %, 3712 MiB, 0x0000000000000000, Not Active, Not Active
2026/09/17 21:51:38.728, 71, 59.44 W, 52 %, 3712 MiB, 0x0000000000000000, Not Active, Not Active
2026/09/17 21:51:40.766, 72, 60.78 W, 47 %, 3712 MiB, 0x0000000000000000, Not Active, Not Active
2026/09/17 21:51:42.803, 71, 63.54 W, 46 %, 3712 MiB, 0x0000000000000000, Not Active, Not Active
2026/09/17 21:51:44.838, 72, 60.56 W, 51 %, 3712 MiB, 0x0000000000000000, Not Active, Not Active
2026/09/17 21:51:46.876, 72, 61.49 W, 51 %, 3712 MiB, 0x0000000000000000, Not Active, Not Active
2026/09/17 21:51:48.914, 72, 61.29 W, 47 %, 3712 MiB, 0x0000000000000000, Not Active, Not Active
2026/09/17 21:51:50.950, 72, 59.61 W, 49 %, 3712 MiB, 0x0000000000000000, Not Active, Not Active
2026/09/17 21:51:52.984, 72, 63.86 W, 51 %, 3712 MiB, 0x0000000000000000, Not Active, Not Active
2026/09/17 21:51:55.021, 71, 59.51 W, 48 %, 3712 MiB, 0x0000000000000000, Not Active, Not Active
2026/09/17 21:51:57.058, 72, 63.81 W, 51 %, 3712 MiB, 0x0000000000000000, Not Active, Not Active
2026/09/17 21:51:59.095, 71, 63.48 W, 54 %, 3712 MiB, 0x0000000000000000, Not Active, Not Active
2026/09/17 21:52:01.131, 71, 52.21 W, 62 %, 3712 MiB, 0x0000000000000000, Not Active, Not Active
2026/09/17 21:52:03.168, 70, 51.19 W, 93 %, 3712 MiB, 0x0000000000000000, Not Active, Not Active
2026/09/17 21:52:05.204, 71, 62.69 W, 46 %, 3712 MiB, 0x0000000000000000, Not Active, Not Active
2026/09/17 21:52:07.239, 71, 63.23 W, 41 %, 3712 MiB, 0x0000000000000000, Not Active, Not Active
2026/09/17 21:52:09.274, 71, 61.28 W, 46 %, 3712 MiB, 0x0000000000000000, Not Active, Not Active
2026/09/17 21:52:11.311, 72, 62.15 W, 43 %, 3712 MiB, 0x0000000000000000, Not Active, Not Active
2026/09/17 21:52:13.347, 71, 57.58 W, 36 %, 3712 MiB, 0x0000000000000000, Not Active, Not Active
2026/09/17 21:52:15.384, 71, 61.13 W, 45 %, 3712 MiB, 0x0000000000000000, Not Active, Not Active
2026/09/17 21:52:17.423, 72, 63.66 W, 45 %, 3712 MiB, 0x0000000000000000, Not Active, Not Active
2026/09/17 21:52:19.463, 71, 59.38 W, 45 %, 3712 MiB, 0x0000000000000000, Not Active, Not Active
2026/09/17 21:52:21.501, 71, 63.62 W, 44 %, 3712 MiB, 0x0000000000000000, Not Active, Not Active
2026/09/17 21:52:23.537, 71, 60.39 W, 45 %, 3712 MiB, 0x0000000000000000, Not Active, Not Active
2026/09/17 21:52:25.573, 71, 58.07 W, 43 %, 3712 MiB, 0x0000000000000000, Not Active, Not Active
2026/09/17 21:52:27.607, 72, 60.66 W, 47 %, 3712 MiB, 0x0000000000000000, Not Active, Not Active
2026/09/17 21:52:29.644, 72, 60.91 W, 49 %, 3712 MiB, 0x0000000000000000, Not Active, Not Active
2026/09/17 21:52:31.681, 71, 58.97 W, 47 %, 3712 MiB, 0x0000000000000000, Not Active, Not Active
2026/09/17 21:52:33.718, 72, 60.85 W, 46 %, 3712 MiB, 0x0000000000000000, Not Active, Not Active
2026/09/17 21:52:35.754, 71, 58.63 W, 46 %, 3712 MiB, 0x0000000000000000, Not Active, Not Active
2026/09/17 21:52:37.790, 71, 59.42 W, 47 %, 3712 MiB, 0x0000000000000000, Not Active, Not Active
2026/09/17 21:52:39.825, 72, 63.69 W, 47 %, 3712 MiB, 0x0000000000000000, Not Active, Not Active
2026/09/17 21:52:41.859, 71, 61.29 W, 47 %, 3712 MiB, 0x0000000000000000, Not Active, Not Active
2026/09/17 21:52:43.896, 72, 59.42 W, 48 %, 3712 MiB, 0x0000000000000000, Not Active, Not Active
2026/09/17 21:52:45.934, 72, 61.26 W, 44 %, 3712 MiB, 0x0000000000000000, Not Active, Not Active
2026/09/17 21:52:47.972, 72, 61.29 W, 43 %, 3712 MiB, 0x0000000000000000, Not Active, Not Active
2026/09/17 21:52:50.008, 72, 59.19 W, 48 %, 3712 MiB, 0x0000000000000000, Not Active, Not Active
2026/09/17 21:52:52.044, 72, 63.89 W, 42 %, 3712 MiB, 0x0000000000000000, Not Active, Not Active
2026/09/17 21:52:54.081, 72, 63.14 W, 48 %, 3712 MiB, 0x0000000000000000, Not Active, Not Active
2026/09/17 21:52:56.118, 72, 58.99 W, 49 %, 3712 MiB, 0x0000000000000000, Not Active, Not Active
2026/09/17 21:52:58.157, 72, 59.31 W, 46 %, 3712 MiB, 0x0000000000000000, Not Active, Not Active
2026/09/17 21:53:00.194, 72, 61.11 W, 52 %, 3712 MiB, 0x0000000000000000, Not Active, Not Active
2026/09/17 21:53:02.231, 72, 63.28 W, 51 %, 3712 MiB, 0x0000000000000000, Not Active, Not Active
2026/09/17 21:53:04.267, 72, 60.18 W, 49 %, 3712 MiB, 0x0000000000000000, Not Active, Not Active
2026/09/17 21:53:06.303, 72, 58.64 W, 50 %, 3712 MiB, 0x0000000000000000, Not Active, Not Active
2026/09/17 21:53:08.337, 72, 61.23 W, 52 %, 3712 MiB, 0x0000000000000000, Not Active, Not Active
2026/09/17 21:53:10.374, 71, 58.00 W, 44 %, 3712 MiB, 0x0000000000000000, Not Active, Not Active
2026/09/17 21:53:12.410, 72, 63.50 W, 50 %, 3712 MiB, 0x0000000000000000, Not Active, Not Active
2026/09/17 21:53:14.450, 72, 63.06 W, 50 %, 3712 MiB, 0x0000000000000000, Not Active, Not Active
2026/09/17 21:53:16.490, 72, 58.99 W, 46 %, 3712 MiB, 0x0000000000000000, Not Active, Not Active
2026/09/17 21:53:18.526, 72, 60.10 W, 52 %, 3712 MiB, 0x0000000000000000, Not Active, Not Active
2026/09/17 21:53:20.562, 72, 61.45 W, 52 %, 3712 MiB, 0x0000000000000000, Not Active, Not Active
2026/09/17 21:53:22.599, 72, 59.10 W, 43 %, 3712 MiB, 0x0000000000000000, Not Active, Not Active
2026/09/17 21:53:24.635, 72, 61.69 W, 50 %, 3712 MiB, 0x0000000000000000, Not Active, Not Active
2026/09/17 21:53:26.673, 72, 61.53 W, 51 %, 3712 MiB, 0x0000000000000000, Not Active, Not Active
2026/09/17 21:53:28.709, 72, 59.32 W, 48 %, 3712 MiB, 0x0000000000000000, Not Active, Not Active
2026/09/17 21:53:30.745, 72, 61.00 W, 52 %, 3712 MiB, 0x0000000000000000, Not Active, Not Active
2026/09/17 21:53:32.780, 71, 52.39 W, 52 %, 3712 MiB, 0x0000000000000000, Not Active, Not Active
2026/09/17 21:53:34.815, 71, 52.28 W, 95 %, 3712 MiB, 0x0000000000000000, Not Active, Not Active
2026/09/17 21:53:36.851, 70, 52.62 W, 96 %, 3712 MiB, 0x0000000000000000, Not Active, Not Active
2026/09/17 21:53:38.887, 71, 63.51 W, 99 %, 3712 MiB, 0x0000000000000000, Not Active, Not Active
2026/09/17 21:53:40.927, 71, 60.01 W, 41 %, 3712 MiB, 0x0000000000000000, Not Active, Not Active
2026/09/17 21:53:42.962, 71, 59.25 W, 46 %, 3712 MiB, 0x0000000000000000, Not Active, Not Active
2026/09/17 21:53:44.999, 71, 61.36 W, 39 %, 3712 MiB, 0x0000000000000000, Not Active, Not Active
2026/09/17 21:53:47.036, 71, 60.50 W, 43 %, 3712 MiB, 0x0000000000000000, Not Active, Not Active
2026/09/17 21:53:49.073, 72, 60.88 W, 47 %, 3712 MiB, 0x0000000000000000, Not Active, Not Active
2026/09/17 21:53:51.110, 72, 58.83 W, 49 %, 3712 MiB, 0x0000000000000000, Not Active, Not Active
2026/09/17 21:53:53.148, 71, 62.35 W, 45 %, 3712 MiB, 0x0000000000000000, Not Active, Not Active
2026/09/17 21:53:55.184, 72, 58.41 W, 48 %, 3712 MiB, 0x0000000000000000, Not Active, Not Active
2026/09/17 21:53:57.221, 72, 63.56 W, 46 %, 3712 MiB, 0x0000000000000000, Not Active, Not Active
2026/09/17 21:53:59.257, 71, 60.99 W, 46 %, 3712 MiB, 0x0000000000000000, Not Active, Not Active
2026/09/17 21:54:01.291, 72, 59.38 W, 45 %, 3712 MiB, 0x0000000000000000, Not Active, Not Active
2026/09/17 21:54:03.329, 71, 61.20 W, 48 %, 3712 MiB, 0x0000000000000000, Not Active, Not Active
2026/09/17 21:54:05.364, 72, 58.67 W, 48 %, 3712 MiB, 0x0000000000000000, Not Active, Not Active
2026/09/17 21:54:07.399, 72, 58.67 W, 44 %, 3712 MiB, 0x0000000000000000, Not Active, Not Active
2026/09/17 21:54:09.439, 71, 59.96 W, 48 %, 3712 MiB, 0x0000000000000000, Not Active, Not Active
2026/09/17 21:54:11.475, 71, 58.13 W, 42 %, 3712 MiB, 0x0000000000000000, Not Active, Not Active
2026/09/17 21:54:13.510, 72, 63.62 W, 46 %, 3712 MiB, 0x0000000000000000, Not Active, Not Active
2026/09/17 21:54:15.546, 72, 61.35 W, 46 %, 3712 MiB, 0x0000000000000000, Not Active, Not Active
2026/09/17 21:54:17.582, 71, 58.49 W, 44 %, 3712 MiB, 0x0000000000000000, Not Active, Not Active
2026/09/17 21:54:19.618, 72, 61.52 W, 46 %, 3712 MiB, 0x0000000000000000, Not Active, Not Active
2026/09/17 21:54:21.655, 72, 61.02 W, 50 %, 3712 MiB, 0x0000000000000000, Not Active, Not Active
2026/09/17 21:54:23.691, 72, 61.15 W, 51 %, 3712 MiB, 0x0000000000000000, Not Active, Not Active
2026/09/17 21:54:25.727, 72, 60.81 W, 47 %, 3712 MiB, 0x0000000000000000, Not Active, Not Active
2026/09/17 21:54:27.762, 72, 62.21 W, 51 %, 3712 MiB, 0x0000000000000000, Not Active, Not Active
2026/09/17 21:54:29.797, 72, 58.60 W, 48 %, 3712 MiB, 0x0000000000000000, Not Active, Not Active
2026/09/17 21:54:31.833, 72, 63.08 W, 46 %, 3712 MiB, 0x0000000000000000, Not Active, Not Active
2026/09/17 21:54:33.870, 72, 61.37 W, 51 %, 3712 MiB, 0x0000000000000000, Not Active, Not Active
2026/09/17 21:54:35.908, 72, 61.09 W, 50 %, 3712 MiB, 0x0000000000000000, Not Active, Not Active
2026/09/17 21:54:37.947, 72, 59.65 W, 46 %, 3712 MiB, 0x0000000000000000, Not Active, Not Active
2026/09/17 21:54:39.984, 72, 61.21 W, 51 %, 3712 MiB, 0x0000000000000000, Not Active, Not Active
2026/09/17 21:54:42.020, 72, 61.21 W, 44 %, 3712 MiB, 0x0000000000000000, Not Active, Not Active
2026/09/17 21:54:44.057, 72, 62.40 W, 45 %, 3712 MiB, 0x0000000000000000, Not Active, Not Active
2026/09/17 21:54:46.093, 72, 61.55 W, 50 %, 3712 MiB, 0x0000000000000000, Not Active, Not Active
2026/09/17 21:54:48.129, 72, 59.94 W, 51 %, 3712 MiB, 0x0000000000000000, Not Active, Not Active
2026/09/17 21:54:50.165, 72, 61.63 W, 47 %, 3712 MiB, 0x0000000000000000, Not Active, Not Active
2026/09/17 21:54:52.200, 72, 59.81 W, 51 %, 3712 MiB, 0x0000000000000000, Not Active, Not Active
2026/09/17 21:54:54.236, 72, 63.79 W, 51 %, 3712 MiB, 0x0000000000000000, Not Active, Not Active
2026/09/17 21:54:56.271, 72, 62.56 W, 47 %, 3712 MiB, 0x0000000000000000, Not Active, Not Active
2026/09/17 21:54:58.308, 72, 59.69 W, 53 %, 3712 MiB, 0x0000000000000000, Not Active, Not Active
2026/09/17 21:55:00.344, 72, 59.75 W, 54 %, 3712 MiB, 0x0000000000000000, Not Active, Not Active
2026/09/17 21:55:02.381, 72, 61.16 W, 50 %, 3712 MiB, 0x0000000000000000, Not Active, Not Active
2026/09/17 21:55:04.418, 72, 61.69 W, 50 %, 3712 MiB, 0x0000000000000000, Not Active, Not Active
2026/09/17 21:55:06.458, 72, 61.21 W, 53 %, 3712 MiB, 0x0000000000000000, Not Active, Not Active
2026/09/17 21:55:08.494, 72, 59.80 W, 50 %, 3712 MiB, 0x0000000000000000, Not Active, Not Active
2026/09/17 21:55:10.529, 71, 53.46 W, 88 %, 3712 MiB, 0x0000000000000000, Not Active, Not Active
2026/09/17 21:55:12.566, 71, 52.96 W, 96 %, 3712 MiB, 0x0000000000000000, Not Active, Not Active
2026/09/17 21:55:14.602, 71, 53.34 W, 96 %, 3712 MiB, 0x0000000000000000, Not Active, Not Active
2026/09/17 21:55:16.639, 71, 63.81 W, 44 %, 3712 MiB, 0x0000000000000000, Not Active, Not Active
2026/09/17 21:55:18.675, 72, 63.81 W, 45 %, 3712 MiB, 0x0000000000000000, Not Active, Not Active
2026/09/17 21:55:20.714, 72, 62.83 W, 44 %, 3712 MiB, 0x0000000000000000, Not Active, Not Active
2026/09/17 21:55:22.750, 71, 59.36 W, 48 %, 3712 MiB, 0x0000000000000000, Not Active, Not Active
2026/09/17 21:55:24.788, 72, 59.35 W, 49 %, 3712 MiB, 0x0000000000000000, Not Active, Not Active
2026/09/17 21:55:26.824, 71, 57.97 W, 40 %, 3712 MiB, 0x0000000000000000, Not Active, Not Active
2026/09/17 21:55:28.860, 71, 61.94 W, 48 %, 3712 MiB, 0x0000000000000000, Not Active, Not Active
2026/09/17 21:55:30.895, 72, 58.76 W, 48 %, 3712 MiB, 0x0000000000000000, Not Active, Not Active
2026/09/17 21:55:32.930, 71, 58.59 W, 44 %, 3712 MiB, 0x0000000000000000, Not Active, Not Active
2026/09/17 21:55:34.969, 72, 61.22 W, 49 %, 3712 MiB, 0x0000000000000000, Not Active, Not Active
2026/09/17 21:55:37.006, 71, 60.08 W, 48 %, 3712 MiB, 0x0000000000000000, Not Active, Not Active
2026/09/17 21:55:39.042, 71, 59.54 W, 42 %, 3712 MiB, 0x0000000000000000, Not Active, Not Active
2026/09/17 21:55:41.078, 72, 61.67 W, 49 %, 3712 MiB, 0x0000000000000000, Not Active, Not Active
2026/09/17 21:55:43.116, 72, 63.76 W, 47 %, 3712 MiB, 0x0000000000000000, Not Active, Not Active
2026/09/17 21:55:45.154, 72, 58.94 W, 46 %, 3712 MiB, 0x0000000000000000, Not Active, Not Active
2026/09/17 21:55:47.190, 72, 63.27 W, 46 %, 3712 MiB, 0x0000000000000000, Not Active, Not Active
2026/09/17 21:55:49.227, 72, 58.74 W, 46 %, 3712 MiB, 0x0000000000000000, Not Active, Not Active
2026/09/17 21:55:51.266, 72, 59.10 W, 47 %, 3712 MiB, 0x0000000000000000, Not Active, Not Active
2026/09/17 21:55:53.302, 72, 63.68 W, 48 %, 3712 MiB, 0x0000000000000000, Not Active, Not Active
2026/09/17 21:55:55.339, 72, 60.77 W, 52 %, 3712 MiB, 0x0000000000000000, Not Active, Not Active
2026/09/17 21:55:57.375, 72, 58.55 W, 49 %, 3712 MiB, 0x0000000000000000, Not Active, Not Active
2026/09/17 21:55:59.413, 72, 60.02 W, 52 %, 3712 MiB, 0x0000000000000000, Not Active, Not Active
2026/09/17 21:56:01.452, 72, 61.11 W, 47 %, 3712 MiB, 0x0000000000000000, Not Active, Not Active
2026/09/17 21:56:03.489, 72, 61.19 W, 49 %, 3712 MiB, 0x0000000000000000, Not Active, Not Active
2026/09/17 21:56:05.526, 72, 63.44 W, 52 %, 3712 MiB, 0x0000000000000000, Not Active, Not Active
2026/09/17 21:56:07.563, 72, 63.76 W, 51 %, 3712 MiB, 0x0000000000000000, Not Active, Not Active
2026/09/17 21:56:09.600, 72, 60.05 W, 52 %, 3712 MiB, 0x0000000000000000, Not Active, Not Active
2026/09/17 21:56:11.638, 72, 59.43 W, 49 %, 3712 MiB, 0x0000000000000000, Not Active, Not Active
2026/09/17 21:56:13.675, 72, 61.57 W, 49 %, 3712 MiB, 0x0000000000000000, Not Active, Not Active
2026/09/17 21:56:15.710, 72, 59.58 W, 51 %, 3712 MiB, 0x0000000000000000, Not Active, Not Active
2026/09/17 21:56:17.747, 72, 62.05 W, 48 %, 3712 MiB, 0x0000000000000000, Not Active, Not Active
2026/09/17 21:56:19.783, 72, 61.68 W, 52 %, 3712 MiB, 0x0000000000000000, Not Active, Not Active
2026/09/17 21:56:21.818, 72, 59.00 W, 52 %, 3712 MiB, 0x0000000000000000, Not Active, Not Active
2026/09/17 21:56:23.854, 72, 61.51 W, 45 %, 3712 MiB, 0x0000000000000000, Not Active, Not Active
2026/09/17 21:56:25.889, 72, 63.97 W, 51 %, 3712 MiB, 0x0000000000000000, Not Active, Not Active
2026/09/17 21:56:27.926, 72, 57.44 W, 49 %, 3712 MiB, 0x0000000000000000, Not Active, Not Active
2026/09/17 21:56:29.964, 72, 61.29 W, 54 %, 3712 MiB, 0x0000000000000000, Not Active, Not Active
2026/09/17 21:56:32.001, 72, 61.51 W, 54 %, 3712 MiB, 0x0000000000000000, Not Active, Not Active
2026/09/17 21:56:34.035, 72, 58.65 W, 51 %, 3712 MiB, 0x0000000000000000, Not Active, Not Active
2026/09/17 21:56:36.073, 72, 61.07 W, 49 %, 3712 MiB, 0x0000000000000000, Not Active, Not Active
2026/09/17 21:56:38.110, 72, 60.85 W, 54 %, 3712 MiB, 0x0000000000000000, Not Active, Not Active
2026/09/17 21:56:40.147, 72, 63.89 W, 52 %, 3712 MiB, 0x0000000000000000, Not Active, Not Active
2026/09/17 21:56:42.183, 72, 61.48 W, 52 %, 3712 MiB, 0x0000000000000000, Not Active, Not Active
2026/09/17 21:56:44.221, 72, 61.42 W, 54 %, 3712 MiB, 0x0000000000000000, Not Active, Not Active
2026/09/17 21:56:46.257, 71, 53.73 W, 47 %, 3712 MiB, 0x0000000000000000, Not Active, Not Active
2026/09/17 21:56:48.294, 71, 53.20 W, 97 %, 3712 MiB, 0x0000000000000000, Not Active, Not Active
2026/09/17 21:56:50.330, 71, 53.90 W, 96 %, 3712 MiB, 0x0000000000000000, Not Active, Not Active
2026/09/17 21:56:52.367, 71, 55.88 W, 97 %, 3712 MiB, 0x0000000000000000, Not Active, Not Active
2026/09/17 21:56:54.402, 72, 61.48 W, 45 %, 3712 MiB, 0x0000000000000000, Not Active, Not Active
2026/09/17 21:56:56.436, 72, 59.60 W, 45 %, 3712 MiB, 0x0000000000000000, Not Active, Not Active
2026/09/17 21:56:58.476, 72, 58.65 W, 42 %, 3712 MiB, 0x0000000000000000, Not Active, Not Active
2026/09/17 21:57:00.511, 72, 61.04 W, 48 %, 3712 MiB, 0x0000000000000000, Not Active, Not Active
2026/09/17 21:57:02.548, 72, 61.04 W, 49 %, 3712 MiB, 0x0000000000000000, Not Active, Not Active
2026/09/17 21:57:04.585, 72, 60.12 W, 46 %, 3712 MiB, 0x0000000000000000, Not Active, Not Active
2026/09/17 21:57:06.623, 72, 61.04 W, 49 %, 3712 MiB, 0x0000000000000000, Not Active, Not Active
2026/09/17 21:57:08.659, 72, 57.18 W, 45 %, 3712 MiB, 0x0000000000000000, Not Active, Not Active
2026/09/17 21:57:10.697, 72, 59.37 W, 47 %, 3712 MiB, 0x0000000000000000, Not Active, Not Active
2026/09/17 21:57:12.734, 72, 60.14 W, 48 %, 3712 MiB, 0x0000000000000000, Not Active, Not Active
2026/09/17 21:57:14.772, 72, 61.44 W, 48 %, 3712 MiB, 0x0000000000000000, Not Active, Not Active
2026/09/17 21:57:16.809, 72, 59.53 W, 49 %, 3712 MiB, 0x0000000000000000, Not Active, Not Active
2026/09/17 21:57:18.848, 72, 59.99 W, 47 %, 3712 MiB, 0x0000000000000000, Not Active, Not Active
2026/09/17 21:57:20.885, 72, 64.22 W, 43 %, 3712 MiB, 0x0000000000000000, Not Active, Not Active
2026/09/17 21:57:22.924, 72, 61.45 W, 49 %, 3712 MiB, 0x0000000000000000, Not Active, Not Active
2026/09/17 21:57:24.961, 72, 61.67 W, 43 %, 3712 MiB, 0x0000000000000000, Not Active, Not Active
2026/09/17 21:57:26.999, 72, 61.53 W, 49 %, 3712 MiB, 0x0000000000000000, Not Active, Not Active
2026/09/17 21:57:29.036, 72, 59.39 W, 47 %, 3712 MiB, 0x0000000000000000, Not Active, Not Active
2026/09/17 21:57:31.073, 72, 57.26 W, 43 %, 3712 MiB, 0x0000000000000000, Not Active, Not Active
2026/09/17 21:57:33.109, 72, 62.33 W, 51 %, 3712 MiB, 0x0000000000000000, Not Active, Not Active
2026/09/17 21:57:35.147, 72, 58.90 W, 48 %, 3712 MiB, 0x0000000000000000, Not Active, Not Active
2026/09/17 21:57:37.183, 72, 61.21 W, 51 %, 3712 MiB, 0x0000000000000000, Not Active, Not Active
2026/09/17 21:57:39.221, 72, 61.31 W, 51 %, 3712 MiB, 0x0000000000000000, Not Active, Not Active
2026/09/17 21:57:41.257, 72, 59.65 W, 49 %, 3712 MiB, 0x0000000000000000, Not Active, Not Active
2026/09/17 21:57:43.294, 72, 63.96 W, 44 %, 3712 MiB, 0x0000000000000000, Not Active, Not Active
2026/09/17 21:57:45.329, 72, 61.54 W, 51 %, 3712 MiB, 0x0000000000000000, Not Active, Not Active
2026/09/17 21:57:47.363, 72, 61.48 W, 52 %, 3712 MiB, 0x0000000000000000, Not Active, Not Active
2026/09/17 21:57:49.400, 72, 63.85 W, 48 %, 3712 MiB, 0x0000000000000000, Not Active, Not Active
2026/09/17 21:57:51.438, 72, 63.07 W, 51 %, 3712 MiB, 0x0000000000000000, Not Active, Not Active
2026/09/17 21:57:53.476, 72, 59.80 W, 51 %, 3712 MiB, 0x0000000000000000, Not Active, Not Active
2026/09/17 21:57:55.510, 72, 64.06 W, 43 %, 3712 MiB, 0x0000000000000000, Not Active, Not Active
2026/09/17 21:57:57.547, 72, 61.90 W, 47 %, 3712 MiB, 0x0000000000000000, Not Active, Not Active
2026/09/17 21:57:59.585, 72, 63.18 W, 51 %, 3712 MiB, 0x0000000000000000, Not Active, Not Active
2026/09/17 21:58:01.621, 72, 61.36 W, 46 %, 3712 MiB, 0x0000000000000000, Not Active, Not Active
2026/09/17 21:58:03.658, 73, 61.69 W, 51 %, 3712 MiB, 0x0000000000000000, Not Active, Not Active
2026/09/17 21:58:05.695, 72, 59.32 W, 50 %, 3712 MiB, 0x0000000000000000, Not Active, Not Active
2026/09/17 21:58:07.733, 72, 61.37 W, 50 %, 3712 MiB, 0x0000000000000000, Not Active, Not Active
2026/09/17 21:58:09.770, 72, 61.42 W, 54 %, 3712 MiB, 0x0000000000000000, Not Active, Not Active
2026/09/17 21:58:11.805, 72, 63.74 W, 53 %, 3712 MiB, 0x0000000000000000, Not Active, Not Active
2026/09/17 21:58:13.842, 72, 63.26 W, 49 %, 3712 MiB, 0x0000000000000000, Not Active, Not Active
2026/09/17 21:58:15.879, 73, 61.41 W, 54 %, 3712 MiB, 0x0000000000000000, Not Active, Not Active
2026/09/17 21:58:17.916, 72, 61.04 W, 49 %, 3712 MiB, 0x0000000000000000, Not Active, Not Active
2026/09/17 21:58:19.953, 72, 61.65 W, 51 %, 3712 MiB, 0x0000000000000000, Not Active, Not Active
2026/09/17 21:58:21.992, 72, 61.67 W, 52 %, 3712 MiB, 0x0000000000000000, Not Active, Not Active
2026/09/17 21:58:24.026, 71, 51.94 W, 63 %, 3712 MiB, 0x0000000000000000, Not Active, Not Active
2026/09/17 21:58:26.065, 71, 52.60 W, 94 %, 3712 MiB, 0x0000000000000000, Not Active, Not Active
2026/09/17 21:58:28.102, 72, 61.78 W, 96 %, 3712 MiB, 0x0000000000000000, Not Active, Not Active
2026/09/17 21:58:30.139, 72, 63.47 W, 44 %, 3712 MiB, 0x0000000000000000, Not Active, Not Active
2026/09/17 21:58:32.178, 72, 63.66 W, 42 %, 3712 MiB, 0x0000000000000000, Not Active, Not Active
2026/09/17 21:58:34.214, 72, 64.21 W, 44 %, 3712 MiB, 0x0000000000000000, Not Active, Not Active
2026/09/17 21:58:36.249, 72, 62.64 W, 45 %, 3712 MiB, 0x0000000000000000, Not Active, Not Active
2026/09/17 21:58:38.285, 72, 61.72 W, 43 %, 3712 MiB, 0x0000000000000000, Not Active, Not Active
2026/09/17 21:58:40.321, 72, 60.20 W, 40 %, 3712 MiB, 0x0000000000000000, Not Active, Not Active
2026/09/17 21:58:42.356, 72, 63.58 W, 46 %, 3712 MiB, 0x0000000000000000, Not Active, Not Active
2026/09/17 21:58:44.393, 72, 61.47 W, 45 %, 3712 MiB, 0x0000000000000000, Not Active, Not Active
2026/09/17 21:58:46.430, 72, 59.94 W, 49 %, 3712 MiB, 0x0000000000000000, Not Active, Not Active
2026/09/17 21:58:48.467, 72, 61.51 W, 49 %, 3712 MiB, 0x0000000000000000, Not Active, Not Active
2026/09/17 21:58:50.504, 72, 59.88 W, 43 %, 3712 MiB, 0x0000000000000000, Not Active, Not Active
2026/09/17 21:58:52.541, 72, 61.43 W, 47 %, 3712 MiB, 0x0000000000000000, Not Active, Not Active
2026/09/17 21:58:54.578, 72, 60.47 W, 48 %, 3712 MiB, 0x0000000000000000, Not Active, Not Active
2026/09/17 21:58:56.614, 72, 61.35 W, 45 %, 3712 MiB, 0x0000000000000000, Not Active, Not Active
2026/09/17 21:58:58.651, 72, 61.38 W, 49 %, 3712 MiB, 0x0000000000000000, Not Active, Not Active
2026/09/17 21:59:00.689, 72, 64.11 W, 48 %, 3712 MiB, 0x0000000000000000, Not Active, Not Active
2026/09/17 21:59:02.726, 72, 57.55 W, 41 %, 3712 MiB, 0x0000000000000000, Not Active, Not Active
2026/09/17 21:59:04.764, 72, 60.60 W, 48 %, 3712 MiB, 0x0000000000000000, Not Active, Not Active
2026/09/17 21:59:06.801, 73, 60.93 W, 49 %, 3712 MiB, 0x0000000000000000, Not Active, Not Active
2026/09/17 21:59:08.838, 72, 59.35 W, 47 %, 3712 MiB, 0x0000000000000000, Not Active, Not Active
2026/09/17 21:59:10.875, 72, 61.20 W, 48 %, 3712 MiB, 0x0000000000000000, Not Active, Not Active
2026/09/17 21:59:12.912, 72, 64.41 W, 47 %, 3712 MiB, 0x0000000000000000, Not Active, Not Active
2026/09/17 21:59:14.949, 72, 59.93 W, 43 %, 3712 MiB, 0x0000000000000000, Not Active, Not Active
2026/09/17 21:59:16.988, 72, 61.12 W, 49 %, 3712 MiB, 0x0000000000000000, Not Active, Not Active
2026/09/17 21:59:19.025, 72, 62.18 W, 52 %, 3712 MiB, 0x0000000000000000, Not Active, Not Active
2026/09/17 21:59:21.062, 72, 58.96 W, 50 %, 3712 MiB, 0x0000000000000000, Not Active, Not Active
2026/09/17 21:59:23.098, 72, 61.56 W, 49 %, 3712 MiB, 0x0000000000000000, Not Active, Not Active
2026/09/17 21:59:25.136, 72, 58.88 W, 50 %, 3712 MiB, 0x0000000000000000, Not Active, Not Active
2026/09/17 21:59:27.172, 72, 59.11 W, 49 %, 3712 MiB, 0x0000000000000000, Not Active, Not Active
2026/09/17 21:59:29.210, 73, 61.84 W, 48 %, 3712 MiB, 0x0000000000000000, Not Active, Not Active
2026/09/17 21:59:31.245, 72, 61.73 W, 51 %, 3712 MiB, 0x0000000000000000, Not Active, Not Active
2026/09/17 21:59:33.280, 72, 59.81 W, 52 %, 3712 MiB, 0x0000000000000000, Not Active, Not Active
2026/09/17 21:59:35.315, 73, 64.16 W, 47 %, 3712 MiB, 0x0000000000000000, Not Active, Not Active
2026/09/17 21:59:37.351, 72, 61.60 W, 49 %, 3712 MiB, 0x0000000000000000, Not Active, Not Active
2026/09/17 21:59:39.386, 73, 59.79 W, 50 %, 3712 MiB, 0x0000000000000000, Not Active, Not Active
2026/09/17 21:59:41.423, 73, 59.98 W, 46 %, 3712 MiB, 0x0000000000000000, Not Active, Not Active
2026/09/17 21:59:43.458, 72, 61.95 W, 50 %, 3712 MiB, 0x0000000000000000, Not Active, Not Active
2026/09/17 21:59:45.498, 72, 59.96 W, 50 %, 3712 MiB, 0x0000000000000000, Not Active, Not Active
2026/09/17 21:59:47.534, 73, 62.77 W, 49 %, 3712 MiB, 0x0000000000000000, Not Active, Not Active
2026/09/17 21:59:49.571, 73, 61.90 W, 52 %, 3712 MiB, 0x0000000000000000, Not Active, Not Active
2026/09/17 21:59:51.605, 72, 58.59 W, 53 %, 3712 MiB, 0x0000000000000000, Not Active, Not Active
2026/09/17 21:59:53.642, 72, 60.92 W, 53 %, 3712 MiB, 0x0000000000000000, Not Active, Not Active
2026/09/17 21:59:55.679, 72, 40.62 W, 54 %, 3712 MiB, 0x0000000000000000, Not Active, Not Active
2026/09/17 21:59:57.716, 72, 55.58 W, 91 %, 3712 MiB, 0x0000000000000000, Not Active, Not Active
2026/09/17 21:59:59.752, 72, 61.62 W, 39 %, 3712 MiB, 0x0000000000000000, Not Active, Not Active
2026/09/17 22:00:01.787, 73, 64.01 W, 45 %, 3712 MiB, 0x0000000000000000, Not Active, Not Active
2026/09/17 22:00:03.823, 73, 63.35 W, 46 %, 3712 MiB, 0x0000000000000000, Not Active, Not Active
2026/09/17 22:00:05.858, 72, 64.11 W, 42 %, 3712 MiB, 0x0000000000000000, Not Active, Not Active
2026/09/17 22:00:07.894, 73, 63.13 W, 44 %, 3712 MiB, 0x0000000000000000, Not Active, Not Active
2026/09/17 22:00:09.931, 73, 62.46 W, 43 %, 3712 MiB, 0x0000000000000000, Not Active, Not Active
2026/09/17 22:00:11.970, 72, 56.66 W, 37 %, 3712 MiB, 0x0000000000000000, Not Active, Not Active
2026/09/17 22:00:14.012, 73, 64.28 W, 45 %, 3712 MiB, 0x0000000000000000, Not Active, Not Active
2026/09/17 22:00:16.047, 73, 63.95 W, 45 %, 3712 MiB, 0x0000000000000000, Not Active, Not Active
2026/09/17 22:00:18.082, 72, 59.05 W, 44 %, 3712 MiB, 0x0000000000000000, Not Active, Not Active
2026/09/17 22:00:20.117, 72, 62.25 W, 49 %, 3712 MiB, 0x0000000000000000, Not Active, Not Active
2026/09/17 22:00:22.152, 72, 58.54 W, 48 %, 3712 MiB, 0x0000000000000000, Not Active, Not Active
2026/09/17 22:00:24.189, 72, 59.60 W, 45 %, 3712 MiB, 0x0000000000000000, Not Active, Not Active
2026/09/17 22:00:26.226, 73, 62.81 W, 47 %, 3712 MiB, 0x0000000000000000, Not Active, Not Active
2026/09/17 22:00:28.263, 73, 62.54 W, 48 %, 3712 MiB, 0x0000000000000000, Not Active, Not Active
2026/09/17 22:00:30.300, 72, 60.37 W, 46 %, 3712 MiB, 0x0000000000000000, Not Active, Not Active
2026/09/17 22:00:32.338, 73, 59.88 W, 47 %, 3712 MiB, 0x0000000000000000, Not Active, Not Active
2026/09/17 22:00:34.375, 72, 59.94 W, 44 %, 3712 MiB, 0x0000000000000000, Not Active, Not Active
2026/09/17 22:00:36.413, 72, 61.47 W, 47 %, 3712 MiB, 0x0000000000000000, Not Active, Not Active
2026/09/17 22:00:38.449, 73, 63.34 W, 48 %, 3712 MiB, 0x0000000000000000, Not Active, Not Active
2026/09/17 22:00:40.486, 73, 62.01 W, 48 %, 3712 MiB, 0x0000000000000000, Not Active, Not Active
2026/09/17 22:00:42.527, 72, 59.39 W, 46 %, 3712 MiB, 0x0000000000000000, Not Active, Not Active
2026/09/17 22:00:44.562, 72, 62.69 W, 47 %, 3712 MiB, 0x0000000000000000, Not Active, Not Active
2026/09/17 22:00:46.597, 73, 64.43 W, 46 %, 3712 MiB, 0x0000000000000000, Not Active, Not Active
2026/09/17 22:00:48.633, 70, 40.45 W, 47 %, 103 MiB, 0x0000000000000000, Not Active, Not Active
